tier,semantic_overall,semantic_experience,semantic_projects,semantic_skills_context,semantic_education,keyword_score,required_skill_coverage,preferred_skill_coverage,tfidf_similarity,skill_count,required_skill_count,matched_required_count,missing_required_count,experience_relevance,project_relevance,education_relevance,relevance_label
LOW,0.09600158937595045,0.15603768504046703,0.17124676668724756,0.0,0.0,0.1626108386611043,0.21534084838007425,0.06837574076564178,0.0986559073996569,3,6,1,5,0.15603768504046703,0.17124676668724756,0.0,8.04
MEDIUM,0.585268944836164,0.6226696922163276,0.516525547805505,0.6147690075627639,0.31380000130241487,0.5326267939531182,0.681767545196091,0.3400148178027494,0.2778165163745687,12,7,5,2,0.6226696922163276,0.516525547805505,0.31380000130241487,55.76
LOW,0.16478664495117706,0.20737137979544495,0.19402217010030334,0.19780525387885614,0.1584327517666122,0.29787444326983625,0.45699771210445533,0.05935849836153845,0.05902058167427702,5,6,3,3,0.20737137979544495,0.19402217010030334,0.1584327517666122,31.37
HIGH,0.6159843523037472,0.550025855048448,0.6680317753297232,0.6754446860000225,0.48550447344314246,0.7601424463921891,0.8467592234169045,0.696432264613344,0.5640022970968874,19,8,7,1,0.550025855048448,0.6680317753297232,0.48550447344314246,71.96
HIGH,0.7067579069488891,0.7298874588440878,0.7572609650159723,0.5901854413604357,0.4627634132284922,0.7252635846347717,0.8623701876565764,0.5222244303513316,0.516982929852798,16,11,9,2,0.7298874588440878,0.7572609650159723,0.4627634132284922,83.22
MEDIUM,0.409813796401707,0.42283404161010746,0.4567115829104493,0.4667119227851354,0.3662043810011874,0.43071209294122964,0.4976912391627344,0.25752964146708657,0.40295710575085847,6,8,4,4,0.42283404161010746,0.4567115829104493,0.3662043810011874,24.94
HIGH,0.7497160744053764,0.7611101332910216,0.8049549027307978,0.7155358626984536,0.5406552211914348,0.8086170830230006,0.950047231517387,0.5881306920559524,0.6048130285068894,16,7,7,0,0.7611101332910216,0.8049549027307978,0.5406552211914348,81.54
LOW,0.2486972480785582,0.21114506086234028,0.2496967775767732,0.2871569807910309,0.21874119125798513,0.19916524516314568,0.27984621307673435,0.09015145154905764,0.0661361350364677,3,8,2,6,0.21114506086234028,0.2496967775767732,0.21874119125798513,3.99
HIGH,0.6002753172398517,0.6322572553777267,0.5278369928110469,0.5700223129167006,0.5501155518465027,0.7699931278074981,0.871498882315086,0.7975031136934173,0.4379658783988148,16,8,7,1,0.6322572553777267,0.5278369928110469,0.5501155518465027,74.63
MEDIUM,0.2427215492169182,0.2774754407005868,0.2617403974035004,0.19518955276117464,0.02529929901299724,0.45089617640420904,0.5608194261570805,0.2441014581872395,0.32792114536256445,11,8,4,4,0.2774754407005868,0.2617403974035004,0.02529929901299724,24.42
HIGH,0.7179275634956316,0.7355272982133728,0.8266625695148665,0.7847364631687979,0.538236400361893,0.7770954410410921,1.0,0.41224738913542985,0.47322981607003034,13,6,6,0,0.7355272982133728,0.8266625695148665,0.538236400361893,72.6
MEDIUM,0.4233332763481472,0.3056687727879346,0.34208694985154386,0.44841438414416285,0.38014595023314113,0.7662061052911778,0.849509633753768,0.9327724932014659,0.34972913199311956,11,6,5,1,0.3056687727879346,0.34208694985154386,0.38014595023314113,66.13
HIGH,0.6584642739820314,0.6094965300572468,0.6472010030687206,0.743742692445043,0.47662984853195645,0.6907669870362059,0.8873092130369049,0.4428692494348377,0.3490380466354772,15,7,6,1,0.6094965300572468,0.6472010030687206,0.47662984853195645,84.68
LOW,0.29827395110230576,0.2583303032191736,0.2034784497889438,0.221064610123716,0.13626915931803868,0.31023791441062565,0.45541636789221973,0.01786133207756139,0.1670791362989076,5,6,3,3,0.2583303032191736,0.2034784497889438,0.13626915931803868,32.77
MEDIUM,0.4451084968637479,0.3927254812293967,0.48079427298231436,0.4087098184364855,0.18901537142789873,0.38978732517396947,0.35830936385205714,0.3845175835444239,0.4894909507692522,8,8,3,5,0.3927254812293967,0.48079427298231436,0.18901537142789873,32.5
HIGH,0.7219382501363856,0.6890640716696866,0.8104413469411766,0.7562387652133147,0.658932374295069,0.7069806709359355,0.9146587549777525,0.40510619365589995,0.3858208960905202,21,11,10,1,0.6890640716696866,0.8104413469411766,0.658932374295069,76.43
HIGH,0.8461444292242202,0.7575807746607411,0.774566267707754,0.8976105727993438,0.5528405881709951,0.7813182236276305,0.8995902506623943,0.6173114202950976,0.5905089458558721,20,11,10,1,0.7575807746607411,0.774566267707754,0.5528405881709951,90.64
HIGH,0.6951281598069882,0.6276697381835585,0.597623114973098,0.6248759704526881,0.4531773677948105,0.7716427691457721,0.9732722033884811,0.3847214564520872,0.5536757791113301,14,7,7,0,0.6276697381835585,0.597623114973098,0.4531773677948105,84.9
MEDIUM,0.6104877728931293,0.5981273185531373,0.5548123639594731,0.5925790675426893,0.4515911201523126,0.43468783413056833,0.5764860037680567,0.13312238555332667,0.3108587737953449,14,8,5,3,0.5981273185531373,0.5548123639594731,0.4515911201523126,62.46
LOW,0.1712616638450824,0.05418630369812215,0.12400510272800348,0.19651006413230965,0.24046852678038105,0.07442303488110427,0.112509939470767,0.034585355993220344,0.0,1,8,1,7,0.05418630369812215,0.12400510272800348,0.24046852678038105,0.0
MEDIUM,0.5848632876951174,0.5773222833549129,0.4442450163865869,0.46749966806383814,0.622329012589412,0.3443464692268632,0.3568866128088954,0.13064288430907203,0.5204296233985577,7,14,5,9,0.5773222833549129,0.4442450163865869,0.622329012589412,31.16
HIGH,0.8728697644405592,0.7939211981663001,0.8532475367651904,0.9350567705254987,0.6544854425550533,0.723594090599434,0.8699075143015921,0.6232354070967918,0.38501250299560225,16,8,7,1,0.7939211981663001,0.8532475367651904,0.6544854425550533,87.39
HIGH,0.7471538522545138,0.8281711176801001,0.7595881984679911,0.7752943649264501,0.5283232313359464,0.7587375918068334,0.9000067514473131,0.5056883932914306,0.587979311400797,20,8,7,1,0.8281711176801001,0.7595881984679911,0.5283232313359464,90.09
MEDIUM,0.3584331348366279,0.2694402170779545,0.45372457108373715,0.379453072848399,0.2989175347248006,0.3509908885517946,0.28831210195387114,0.5354876963116362,0.3545304405857235,7,6,2,4,0.2694402170779545,0.45372457108373715,0.2989175347248006,27.61
MEDIUM,0.41493945770357343,0.4066603962582966,0.3947812674470226,0.4271444586717709,0.4376068176918171,0.22376302784873464,0.16500123386030544,0.3026299470980631,0.32118149056469364,5,9,1,8,0.4066603962582966,0.3947812674470226,0.4376068176918171,10.05
MEDIUM,0.6572820256997022,0.5345731133064111,0.7263882667955572,0.6310000078498706,0.4539649834069068,0.38306195741518456,0.3920652233944077,0.28310876552882464,0.456005351363875,12,9,4,5,0.5345731133064111,0.7263882667955572,0.4539649834069068,46.89
MEDIUM,0.659272143140135,0.694391595839199,0.7255111972838998,0.6355464668573584,0.468145081784015,0.40853592633201247,0.4453864265049585,0.5479167869189706,0.15860356522621613,10,10,4,6,0.694391595839199,0.7255111972838998,0.468145081784015,51.3
HIGH,0.8820646157646801,0.9405265910557716,0.7563013953124208,0.876708361932824,0.5002445117757944,0.8308725163590324,0.858537612610698,0.9522456866553444,0.6265040573077235,16,7,6,1,0.9405265910557716,0.7563013953124208,0.5002445117757944,92.35
MEDIUM,0.3694631667124103,0.3944239244365098,0.461888129600946,0.41816408449036546,0.029495265838877183,0.5002077153909712,0.595655009354539,0.3644067146465156,0.34966683424472317,9,11,7,4,0.3944239244365098,0.461888129600946,0.029495265838877183,31.14
HIGH,0.5418405600546057,0.6599164838988864,0.5713090890706584,0.609567278922078,0.3221940258860445,0.8673885918412317,0.9651010951972968,0.8636943111978077,0.5779453624164602,20,8,8,0,0.6599164838988864,0.5713090890706584,0.3221940258860445,73.83
HIGH,0.684747746754764,0.7154192559030437,0.7647336865075876,0.6000648601964913,0.466822519696377,0.7905224704325298,1.0,0.5012823542374872,0.4513299979251616,19,8,8,0,0.7154192559030437,0.7647336865075876,0.466822519696377,80.66
LOW,0.2856793982566527,0.3530250036078576,0.33000871836258017,0.47189164628433944,0.17945940989305242,0.06476189633503361,0.0,0.2604254361517141,0.06338404552345396,4,8,0,8,0.3530250036078576,0.33000871836258017,0.17945940989305242,0.0
HIGH,0.5398722062881146,0.4763413030860807,0.5750431347694741,0.5818072337131363,0.4055379623345356,0.6210875861572298,0.7869787292886107,0.18797931267347118,0.5565224302468459,14,7,6,1,0.4763413030860807,0.5750431347694741,0.4055379623345356,61.65
LOW,0.1337625040911746,0.14482181865586916,0.1945731509212429,0.15209941402038007,0.14664022342396887,0.10881971434325063,0.11543920845561413,0.08203885861685416,0.11574208773255659,2,10,1,9,0.14482181865586916,0.1945731509212429,0.14664022342396887,5.0
HIGH,0.6882457832671869,0.7546073066291127,0.5288009535828544,0.5845279970212061,0.3335535085427487,0.6588422622345402,0.7133107104121357,0.5143471119689647,0.6399320679673289,14,7,5,2,0.7546073066291127,0.5288009535828544,0.3335535085427487,73.39
LOW,0.19308620652738606,0.30137307769293786,0.2004563392021148,0.1260943486211891,0.0757203093492967,0.02991042701145493,0.022335618492198065,0.011186614626634762,0.07135866495404568,3,10,0,10,0.30137307769293786,0.2004563392021148,0.0757203093492967,0.0
HIGH,0.5959456060842465,0.6339213731613027,0.5854586740292284,0.4494731400164441,0.5099916234158209,0.7039298983792861,0.8515999429753015,0.5432199523252891,0.42162971064523724,16,7,6,1,0.6339213731613027,0.5854586740292284,0.5099916234158209,70.74
MEDIUM,0.49343062247146124,0.5990835549137146,0.4660077304023109,0.3752819971238027,0.45212367738722115,0.48395081301072146,0.5002767741854118,0.5729184889154754,0.34600525358189643,11,8,4,4,0.5990835549137146,0.4660077304023109,0.45212367738722115,51.74
HIGH,0.7069381135132778,0.7197533609786438,0.7930373261105887,0.63928523089189,0.52816371672112,0.7713140604137313,0.8979309721636916,0.7127816422915108,0.44999574328607134,10,5,4,1,0.7197533609786438,0.7930373261105887,0.52816371672112,74.48
HIGH,0.6706808413351237,0.8256593343294851,0.7591603109277076,0.5937135520277935,0.5042474341796823,0.7535335067195498,0.867433741091974,0.593127232391981,0.5722390779298459,17,9,8,1,0.8256593343294851,0.7591603109277076,0.5042474341796823,83.68
MEDIUM,0.4507606874834722,0.6585745856111388,0.4686070668934942,0.565417848011966,0.32468449905575136,0.5059088288560332,0.6371165642994695,0.33864336112146165,0.27955109026029545,10,6,4,2,0.6585745856111388,0.4686070668934942,0.32468449905575136,43.95
MEDIUM,0.5234983092660078,0.5767451281710821,0.6103212696216807,0.5528208218449863,0.3378239431306363,0.5109631109270897,0.6180948368963044,0.28826538889071746,0.4122656550558179,6,4,2,2,0.5767451281710821,0.6103212696216807,0.3378239431306363,39.63
LOW,0.336386222981391,0.4080010215391259,0.27882780431860776,0.21618594649811923,0.0,0.17623477201721674,0.13478053904808387,0.34204150122474025,0.1347907417170918,4,7,1,6,0.4080010215391259,0.27882780431860776,0.0,6.29
MEDIUM,0.4619372967618886,0.4550492446162047,0.525201786497095,0.4895089148607728,0.3901887095441217,0.4730535976786294,0.4467441576653861,0.5295630816821096,0.495472433714879,7,6,3,3,0.4550492446162047,0.525201786497095,0.3901887095441217,54.86
HIGH,0.8403821392066556,0.8049792822552809,0.9567857853083125,0.8509010045510917,0.6140903797769284,0.8029422506000342,1.0,0.5776459045111658,0.437065348489005,17,7,7,0,0.8049792822552809,0.9567857853083125,0.6140903797769284,79.27
HIGH,0.6461228682382256,0.7379478810969107,0.4545820438461879,0.5831976062298921,0.2836391926433477,0.745946182648094,0.8339016426908838,0.6995331802217887,0.5284928049460295,16,7,6,1,0.7379478810969107,0.4545820438461879,0.2836391926433477,72.62
MEDIUM,0.5348219569078861,0.5878352345387249,0.5656249919203742,0.5793446323279872,0.40401716991638625,0.6323028331636658,0.8552609954096602,0.332581165789498,0.26315001379985076,8,6,5,1,0.5878352345387249,0.5656249919203742,0.40401716991638625,57.84
MEDIUM,0.3883474752275772,0.3172436901691037,0.3826930446954115,0.4150910855073943,0.27695743851452015,0.44485511172734715,0.4351697083855431,0.5300369128039927,0.3887295206761137,8,8,3,5,0.3172436901691037,0.3826930446954115,0.27695743851452015,35.89
HIGH,0.5551872740584952,0.5497488535797428,0.5761501390244457,0.48321169113947493,0.40761543112469095,0.7935667643495394,0.7836142011793769,0.9172372200024342,0.6997539982071318,18,7,5,2,0.5497488535797428,0.5761501390244457,0.40761543112469095,55.21
LOW,0.17062210798478702,0.08485146627063829,0.22777382659523973,0.33040583044462657,0.0017740036464207187,0.13018946064805867,0.09950439150977688,0.12354483683099304,0.22888929187996968,3,6,1,5,0.08485146627063829,0.22777382659523973,0.0017740036464207187,15.09
LOW,0.1576086247580162,0.02546789290367482,0.05512308821034964,0.12372009624114914,0.058267196045070226,0.20334048711467917,0.29751215453043733,0.12416597198208382,0.0,4,9,3,6,0.02546789290367482,0.05512308821034964,0.058267196045070226,17.01
MEDIUM,0.3736061660277317,0.41689669489209424,0.4346402846146866,0.40945411514262803,0.09296458448093137,0.4726974042046849,0.6307051659892376,0.14313838966512016,0.3282331333905916,8,5,3,2,0.41689669489209424,0.4346402846146866,0.09296458448093137,37.84
LOW,0.27138201364823994,0.29071357538238,0.22226386953680816,0.38747632156992506,0.1459021673967937,0.15777536653342147,0.20385292087651216,0.1268913447678601,0.05042672526971092,3,9,2,7,0.29071357538238,0.22226386953680816,0.1459021673967937,9.03
LOW,0.0959413947487567,0.0,0.22481635434970826,0.2998876309573169,0.02663204977919649,0.029210753278630423,0.0,0.06895160238040562,0.07710216401274647,0,8,0,8,0.0,0.22481635434970826,0.02663204977919649,0.0
MEDIUM,0.2706713256216832,0.32660706415727425,0.4348861241773545,0.284428152216648,0.15573741172832764,0.43029386284989224,0.5286995178388718,0.47305135339371224,0.09231940733913381,9,8,4,4,0.32660706415727425,0.4348861241773545,0.15573741172832764,39.33
HIGH,0.8667887611119519,0.7784895052893913,0.9137694944561753,0.8923407822152503,0.519847407991888,0.8292447660729587,0.9141916891709553,0.8925037673663201,0.511144995485608,16,5,5,0,0.7784895052893913,0.9137694944561753,0.519847407991888,86.53
HIGH,0.6918412230314879,0.5553890457502465,0.5625885558858337,0.7304065698735299,0.4320169865050734,0.6948229071835199,0.6948204526543547,0.806968807321627,0.5826843706329088,13,7,5,2,0.5553890457502465,0.5625885558858337,0.4320169865050734,75.48
HIGH,0.9382602282684073,0.9718753161664022,0.9692764795693685,0.924905993859722,0.7384597465079641,0.8475613399552244,0.9500068160998523,0.900345001713039,0.4874412497635259,17,7,7,0,0.9718753161664022,0.9692764795693685,0.7384597465079641,100.0
HIGH,0.6541159506850699,0.6201340524616226,0.6792421285946538,0.6344550306840377,0.5530865307935379,0.6200684961585353,0.7198578167504763,0.4846589906166211,0.45611003992462656,9,3,2,1,0.6201340524616226,0.6792421285946538,0.5530865307935379,58.69
MEDIUM,0.5835559069992317,0.5639510549039755,0.5010908093775394,0.5789995437021493,0.5134064970435971,0.349145886215382,0.4036061775827643,0.16788502321571025,0.3670258751129068,8,8,3,5,0.5639510549039755,0.5010908093775394,0.5134064970435971,34.66
HIGH,0.5964921885959359,0.5955254165328745,0.5796369874468833,0.49922091466760543,0.26119673723028625,0.7743431316449287,0.954859922821973,0.5798095235564044,0.4273263662023205,19,8,8,0,0.5955254165328745,0.5796369874468833,0.26119673723028625,62.41
MEDIUM,0.3392536269725679,0.45614793631019424,0.3618605856061116,0.400639006209466,0.12346144696817445,0.37855290383701184,0.38206961870942113,0.43956274334454204,0.30699291971225356,9,9,3,6,0.45614793631019424,0.3618605856061116,0.12346144696817445,28.44
HIGH,0.7777767389084925,0.8423374014640501,0.648186979357151,0.597995254481224,0.6446182570010954,0.7515498339389444,0.9950180074609549,0.4458753960973325,0.3268197512145246,19,8,8,0,0.8423374014640501,0.648186979357151,0.6446182570010954,93.93
HIGH,0.6628283303414304,0.5913778806146414,0.6637444336750827,0.6388871540306099,0.36247304066611963,0.9372651684053304,1.0,1.0,0.6863258420266515,20,6,6,0,0.5913778806146414,0.6637444336750827,0.36247304066611963,92.1
MEDIUM,0.5999598320452533,0.6507895234741554,0.6591609709496001,0.6509123347150301,0.45405102323188784,0.2894712344097668,0.28245833054287256,0.3667242154821114,0.23325696493810497,9,5,1,4,0.6507895234741554,0.6591609709496001,0.45405102323188784,43.93
HIGH,0.7255213416855875,0.8335713513618,0.7264855961337335,0.7417451238374098,0.39851780213371285,0.7702073689488937,0.9317593043599072,0.6620771856848835,0.39368174597986433,17,8,7,1,0.8335713513618,0.7264855961337335,0.39851780213371285,92.94
MEDIUM,0.45137345269097595,0.4712764374750626,0.4549104429393118,0.43514033390733214,0.20771869714485441,0.3865538278151203,0.5273422183589607,0.2007803486694973,0.14996213532922242,10,9,5,4,0.4712764374750626,0.4549104429393118,0.20771869714485441,21.81
HIGH,0.7995701385899923,0.884308037701698,0.8816370860208114,0.8026831951421091,0.4751945642160795,0.7508693733015913,0.8133040938113552,0.7189209809500715,0.5955136041238196,21,11,9,2,0.884308037701698,0.8816370860208114,0.4751945642160795,77.41
LOW,0.16808934029891023,0.1854678358837522,0.1519226806677579,0.12185781165269777,0.14295101970622703,0.11613696629278361,0.13952507103072675,0.0371933916274626,0.12491622674427517,2,7,1,6,0.1854678358837522,0.1519226806677579,0.14295101970622703,5.27
LOW,0.1518758876134588,0.26689804280677576,0.05890952659471582,0.0,0.0,0.16083248802737224,0.20349319358920032,0.1030917278032699,0.09059113156599033,3,10,2,8,0.26689804280677576,0.05890952659471582,0.0,8.33
MEDIUM,0.31466630821299435,0.28428178726980274,0.2544349548347047,0.24311862452679206,0.18764021524679203,0.6539066011501427,0.7641227925526758,0.7174773350975041,0.2596872929951823,16,12,9,3,0.28428178726980274,0.2544349548347047,0.18764021524679203,63.49
LOW,0.21310578260461444,0.2423437404160412,0.46741407695401727,0.28120862859219753,0.07844759482808374,0.21469519299175557,0.31627974443310297,0.06381674629156585,0.06081998536790327,4,10,3,7,0.2423437404160412,0.46741407695401727,0.07844759482808374,13.59
HIGH,0.7336583126605434,0.7676555844554354,0.5787009580441101,0.786984126149306,0.4153588768793503,0.7104487358183479,0.7846160691552471,0.6383177512282635,0.5600777203977345,17,7,5,2,0.7676555844554354,0.5787009580441101,0.4153588768793503,64.8
MEDIUM,0.37981510380803996,0.3760881221808928,0.40212424657981904,0.29918366783815636,0.3382988404112508,0.34866401858059426,0.559450355250205,0.0,0.06496902715235628,7,8,4,4,0.3760881221808928,0.40212424657981904,0.3382988404112508,26.38
LOW,0.22255598395101808,0.29836795273888206,0.13366759187761343,0.1287982565189545,0.046456802976974396,0.19879951659724365,0.23467000006024483,0.22449473786464458,0.06549284494083916,2,3,1,2,0.29836795273888206,0.13366759187761343,0.046456802976974396,16.93
MEDIUM,0.40099336472943287,0.40407985456790624,0.3760536582636371,0.48494053357290545,0.21309362474246607,0.3646909955097927,0.4206523060786686,0.4457751077040923,0.11572295160886568,10,9,4,5,0.40407985456790624,0.3760536582636371,0.21309362474246607,29.15
HIGH,0.6377792554705282,0.8026031091124545,0.6197447395322803,0.53561793987291,0.45343743692885224,0.707798795672531,0.8139003839744986,0.49964883043729996,0.597643996001859,15,9,7,2,0.8026031091124545,0.6197447395322803,0.45343743692885224,73.59
LOW,0.34363017565632914,0.3859832482263869,0.45270447262318503,0.19316630141840452,0.20875046809658412,0.09081695126011335,0.09595936924118886,0.11192258611273921,0.05428406246426102,5,8,1,7,0.3859832482263869,0.45270447262318503,0.20875046809658412,9.75
MEDIUM,0.42212768040909177,0.42818474344563845,0.4226090148439775,0.4579936056869445,0.41202012984108194,0.6347993883255207,0.7971090996404995,0.41192401638183335,0.3707456263242722,10,6,5,1,0.42818474344563845,0.4226090148439775,0.41202012984108194,60.57
HIGH,0.721160973279505,0.7920724900449412,0.7604223099990105,0.8171854739402508,0.5337485969913646,0.7060258661094446,0.8715441347543172,0.7171682513866048,0.19832867489766698,12,9,8,1,0.7920724900449412,0.7604223099990105,0.5337485969913646,69.36
HIGH,0.7477529337266795,0.6547586313154851,0.6907847703763644,0.85739621281581,0.47502404045140795,0.8497160741180966,1.0,0.6496160293647308,0.598964341225752,21,11,11,0,0.6547586313154851,0.6907847703763644,0.47502404045140795,80.37
MEDIUM,0.4457267116571891,0.33654737948106384,0.42526014594992323,0.38635134413739414,0.40444447387877575,0.44925487237582845,0.5551917811277884,0.293440850170486,0.28725816832529083,10,8,4,4,0.33654737948106384,0.42526014594992323,0.40444447387877575,29.33
LOW,0.31046792154025304,0.2774809717638746,0.19712055413250312,0.3459729382909014,0.2636645256814458,0.06614746526564326,0.016314169129195245,0.12294817154636063,0.1588466473942699,3,9,0,9,0.2774809717638746,0.19712055413250312,0.2636645256814458,0.0
LOW,0.16973802405295535,0.13111481135498376,0.23938247280653346,0.28807998490689374,0.2982536222971046,0.258115005724243,0.35777694458070863,0.08902658183698163,0.12821761304210746,6,10,4,6,0.13111481135498376,0.23938247280653346,0.2982536222971046,12.92
MEDIUM,0.44288608247688815,0.3845431275669952,0.4097282372100195,0.49359891269558753,0.3103195868538173,0.5084258724966954,0.6010314965302507,0.48401584844043793,0.25501902445228686,13,10,6,4,0.3845431275669952,0.4097282372100195,0.3103195868538173,32.09
HIGH,0.6499255256243084,0.5175178981694937,0.5663220288574042,0.5682419127700427,0.4601651998027692,0.7682547441997364,0.878091959556301,0.5826336064718814,0.6243642358578975,18,9,8,1,0.5175178981694937,0.5663220288574042,0.4601651998027692,79.3
MEDIUM,0.19704559898670687,0.16789053880554997,0.022628793827548954,0.19993039313053051,0.13746862206826024,0.6064698815979728,0.706829841218452,0.5875268785442241,0.32433300579028407,13,7,5,2,0.16789053880554997,0.022628793827548954,0.13746862206826024,40.87
LOW,0.2986136316960768,0.2539919240169229,0.36306792283547684,0.352805741191461,0.1135503604741716,0.24572251833704545,0.3168672953860881,0.16985663453715052,0.1081540709898126,3,6,2,4,0.2539919240169229,0.36306792283547684,0.1135503604741716,14.39
LOW,0.10443748325986021,0.1394384631494498,0.0050970409495888075,0.0881119965047523,0.08407101373930301,0.33960160350808416,0.49341561740707,0.0,0.2177611653192107,5,8,4,4,0.1394384631494498,0.0050970409495888075,0.08407101373930301,13.77
MEDIUM,0.4315577874765579,0.5478818019931545,0.3950400959385801,0.5221365532508977,0.23765373921228822,0.4226194010206159,0.540962223039807,0.13560748954195612,0.35460284644170237,10,11,6,5,0.5478818019931545,0.3950400959385801,0.23765373921228822,30.98
HIGH,0.6770707346447692,0.549647193867047,0.604040495707263,0.6952136183335,0.605850834025478,0.8509838003566546,1.0,0.5326829829858198,0.7222360187974528,17,8,8,0,0.549647193867047,0.604040495707263,0.605850834025478,84.67
HIGH,0.7110395725612219,0.6783729195350883,0.5991907997773138,0.5875495563594553,0.563052189120978,0.7430789747309948,0.877863992793143,0.5307822200687667,0.5510206752067784,18,10,9,1,0.6783729195350883,0.5991907997773138,0.563052189120978,74.5
LOW,0.19329215704487226,0.3196269972834028,0.23285668947070054,0.27118523795239946,0.2595005096127917,0.2632226870765756,0.3356119179685417,0.16140991771126237,0.14786776376599065,4,9,3,6,0.3196269972834028,0.23285668947070054,0.2595005096127917,17.81
LOW,0.12054005448749451,0.22482525991214153,0.1877576675030303,0.23953191766236354,0.057210599772516926,0.07386184024251508,0.06173013904678791,0.07595628029296572,0.10816250377924594,2,8,0,8,0.22482525991214153,0.1877576675030303,0.057210599772516926,0.0
MEDIUM,0.3313647420678473,0.3673901243113523,0.3316134260826982,0.27137967500508586,0.20837238323000778,0.4751301674545706,0.5223736380227167,0.2959689741325807,0.512560949072122,9,8,4,4,0.3673901243113523,0.3316134260826982,0.20837238323000778,17.61
LOW,0.17369265755436472,0.1188244434602333,0.28422926502458845,0.16049763552266724,0.2504292852198805,0.163766547216658,0.20740455608604416,0.10372278364215767,0.09289628418299993,6,8,2,6,0.1188244434602333,0.28422926502458845,0.2504292852198805,0.0
HIGH,0.6456829168943886,0.6468451474493941,0.7008912708755096,0.6835298927365866,0.41355345053801496,0.8745393013522315,0.981523495459341,0.8560390806305462,0.572086939752588,22,10,10,0,0.6468451474493941,0.7008912708755096,0.41355345053801496,80.74
MEDIUM,0.46327357470944136,0.4633807624498003,0.5811098604846073,0.2672038044262344,0.18252308528065195,0.3325226396491697,0.37193943604384455,0.2773478704862389,0.2694470196280764,5,5,2,3,0.4633807624498003,0.5811098604846073,0.18252308528065195,34.21
LOW,0.3801741947747147,0.34723424135994274,0.3510875315501708,0.28823787499965114,0.07530889501977356,0.1302699784071136,0.18597437763097713,0.00021480167559743136,0.09321195746703922,1,5,1,4,0.34723424135994274,0.3510875315501708,0.07530889501977356,14.98
HIGH,0.7417471958742015,0.6361080771416385,0.8101220542850464,0.6777302601460534,0.5825088285726716,0.7168450986492603,0.8991489058705445,0.37472250018441045,0.5120562754502574,17,9,8,1,0.6361080771416385,0.8101220542850464,0.5825088285726716,77.18
MEDIUM,0.5709012925183871,0.5503689632064068,0.6309110374893426,0.725604771333442,0.5956793648411737,0.34805673716130164,0.3658000178766254,0.16469337776856985,0.47819025440806207,3,6,2,4,0.5503689632064068,0.6309110374893426,0.5956793648411737,30.44
HIGH,0.6897603293388903,0.637715239706443,0.6358233324009296,0.6327733641858736,0.3948812676713289,0.873182660153136,1.0,0.709502214237111,0.6564110865285687,17,7,7,0,0.637715239706443,0.6358233324009296,0.3948812676713289,80.68
HIGH,0.5621990723152134,0.4173495779167818,0.38221637007908477,0.4665703543713652,0.5260349185588125,0.8393531962886589,0.8964451065836516,0.9081127524642348,0.5993179092281051,18,10,9,1,0.4173495779167818,0.38221637007908477,0.5260349185588125,81.44
HIGH,0.6423352707766307,0.687098500425924,0.6876302914626173,0.5983710610862241,0.3373578463165419,0.734470298596685,0.8052697334481382,0.6673011083842924,0.5892411842547178,15,6,5,1,0.687098500425924,0.6876302914626173,0.3373578463165419,73.47
HIGH,0.8551880120122488,0.9573464785880923,0.7750846973917253,0.9898749087752906,0.5455339579530026,0.822981774956889,0.9835898249963543,0.6635973252102177,0.500542074585164,14,4,4,0,0.9573464785880923,0.7750846973917253,0.5455339579530026,81.01
MEDIUM,0.6320151188567098,0.5682622397129746,0.6561727782582515,0.5739837970960717,0.3795621101860179,0.5699145458804913,0.6661742055798058,0.3422923476313175,0.5087577650317214,12,7,5,2,0.5682622397129746,0.6561727782582515,0.3795621101860179,60.02
HIGH,0.6552842342670053,0.6513195272628787,0.6460443239230905,0.5883996650793424,0.524907117445079,0.8718413157580076,0.9520199204462692,0.7687109389811133,0.7344358784701174,20,11,10,1,0.6513195272628787,0.6460443239230905,0.524907117445079,85.25
MEDIUM,0.45280263793374664,0.40482268200423743,0.5824082626646307,0.4818984899611837,0.2951589337431804,0.449087209190307,0.7290427857784566,0.0,0.058307688616165226,10,10,7,3,0.40482268200423743,0.5824082626646307,0.2951589337431804,47.69
HIGH,0.6976766289149633,0.8579573817470707,0.7636125984986323,0.7112531525263882,0.44446824922998046,0.6820759576443762,0.8684341718504485,0.2241604221599965,0.5809168505105393,13,10,9,1,0.8579573817470707,0.7636125984986323,0.44446824922998046,69.09
HIGH,0.6034648805191236,0.6077434106648756,0.4367127081200457,0.6526065155876888,0.4978109233567547,0.6448046883507892,0.879911792957047,0.15385829800309167,0.4304297648797133,10,10,9,1,0.6077434106648756,0.4367127081200457,0.4978109233567547,65.33
HIGH,0.7804570301584837,0.7264479139870068,0.8127733518173326,0.8256938636920111,0.7299425050839405,0.7496592299894281,0.8837646445059704,0.7252088739245223,0.37179334250470775,17,10,9,1,0.7264479139870068,0.8127733518173326,0.7299425050839405,80.42
MEDIUM,0.2624538785592181,0.28075548087353314,0.33985118039321893,0.2858885844390014,0.02482795857358014,0.43346658924632847,0.5314286058505511,0.49840578059589813,0.07464134808409106,11,6,3,3,0.28075548087353314,0.33985118039321893,0.02482795857358014,39.88
LOW,0.38594948076233115,0.42343370304282735,0.4385805215969855,0.6028091229397973,0.2487841807245827,0.11813222545463334,0.1042540683657806,0.14277963982471328,0.1351192823511116,2,7,1,6,0.42343370304282735,0.4385805215969855,0.2487841807245827,27.69
HIGH,0.6267714618597924,0.7000458860421602,0.6180398497348856,0.6065409461543658,0.49496731049330395,0.7780056546671279,0.7966494185414649,0.7205254407834345,0.7795545769278103,16,9,7,2,0.7000458860421602,0.6180398497348856,0.49496731049330395,67.75
MEDIUM,0.4195244786342663,0.3892999560136045,0.4928293939202316,0.28086775037754763,0.3798671400851998,0.4138584143201637,0.4930470212286159,0.42538955713907445,0.16476145077589635,13,11,5,6,0.3892999560136045,0.4928293939202316,0.3798671400851998,39.1
LOW,0.2829121071066053,0.315300514117462,0.1544904073359999,0.2809683164049401,0.23449192387794995,0.20824234972380204,0.2667290328587781,0.11772613669488557,0.12329851334779038,6,11,3,8,0.315300514117462,0.1544904073359999,0.23449192387794995,0.0
MEDIUM,0.43024187669472586,0.29007399087656816,0.43777652135331085,0.5301424984875663,0.19251252772724903,0.4375172568219188,0.6004601408034809,0.1668353045407124,0.21937055715843878,10,11,7,4,0.29007399087656816,0.43777652135331085,0.19251252772724903,36.75
HIGH,0.886231756139488,0.934443951844008,0.8716317687274671,0.9322754769394797,0.47938028640286057,0.8189044162231078,0.9946024593402126,0.585203044900714,0.5255116581941879,16,7,7,0,0.934443951844008,0.8716317687274671,0.47938028640286057,95.27
LOW,0.265174814140304,0.2644712389814583,0.30623079902647854,0.23166691462630096,0.4085955540391677,0.09421427569979934,0.011848350028340188,0.22609373235629845,0.20943259605767767,4,6,0,6,0.2644712389814583,0.30623079902647854,0.4085955540391677,12.76
LOW,0.2028022187025877,0.18542412604509356,0.18604951253941904,0.23404466640814905,0.282080180595201,0.1680165842214361,0.22175770614337037,0.008855637686270968,0.16595416499079838,4,10,2,8,0.18542412604509356,0.18604951253941904,0.282080180595201,12.32
LOW,0.10710108328694205,0.03764560883567966,0.0,0.12605697221061804,0.06662587997820008,0.08836380575875427,0.14720147545643497,0.0,0.0002146024244664914,1,10,1,9,0.03764560883567966,0.0,0.06662587997820008,2.14
MEDIUM,0.6226446578831077,0.6111224450787336,0.6458478896017905,0.8087070412336426,0.5874952705771158,0.4008672064128817,0.5040151568069414,0.23135596302592812,0.26093459861765617,9,9,5,4,0.6111224450787336,0.6458478896017905,0.5874952705771158,38.06
MEDIUM,0.43629481298665956,0.6202619404296451,0.44355421808683343,0.5791202845246377,0.34113831136172434,0.4971917881896435,0.6944440859874172,0.2050777896964551,0.19754889328951059,12,9,6,3,0.6202619404296451,0.44355421808683343,0.34113831136172434,48.24
LOW,0.0639741633710673,0.0,0.0,0.0727329921268343,0.15728630653054965,0.135981895976061,0.19839010556902295,0.0,0.08473916317323611,5,8,2,6,0.0,0.0,0.15728630653054965,0.0
HIGH,0.8705852680544564,0.9065835353621802,0.9156503139357703,0.8797520230163666,0.6424040415038459,0.8060192105914559,0.9622087624222829,0.48810273622144673,0.6553670294689841,15,5,5,0,0.9065835353621802,0.9156503139357703,0.6424040415038459,89.52
HIGH,0.6977314724674353,0.647928260254191,0.6119953663184957,0.6694422931383437,0.3780131671900385,0.7665783070621666,0.9258237971274599,0.4199829011695273,0.6354372427589262,14,6,6,0,0.647928260254191,0.6119953663184957,0.3780131671900385,74.53
MEDIUM,0.489634793473991,0.4726960892704395,0.5295323487595689,0.321059405687616,0.33843099646770297,0.6467000523185996,0.8496271266707145,0.3764693012805345,0.30814958030032025,15,9,8,1,0.4726960892704395,0.5295323487595689,0.33843099646770297,46.97
HIGH,0.7210291291086146,0.6638390041568138,0.8259911500862077,0.6958151779177967,0.3112673168047184,0.6035292783114753,0.7985588866524803,0.10006479607388491,0.5219049355260506,12,8,6,2,0.6638390041568138,0.8259911500862077,0.3112673168047184,70.98
HIGH,0.6829611576643888,0.5121856642662403,0.7323436841037695,0.7273899759450748,0.5090119673807667,0.8287280333767914,0.9785183799446493,0.41703438070779203,0.7910506463422167,16,6,6,0,0.5121856642662403,0.7323436841037695,0.5090119673807667,70.07
LOW,0.35163686467253363,0.33076487883246564,0.41883067308315747,0.3705932957700733,0.23564998967075626,0.23346404690211564,0.3636620389919228,0.07633411753480997,0.0,4,6,2,4,0.33076487883246564,0.41883067308315747,0.23564998967075626,22.07
HIGH,0.6275657480591799,0.5810280401230001,0.5983281805300419,0.5174926609710557,0.376458912829478,0.7953069385617852,0.8417111611792378,0.8043066519523839,0.6470945573188293,17,8,7,1,0.5810280401230001,0.5983281805300419,0.376458912829478,73.84
LOW,0.08531679178325591,0.010099095069198552,0.03453173866553937,0.0,0.0759277101545666,0.19294158789188354,0.287565880854045,0.0,0.10201029689728268,3,8,2,6,0.010099095069198552,0.03453173866553937,0.0759277101545666,4.34
LOW,0.07376107011428346,0.07611495616108127,0.15606354369392422,0.0,0.08620540706015642,0.2513955067930091,0.34275464063451716,0.0846974123793787,0.14401619968211526,4,7,2,5,0.07611495616108127,0.15606354369392422,0.08620540706015642,0.0
MEDIUM,0.5631318961470331,0.4843323019290777,0.5266896685467586,0.4522165158854176,0.25319535699453555,0.4242428231779315,0.5239243449858076,0.2040845611728707,0.3453565197593638,10,9,5,4,0.4843323019290777,0.5266896685467586,0.25319535699453555,39.9
HIGH,0.5932406230955114,0.588845833799278,0.6838558087370785,0.6944038078425543,0.27309207123240065,0.8315256811599862,0.8750115646675304,0.9216242191734522,0.6109694926238879,19,8,7,1,0.588845833799278,0.6838558087370785,0.27309207123240065,76.9
HIGH,0.6747625875015516,0.6713562978179961,0.6810504839907546,0.6205168652220716,0.5255467486392299,0.7766968350075165,1.0,0.29460267213478497,0.5888815029027976,15,6,6,0,0.6713562978179961,0.6810504839907546,0.5255467486392299,78.01
LOW,0.317550657650878,0.3329443470723325,0.4081148407240122,0.13000682614778378,0.3813306901472169,0.1890433301336878,0.2450074582270808,0.2077843355745182,0.0024099404126782745,3,6,1,5,0.3329443470723325,0.4081148407240122,0.3813306901472169,15.89
LOW,0.30845151609299665,0.16723389086876872,0.3863570418303814,0.30911406888963083,0.19553787515264287,0.04414067649182521,0.02346617187381318,0.1503048668376865,0.0,1,9,0,9,0.16723389086876872,0.3863570418303814,0.19553787515264287,7.28
MEDIUM,0.590344577675266,0.5760521641541548,0.5348134927836128,0.5498163619975698,0.5405294812481526,0.4871668138862057,0.6304445453771341,0.27287400369536774,0.27162642960425837,9,5,3,2,0.5760521641541548,0.5348134927836128,0.5405294812481526,43.52
LOW,0.2128621592491266,0.4038183032150404,0.12485131495118214,0.20464919196587597,0.32883228156669486,0.23543929192335902,0.34296675683496974,0.03037879484201003,0.11791739426987582,4,8,3,5,0.4038183032150404,0.12485131495118214,0.32883228156669486,8.44
MEDIUM,0.25823371496679437,0.26904359111624093,0.2942353688405409,0.24004016195528366,0.019258511418277252,0.5461245068315204,0.6982797794277195,0.4229050075985604,0.21287818827588278,8,7,5,2,0.26904359111624093,0.2942353688405409,0.019258511418277252,37.32
MEDIUM,0.5974104974736182,0.5462502262026201,0.6486275902199189,0.5543452012446918,0.4429821043167202,0.4693611966935222,0.5287906746784298,0.5246113200185487,0.23582263941377304,6,5,3,2,0.5462502262026201,0.6486275902199189,0.4429821043167202,51.25
HIGH,0.741021201567955,0.7037597483793088,0.9309897255700695,0.6020040339569844,0.5390781589685486,0.7095162686165938,0.8097637581195465,0.5513197319234643,0.5669703368008654,11,3,2,1,0.7037597483793088,0.9309897255700695,0.5390781589685486,84.21
MEDIUM,0.4811769428166611,0.5631706782666931,0.4680606628145014,0.43470012773414246,0.10925021959948752,0.4888580159230758,0.646148607909246,0.3273663180542205,0.17847793783342059,9,8,5,3,0.5631706782666931,0.4680606628145014,0.10925021959948752,46.9
HIGH,0.5661617588676155,0.6499469817535162,0.45434686581814326,0.5131456461991944,0.5886078506139886,0.8154444630866248,0.9901883809313938,0.6695207984990881,0.43713637413985407,17,7,7,0,0.6499469817535162,0.45434686581814326,0.5886078506139886,77.59
LOW,0.19691674859158156,0.17976673981517244,0.08155844974038053,0.15559588921871492,0.22930412941279174,0.04457275748520048,0.03579988429386592,0.08104444884607215,0.03441968569833249,1,8,0,8,0.17976673981517244,0.08155844974038053,0.22930412941279174,10.37
LOW,0.06881968342227887,0.12251792435137476,0.006847534921313826,0.022659973712076183,0.0795556804063074,0.13005914112167508,0.14099030963238385,0.18928558163229553,0.03803919507892837,2,7,1,6,0.12251792435137476,0.006847534921313826,0.0795556804063074,0.0
HIGH,0.7628796293610303,0.899675145681996,0.9442911656729707,0.680422266806443,0.5410576532854501,0.6773161674450485,0.8059039746685254,0.4944788144503466,0.4743900987693197,12,6,5,1,0.899675145681996,0.9442911656729707,0.5410576532854501,71.46
HIGH,0.7842126959137632,0.710792412920362,1.0,0.7481019398366116,0.5561506513313395,0.812935309810006,0.7963727052427172,0.991218351625528,0.68434008169635,16,9,7,2,0.710792412920362,1.0,0.5561506513313395,82.72
MEDIUM,0.6254826316168033,0.6902182101650571,0.6331177546958222,0.43057257855701747,0.33949624426585917,0.597033924988726,0.6531641697399809,0.5925767383446312,0.43310037737905577,11,5,3,2,0.6902182101650571,0.6331177546958222,0.33949624426585917,68.15
HIGH,0.6992095484626764,0.7211169403273529,0.6751483816749375,0.5510366000305802,0.45687687291650053,0.744843128955647,0.873815565579598,0.6203855190904491,0.4823834289489917,16,7,6,1,0.7211169403273529,0.6751483816749375,0.45687687291650053,81.42
MEDIUM,0.4008421285958398,0.4082304516561964,0.24716885452422527,0.4390049387739564,0.28053318030479196,0.4551342169764012,0.5559540289896343,0.5421468615188928,0.06566213639421022,9,4,2,2,0.4082304516561964,0.24716885452422527,0.28053318030479196,45.91
HIGH,0.6537872924827554,0.7069355864219499,0.7283983999220449,0.6925058759988775,0.43156825889747036,0.738921845705216,0.7313848489908478,0.8038472416074256,0.6966074399461112,16,9,7,2,0.7069355864219499,0.7283983999220449,0.43156825889747036,74.6
MEDIUM,0.6370579497358902,0.5669691557976536,0.6189415829723591,0.6968397138273666,0.4516815719589389,0.3899130464280174,0.38240085969230886,0.43292325700534057,0.36943939605782,9,8,3,5,0.5669691557976536,0.6189415829723591,0.4516815719589389,38.84
LOW,0.10993078162873235,0.06294512060763004,0.1108096227109344,0.18024710384480375,0.0,0.04618175762094072,0.04276439002814731,0.0,0.10261561802026167,1,6,0,6,0.06294512060763004,0.1108096227109344,0.0,0.92
HIGH,0.7231282022743364,0.6991811696541986,0.7768973474820513,0.7611384476621771,0.4369963719745744,0.8230954966316966,0.8865078597279639,0.858748679544099,0.5972052244304917,16,5,4,1,0.6991811696541986,0.7768973474820513,0.4369963719745744,77.93
HIGH,0.8024098839841024,0.8256007220575745,0.8149885114589979,0.7856873035019089,0.6295393139288745,0.7925518674878836,0.8703377464430351,0.6971139741279788,0.6546321239823342,15,7,6,1,0.8256007220575745,0.8149885114589979,0.6295393139288745,78.13
LOW,0.017160468855849764,0.07554677197709214,0.16187363222247142,0.1311867843334742,0.0,0.23332270365869892,0.286982560586744,0.24221063499235565,0.06345520154090688,3,8,2,6,0.07554677197709214,0.16187363222247142,0.0,6.37
MEDIUM,0.4739562021493818,0.34905996837427133,0.5173848601075894,0.555917216183517,0.25345135533305047,0.2812830428552567,0.3794616127884349,0.0,0.2680303759109787,3,7,3,4,0.34905996837427133,0.5173848601075894,0.25345135533305047,28.67
HIGH,0.5924264041354768,0.548060611684241,0.678130767249846,0.6406613596358945,0.4016958767449847,0.7640574450482921,0.9495284014771882,0.4178176087226522,0.5538844120872437,16,8,8,0,0.548060611684241,0.678130767249846,0.4016958767449847,76.54
LOW,0.2509820707776118,0.29513077250011516,0.0176092803218465,0.34620652705842125,0.0,0.13107484324107505,0.12607411693326498,0.2025348034257755,0.07461706197980475,2,5,1,4,0.29513077250011516,0.0176092803218465,0.0,15.28
LOW,0.31289911009620175,0.3084909421728186,0.21750748366080708,0.2662499043119865,0.11730694295717708,0.21701677065707084,0.30394702410302343,0.17324278097628384,0.0,3,7,2,5,0.3084909421728186,0.21750748366080708,0.11730694295717708,25.08
HIGH,0.8604229104685014,0.8577593313071464,0.7674681579580944,0.8062409757477591,0.5221341532511058,0.6931414178758666,0.7980305278387595,0.6689653719460752,0.40265013391697885,12,4,3,1,0.8577593313071464,0.7674681579580944,0.5221341532511058,67.88
LOW,0.10908971113966442,0.039392425377599294,0.2691667592668767,0.11360263651323009,0.1008998986972983,0.030365579406325754,0.0,0.03460368663630781,0.11722421039532097,2,6,0,6,0.039392425377599294,0.2691667592668767,0.1008998986972983,0.0
MEDIUM,0.379673803202933,0.3928194559534863,0.3284345974544989,0.358002313037258,0.2421586530642545,0.41903017757076566,0.4398418363913049,0.4470187736994225,0.32860660498049105,9,8,4,4,0.3928194559534863,0.3284345974544989,0.2421586530642545,35.61
MEDIUM,0.4131963254608875,0.42157152785193763,0.5489232600985556,0.3059678288191912,0.3662231171281567,0.33610750968032505,0.2660243258142843,0.39345463164572475,0.48900993931304765,7,9,2,7,0.42157152785193763,0.5489232600985556,0.3662231171281567,22.89
MEDIUM,0.4197524621515973,0.35687433351708886,0.3965624129136077,0.43562295500171244,0.21710501665305407,0.342402299260825,0.42905772689729743,0.07795131248156509,0.3468870031306675,7,9,4,5,0.35687433351708886,0.3965624129136077,0.21710501665305407,32.6
LOW,0.2392010937365757,0.2635080877875807,0.23187789218311905,0.19673534748620392,0.38885602719479406,0.12108613240334037,0.14576588241757898,0.03341222888795636,0.13472078587600855,1,9,1,8,0.2635080877875807,0.23187789218311905,0.38885602719479406,13.78
HIGH,0.5889068904784279,0.6840096196267378,0.6389609362061203,0.4877435311225948,0.589953107360672,0.8493796803914981,0.9527037894692955,0.6479607768749908,0.7408262566746135,18,8,8,0,0.6840096196267378,0.6389609362061203,0.589953107360672,74.31
MEDIUM,0.5071923560788776,0.5083667672700545,0.44399344776946936,0.5175867444121635,0.3480547706790005,0.29467849835238896,0.3499788521898699,0.05563752973516283,0.3678184054571723,4,3,1,2,0.5083667672700545,0.44399344776946936,0.3480547706790005,34.88
LOW,0.15065317908461243,0.2034119162247641,0.11890007178558909,0.1597530313635039,0.17914087845123383,0.1307279200808946,0.1444933140410504,0.1996554884498404,0.02050416983148135,4,9,1,8,0.2034119162247641,0.11890007178558909,0.17914087845123383,8.89
LOW,0.12365606826893395,0.013324128161046916,0.04410925958932439,0.17649147359280892,0.1363515412151916,0.1596323561878789,0.2122707991576899,0.0,0.16134938346632488,3,6,1,5,0.013324128161046916,0.04410925958932439,0.1363515412151916,20.95
LOW,0.20537854312823206,0.2520271939808515,0.1659497616165873,0.06056147744128676,0.0834930438867402,0.08886930171282045,0.0688525710681501,0.0,0.23778879535965194,2,9,1,8,0.2520271939808515,0.1659497616165873,0.0834930438867402,0.99
HIGH,0.7964550682239333,0.7938680987283161,0.838910583265912,0.780774724396332,0.5233032586835485,0.6270806719308318,0.787446866751851,0.2544501875265744,0.5186125718720318,11,8,6,2,0.7938680987283161,0.838910583265912,0.5233032586835485,69.6
MEDIUM,0.1912790392728745,0.11806906651451442,0.223860150771712,0.22224373762453403,0.018527835851036095,0.5338063645751766,0.5737672075749602,0.5544814450720944,0.3932487550789078,10,8,5,3,0.11806906651451442,0.223860150771712,0.018527835851036095,35.2
LOW,0.2195103973142888,0.26986271780246485,0.23006030236398098,0.2850115133420842,0.16311653141577218,0.2210416168852172,0.2941626459358024,0.1870822770366639,0.035637869582014925,5,4,1,3,0.26986271780246485,0.23006030236398098,0.16311653141577218,24.7
HIGH,0.6286180502781289,0.6903679936677152,0.6062439037874975,0.5876531367325988,0.5801208212259868,0.7028773580645422,0.8162170282892952,0.49036932844903325,0.5753663770057922,17,9,7,2,0.6903679936677152,0.6062439037874975,0.5801208212259868,72.56
HIGH,0.7489383938938409,0.7282016531486342,0.7539542581527781,0.7575411282981316,0.5457666893075922,0.8403489461113701,0.9618031846066208,0.7610291363889662,0.555306040348022,17,6,6,0,0.7282016531486342,0.7539542581527781,0.5457666893075922,86.39
HIGH,0.9206525307140402,0.8787507084307413,0.9544356522440689,1.0,0.6542569629097663,0.8326565696664221,1.0,0.5743921416537047,0.5888907066784057,14,6,6,0,0.8787507084307413,0.9544356522440689,0.6542569629097663,94.48
HIGH,0.7319094834023574,0.8326386713491363,0.7243122585549436,0.705336001015237,0.7827351491095889,0.7534818150401219,0.9315390119553625,0.5061036908042905,0.4666883485302318,17,6,6,0,0.8326386713491363,0.7243122585549436,0.7827351491095889,78.28
MEDIUM,0.44237895906740776,0.5008983517026825,0.37463943163668617,0.3563331761759665,0.3320950020653448,0.5079607386485605,0.6401438927049846,0.4165064626195281,0.20286555250832067,10,9,6,3,0.5008983517026825,0.37463943163668617,0.3320950020653448,46.44
HIGH,0.830115834865203,0.8807895581473909,0.8785153049195129,0.9298927485565991,0.8623460092295144,0.6536338817570397,0.7632619116871876,0.5023246838245784,0.4760589898990572,12,6,5,1,0.8807895581473909,0.8785153049195129,0.8623460092295144,72.19
HIGH,0.7335042367537413,0.7376401024680305,0.7719865299348337,0.7741225128848015,0.5737536510702865,0.837702717828024,0.8701272850540894,1.0,0.5781317339778518,13,4,3,1,0.7376401024680305,0.7719865299348337,0.5737536510702865,75.91
LOW,0.18781947759466663,0.15034542176271,0.3486935665867078,0.2317381075208195,0.20408347046090008,0.07356869902709962,0.08827118144694764,8.551086689877474e-05,0.10294443992775638,1,8,1,7,0.15034542176271,0.3486935665867078,0.20408347046090008,0.98
MEDIUM,0.42418210010746454,0.35911086711973045,0.38101928555377335,0.41003336462164086,0.30600747243622994,0.550601145262932,0.6407187373825852,0.5661712409901742,0.26467827317673004,11,7,4,3,0.35911086711973045,0.38101928555377335,0.30600747243622994,54.99
MEDIUM,0.5448472172359407,0.6232140445284184,0.6481821344886345,0.6871128897735265,0.29475143819921457,0.4593481810598922,0.5520847313998767,0.352255539323732,0.2882311717760991,6,7,4,3,0.6232140445284184,0.6481821344886345,0.29475143819921457,51.12
MEDIUM,0.460319217689715,0.3967957343538068,0.3723465500221677,0.47906308651986684,0.3373156050634501,0.6062248768246493,0.63689229569814,0.7871727532835251,0.3332747437453016,12,9,6,3,0.3967957343538068,0.3723465500221677,0.3373156050634501,48.76
LOW,0.10765202200666964,0.024136496289178272,0.1045241083093454,0.10043662893647856,0.0,0.14973354486435014,0.163403213754428,0.22293757176501044,0.035520511293456195,4,5,1,4,0.024136496289178272,0.1045241083093454,0.0,7.04
HIGH,0.5417832983873082,0.48221342987222315,0.5374069434393665,0.6350370655780138,0.27559011138415,0.7457984159203193,0.8932384094790822,0.7850289319789796,0.26424791918536955,18,10,9,1,0.48221342987222315,0.5374069434393665,0.27559011138415,75.73
MEDIUM,0.5801503669756614,0.6242243174471446,0.3899671276372629,0.5173680272031821,0.41992576981829094,0.480501036775563,0.520753017082032,0.4455221459513541,0.3947239866803646,11,9,5,4,0.6242243174471446,0.3899671276372629,0.41992576981829094,31.91
LOW,0.24163681481389554,0.15440103460985732,0.29213879322362163,0.3143082785952799,0.18183246799931113,0.05017902653689731,0.0,0.0,0.25089513268448654,0,7,0,7,0.15440103460985732,0.29213879322362163,0.18183246799931113,9.54
MEDIUM,0.582592858674927,0.6047495526924763,0.6192775895719006,0.6116335984920884,0.4775638322645489,0.6658808501801236,0.8916145672834148,0.5442012671918376,0.1103592818585358,16,9,8,1,0.6047495526924763,0.6192775895719006,0.4775638322645489,78.35
HIGH,0.8164944445188127,0.8907138364829091,1.0,0.7564943056189318,0.5208060535231264,0.7243369016780448,0.8755104761232038,0.5519555699922449,0.4431975100283677,11,3,3,0,0.8907138364829091,1.0,0.5208060535231264,85.1
LOW,0.39353811835291097,0.39460818337018,0.4968204427676418,0.41445175137130846,0.3581174138363634,0.20837611412340615,0.23350898647202747,0.2368784631903563,0.10447514801059206,4,9,2,7,0.39460818337018,0.4968204427676418,0.3581174138363634,18.23
MEDIUM,0.7181263495437218,0.6964945941760864,0.7516835409719816,0.8187486656132772,0.6167137727750333,0.4034553452423061,0.5517574626579048,0.0,0.3620043382378159,8,4,2,2,0.6964945941760864,0.7516835409719816,0.6167137727750333,54.45
LOW,0.10978888618189489,0.0,0.13064923691318828,0.10710061098540354,0.027698137711609838,0.23479673881130916,0.21015935368793168,0.37674358920322604,0.1667620437895246,6,10,2,8,0.0,0.13064923691318828,0.027698137711609838,17.66
LOW,0.0,0.0,0.06493885679972014,0.0,0.0,0.1522244757872011,0.11698763083972244,0.25020292518431303,0.1599565612325251,5,9,1,8,0.0,0.06493885679972014,0.0,0.0
LOW,0.08148154194676825,0.0,0.09348803237437017,0.1074007624485398,0.17796353620527555,0.28856777096520736,0.3885602979298841,0.2569998484998947,0.02015811253648978,6,7,3,4,0.0,0.09348803237437017,0.17796353620527555,26.41
HIGH,0.811939716199838,0.7809166797558947,0.7412837457074279,0.8750523468704972,0.45829167491645056,0.8021938273318161,0.8809250919215759,0.6270444101996155,0.741149450694737,11,7,6,1,0.7809166797558947,0.7412837457074279,0.45829167491645056,88.51
LOW,0.20426310244377469,0.1973267263764048,0.18236678277835322,0.267490348986551,0.0,0.1266303776601238,0.1379582930054768,0.16840379131173813,0.05087321797245055,4,5,1,4,0.1973267263764048,0.18236678277835322,0.0,13.54
LOW,0.0039154401530467455,0.06039301988895204,0.0,0.0286193823009,0.0,0.06472061018034855,0.06081928570796418,0.05580899829203098,0.08533619548581922,2,7,0,7,0.06039301988895204,0.0,0.0,0.0
LOW,0.22811731656434794,0.1723127400366433,0.15884212585776508,0.09631761264055286,0.1887554393817258,0.10589825863359181,0.15744949432983704,0.0,0.057142810178447995,4,6,1,5,0.1723127400366433,0.15884212585776508,0.1887554393817258,0.0
LOW,0.31099696431057,0.41953801690768705,0.2513983292125187,0.26043009848585713,0.27932141467273025,0.015508265586388612,0.0,0.0,0.07754132793194306,1,11,0,11,0.41953801690768705,0.2513983292125187,0.27932141467273025,4.99
HIGH,0.9106884733278146,0.8645405954759495,0.9093415354291404,1.0,0.48526200381032736,0.791050606902609,0.9822064856443058,0.44633689352774836,0.5622966840523789,15,8,8,0,0.8645405954759495,0.9093415354291404,0.48526200381032736,83.97
MEDIUM,0.5694647193795218,0.5590858231244415,0.5750737720781791,0.6151586446828056,0.3014634262643692,0.6218330808095628,0.6609538762619385,0.5138686194119494,0.6124351558500492,10,7,5,2,0.5590858231244415,0.5750737720781791,0.3014634262643692,64.14
LOW,0.1464912846623288,0.1142382705079249,0.18978175171977205,0.08028454540355588,0.06149050046212866,0.1766958750880998,0.21075113208421217,0.19959386848222582,0.05163211070563674,2,4,1,3,0.1142382705079249,0.18978175171977205,0.06149050046212866,9.66
LOW,0.1845389241380091,0.08942851185020069,0.12831852735231278,0.12261205333944511,0.08512646081180703,0.2687173343026912,0.3587005197827747,0.1661947589430517,0.10129035322208031,5,7,3,4,0.08942851185020069,0.12831852735231278,0.08512646081180703,15.82
LOW,0.10923824938993996,0.11215670983907848,0.0,0.12617535212358771,0.1526816987688266,0.1620657836284023,0.16639176477429496,0.28165269961401057,0.02950092420511597,4,8,1,7,0.11215670983907848,0.0,0.1526816987688266,4.51
MEDIUM,0.4628526036011366,0.5306893030782326,0.5730715025031161,0.462672584040804,0.4055284297379589,0.4091913963731912,0.4447349580599827,0.5031910905452466,0.20856101714076117,14,10,4,6,0.5306893030782326,0.5730715025031161,0.4055284297379589,34.25
LOW,0.1451927066755177,0.24374271741866196,0.1894388496375373,0.16510579456952007,0.20250173026834628,0.23394593020126087,0.25813441270981063,0.22177251874511364,0.17355389413175884,5,11,3,8,0.24374271741866196,0.1894388496375373,0.20250173026834628,15.19
MEDIUM,0.3778247026129193,0.5143661138464372,0.3951210767187343,0.44221514788190963,0.27685129327018254,0.4421167635469244,0.4620226523620054,0.35219657851648023,0.4723192821321257,6,9,4,5,0.5143661138464372,0.3951210767187343,0.27685129327018254,29.53
LOW,0.1786203138150044,0.03458201847626996,0.3300642246488079,0.23321171460002782,0.11803293378922303,0.14623322719430668,0.15542987167015176,0.20823519297917356,0.056641327981904604,5,10,2,8,0.03458201847626996,0.3300642246488079,0.11803293378922303,8.35
LOW,0.1825031963285822,0.26615440594532347,0.11327576976043546,0.05274918618216545,0.18919624971925497,0.2215776365849586,0.27574859936805773,0.14802411525117667,0.13261826956944311,5,7,2,5,0.26615440594532347,0.11327576976043546,0.18919624971925497,10.47
HIGH,0.6688108687744599,0.8304620446765265,0.5300127822108254,0.7087939171181239,0.3002565653797502,0.7074190212340128,0.8913413329341622,0.5632745029691625,0.2997966043984147,16,9,8,1,0.8304620446765265,0.5300127822108254,0.3002565653797502,63.65
HIGH,0.8435006177988934,0.9627105651826191,0.8722171330510111,0.8471852688850626,0.7232660945488051,0.8627458456615098,1.0,0.8767137405751251,0.43701548773242394,20,8,8,0,0.9627105651826191,0.8722171330510111,0.7232660945488051,82.44
HIGH,0.9272991825979389,0.9784940758620022,1.0,0.9419323610082353,0.641787595420175,0.7425373563108841,0.9305017112064781,0.4868346704031135,0.4343469775318734,22,11,10,1,0.9784940758620022,1.0,0.641787595420175,82.82
LOW,0.1913040024393979,0.21848868839863236,0.22812149359420297,0.27085203988934337,0.1421846218938974,0.2777068688164504,0.3692194394362323,0.13094128397599247,0.1499347417975626,6,6,2,4,0.21848868839863236,0.22812149359420297,0.1421846218938974,17.06
LOW,0.03918141887884585,0.0,0.13821211391234428,0.062132708342254234,0.0,0.24646229057380792,0.3245947914780583,0.04562171956472766,0.21290535887013698,4,8,3,5,0.0,0.13821211391234428,0.0,11.95
MEDIUM,0.33085838305992726,0.3151385094280787,0.39703220702962505,0.224388202850848,0.06479740815303942,0.5006023266211743,0.6735581390565689,0.22940433748659922,0.252932878449566,6,4,3,1,0.3151385094280787,0.39703220702962505,0.06479740815303942,43.12
MEDIUM,0.3574523800518434,0.49004246967044307,0.30268789811745933,0.3028050359250294,0.40395242122607056,0.45322722940395527,0.5817190228545877,0.23959505419768465,0.28138402425832876,13,11,6,5,0.49004246967044307,0.30268789811745933,0.40395242122607056,26.55
HIGH,0.7090156827667573,0.6301164739254295,0.7045608785547578,0.7094415116028934,0.6103319258304036,0.8196531499719178,0.9965940022648961,0.5841581203281984,0.5243256227367027,18,9,9,0,0.6301164739254295,0.7045608785547578,0.6103319258304036,86.7
MEDIUM,0.3336721706713655,0.25712523364099377,0.44943686635385366,0.32115845233990165,0.39760592885978696,0.4828451859333556,0.47295456089276355,0.40824104022629865,0.5871212067621889,5,6,3,3,0.25712523364099377,0.44943686635385366,0.39760592885978696,48.35
HIGH,0.6979293635893766,0.6510559067532499,0.719382386065802,0.6218864670145172,0.470556545724233,0.7444567635122419,0.9359852261245227,0.4483382227451476,0.4659899164424934,13,7,7,0,0.6510559067532499,0.719382386065802,0.470556545724233,75.69
HIGH,0.660045105841157,0.6383349864066191,0.6584529721686302,0.607585628846572,0.5311378306754976,0.833069541867647,1.0,0.5571239215609103,0.6082237877773249,18,8,8,0,0.6383349864066191,0.6584529721686302,0.5311378306754976,90.49
MEDIUM,0.23719025534283833,0.273509905858595,0.3358193548075591,0.21946256174299011,0.26559665935177007,0.3418560913674173,0.44648266882720816,0.05289216809554521,0.31694028225991683,5,4,2,2,0.273509905858595,0.3358193548075591,0.26559665935177007,36.4
LOW,0.07205032040861022,0.0,0.06698473163173342,0.04279297755691348,0.1903488624556359,0.24094862364547628,0.3145217994910037,0.1495272946068598,0.11165042514751079,4,9,3,6,0.0,0.06698473163173342,0.1903488624556359,12.19
HIGH,0.783537699390223,0.8784290995597295,0.80040686755727,0.769440654673265,0.5885073804041233,0.6520169510264308,0.6710785303919462,0.7104516436970922,0.5363975202592232,16,8,5,3,0.8784290995597295,0.80040686755727,0.5885073804041233,71.64
MEDIUM,0.43303167950095467,0.4384361182274206,0.44222639242743567,0.44598522888376013,0.40705908014252357,0.40024322124035855,0.3870948170448779,0.38514009123296994,0.4547915638341889,7,5,2,3,0.4384361182274206,0.44222639242743567,0.40705908014252357,37.57
MEDIUM,0.34142309961426937,0.3278590423582338,0.4887235487684217,0.24026867072009228,0.1220351694821058,0.4008264672178978,0.3547098144754744,0.6954836573256202,0.24451923533744555,9,8,3,5,0.3278590423582338,0.4887235487684217,0.1220351694821058,23.77
LOW,0.44582436057365604,0.5571900342515964,0.37758933515027426,0.4976302888185909,0.22892477513492154,0.07895170389958941,0.0,0.20195109176646298,0.19280742773148407,2,10,0,10,0.5571900342515964,0.37758933515027426,0.22892477513492154,13.05
LOW,0.09479992806471518,0.12611961105256375,0.06330893036095164,0.0,0.07774746905950185,0.2279088441318158,0.3294811567083336,0.0,0.15110075053407818,5,9,3,6,0.12611961105256375,0.06330893036095164,0.07774746905950185,11.79
LOW,0.03830405998350539,0.0,0.10943424538566598,0.0,0.0,0.08826436935382376,0.0,0.27526475545509393,0.1660570913140248,4,10,0,10,0.0,0.10943424538566598,0.0,0.14
MEDIUM,0.4303483075053358,0.3961431583379658,0.6411275678585359,0.4748212700092912,0.2548637711185916,0.497568114206854,0.619824516124942,0.14782621642873647,0.4805408062307072,9,7,4,3,0.3961431583379658,0.6411275678585359,0.2548637711185916,52.08
HIGH,0.7094469991819637,0.710311165970445,0.7049317114309952,0.6633111200677636,0.45166455645040415,0.8167994242274071,1.0,0.6282926734629687,0.45570444767406726,19,7,7,0,0.710311165970445,0.7049317114309952,0.45166455645040415,87.68
MEDIUM,0.41909745613082505,0.46496645374466067,0.3676125661347732,0.3983283336231631,0.3903486680307521,0.4788759623948778,0.6811416518378597,0.15361803080983932,0.1973368256509709,12,8,5,3,0.46496645374466067,0.3676125661347732,0.3903486680307521,34.5
HIGH,0.5623956668426852,0.5116491873606415,0.5332413933975458,0.5287549993677338,0.3402973728239587,0.7238367389963429,0.9005765648301096,0.5429488866738843,0.37450511381750173,20,10,9,1,0.5116491873606415,0.5332413933975458,0.3402973728239587,76.9
HIGH,0.7298918152584151,0.7839701237229689,0.6473956497832483,0.7306256751129854,0.49929760614985397,0.8700554465600753,1.0,1.0,0.350277232800376,23,13,13,0,0.7839701237229689,0.6473956497832483,0.49929760614985397,95.48
HIGH,0.6004309773158193,0.6398924008229472,0.5918282777745342,0.6447773776864105,0.44336891435913606,0.8364112993573829,0.9957071588296198,0.6650799086292125,0.5298551116688427,21,10,10,0,0.6398924008229472,0.5918282777745342,0.44336891435913606,83.89
MEDIUM,0.3245684662321831,0.27915069477196697,0.274902755377736,0.38746440772441626,0.32479633139193337,0.5361183001454212,0.52673045657014,0.6361838037648705,0.46421632725181555,9,8,4,4,0.27915069477196697,0.274902755377736,0.32479633139193337,44.36
HIGH,0.7126165196430975,0.685448117594572,0.6414332935393217,0.5951253652178741,0.562118396105897,0.7863309834302626,0.8373279156882704,1.0,0.41967117008650257,17,5,4,1,0.685448117594572,0.6414332935393217,0.562118396105897,87.65
LOW,0.25722424201872746,0.10974044862203067,0.2030233183633861,0.1713349836877221,0.0,0.12842257684971986,0.21403762808286644,0.0,0.0,1,7,1,6,0.10974044862203067,0.2030233183633861,0.0,11.44
MEDIUM,0.5572558495122548,0.617446548129269,0.6485208726611653,0.5571023775115305,0.42042578474024533,0.5021698376303585,0.6267270552878788,0.37833133947820513,0.25233668280995114,7,7,4,3,0.617446548129269,0.6485208726611653,0.42042578474024533,56.48
HIGH,0.6336826249363234,0.5807030393903561,0.5368507267137004,0.7119899322352994,0.45143960440860514,0.7574767376094989,0.8309759984341384,0.8117095499204037,0.4827461428246753,17,5,4,1,0.5807030393903561,0.5368507267137004,0.45143960440860514,68.97
MEDIUM,0.4549416024419013,0.5463487402651105,0.4565445857112062,0.3590122323502829,0.3728468221205489,0.49184101034967415,0.47725154136074144,0.7275847943058933,0.2998656333602532,10,4,2,2,0.5463487402651105,0.4565445857112062,0.3728468221205489,61.26
MEDIUM,0.6697145146507878,0.5881336998202708,0.7426867063289301,0.6119549514718509,0.49122910019724386,0.3034261300813887,0.3590571356890402,0.2211088470234567,0.21885039631636616,10,10,4,6,0.5881336998202708,0.7426867063289301,0.49122910019724386,38.78
MEDIUM,0.41260326792603363,0.35291394929061554,0.4821773284615929,0.5068580561514084,0.39446084615131183,0.2796231666973469,0.43671708708744694,0.0,0.08796457222439348,7,11,5,6,0.35291394929061554,0.4821773284615929,0.39446084615131183,19.79
HIGH,0.8265159945488326,0.8284718923024156,0.8030437472637147,0.8159478975237826,0.6012774760229294,0.8743233937624285,1.0,0.7344934848474454,0.637123483964697,18,10,10,0,0.8284718923024156,0.8030437472637147,0.6012774760229294,95.93
HIGH,0.6671880828800058,0.46590046721818446,0.49693451952114076,0.5857386739585109,0.5201539808752621,0.8396596910078414,0.9091039652272237,0.6868733414351328,0.7841132179224031,15,5,5,0,0.46590046721818446,0.49693451952114076,0.5201539808752621,82.89
HIGH,0.702832674508294,0.5748367277815464,0.8156251718902963,0.6483035103058593,0.695122888633656,0.8182841062121419,0.8974020540866037,0.8556107130798367,0.5436036557210615,17,8,7,1,0.5748367277815464,0.8156251718902963,0.695122888633656,84.3
MEDIUM,0.3558889789301784,0.3458854256613877,0.30708106964560933,0.5398621044993654,0.24014920825996303,0.5974689038172206,0.7817848227544839,0.31087553383846234,0.3311145169841889,8,5,4,1,0.3458854256613877,0.30708106964560933,0.24014920825996303,50.96
HIGH,0.7221982777676271,0.832895906663067,0.7734566065838607,0.852390384924802,0.4996345727068334,0.8021890678626911,1.0,0.5529207594171754,0.45802457989627976,20,6,6,0,0.832895906663067,0.7734566065838607,0.4996345727068334,88.0
HIGH,0.8249022696873495,0.879917644496772,0.9821924673973967,0.7010756430681566,0.5508955779497192,0.7042995194291131,0.862998289284574,0.2552634647182797,0.6772392645735633,15,7,6,1,0.879917644496772,0.9821924673973967,0.5508955779497192,93.7
MEDIUM,0.3994616420811414,0.4089547756590611,0.4784414303198141,0.3541246000563294,0.21652698974358586,0.5212191289631287,0.708578390536205,0.4257278647676071,0.05463260843942151,13,6,4,2,0.4089547756590611,0.4784414303198141,0.21652698974358586,51.85
HIGH,0.6829590342765017,0.6840179681006353,0.7418177030989148,0.5742979626877985,0.39397641012650536,0.8028331133969057,0.9218364603890711,0.63003308390091,0.6186231019164052,17,6,6,0,0.6840179681006353,0.7418177030989148,0.39397641012650536,87.09
LOW,0.2139111739761592,0.20624048577088153,0.14712308175443906,0.20815128658097612,0.275708407071352,0.1257579143175766,0.18571657920798498,0.011019601065158991,0.0606202328987691,2,8,1,7,0.20624048577088153,0.14712308175443906,0.275708407071352,9.51
HIGH,0.7888983180404647,0.9027830758216674,0.8685670159902537,0.714159192908628,0.46187537797069805,0.7309961133932893,0.8939382818832141,0.5597649285521171,0.41340079276468694,14,7,6,1,0.9027830758216674,0.8685670159902537,0.46187537797069805,78.22
HIGH,0.8178450850318331,0.8337841283317722,1.0,0.831485739913405,0.543484982128558,0.8009041524772808,0.9003306306123893,0.701298395688708,0.6022304748605277,19,12,11,1,0.8337841283317722,1.0,0.543484982128558,92.0
MEDIUM,0.2614682708915259,0.323124173459107,0.3628781557558383,0.1928941585893315,0.18213440283487106,0.27951856789474727,0.29119686069884454,0.09823870806313267,0.4257635493140703,4,7,2,5,0.323124173459107,0.3628781557558383,0.18213440283487106,16.94
HIGH,0.6529178342224463,0.7120639162764386,0.5599791655076986,0.5804886172078998,0.47245048317059923,0.8600966007268288,0.9775527832598564,0.8976320602979699,0.4701925935566053,19,10,10,0,0.7120639162764386,0.5599791655076986,0.47245048317059923,95.37
MEDIUM,0.6094174572950077,0.5568985687495098,0.7704771736785758,0.6567231156032065,0.3249905671656832,0.4695092510728975,0.471664228068624,0.5062362410447483,0.42631733011386735,10,8,4,4,0.5568985687495098,0.7704771736785758,0.3249905671656832,48.21
HIGH,0.5706495140661624,0.5056115920949479,0.5894591095182956,0.6678881073859779,0.5610529022625184,0.8468805759020636,0.9623623536617161,0.7074581522072728,0.6398576663178973,17,7,7,0,0.5056115920949479,0.5894591095182956,0.5610529022625184,73.23
LOW,0.2333549011636205,0.2481959656904,0.2883670999243415,0.27704384763501627,0.18761285794692056,0.2058290003277928,0.26679399988130653,0.09573169037725235,0.13303131161779205,4,7,2,5,0.2481959656904,0.2883670999243415,0.18761285794692056,15.95
MEDIUM,0.4562198518791416,0.4063316511087928,0.4140993161578524,0.3662255034709692,0.4459313888320547,0.6247417227405494,0.7098527762080072,0.4574867708454674,0.5366635142332576,18,8,6,2,0.4063316511087928,0.4140993161578524,0.4459313888320547,53.56
HIGH,0.6602222086059791,0.6900082534108035,0.7270714028368787,0.6511088971617324,0.6398275307359474,0.7804826364384849,0.9191319427706769,0.7040970772220398,0.4409202766583539,18,9,8,1,0.6900082534108035,0.7270714028368787,0.6398275307359474,76.0
MEDIUM,0.7706116055708022,0.7495334255564794,0.6540527719083008,0.7147538887921964,0.5342713399519402,0.5476306430471328,0.6320000548924728,0.46095930434506266,0.381193746213183,11,7,4,3,0.7495334255564794,0.6540527719083008,0.5342713399519402,60.36
LOW,0.10822910254997406,0.013157994182112498,0.19336586165861475,0.1633180386282851,0.17342690878279482,0.15836669473105225,0.20471756792291557,0.17768076988651466,0.0,4,10,2,8,0.013157994182112498,0.19336586165861475,0.17342690878279482,8.46
HIGH,0.6012944845463113,0.48145130251502755,0.5443301512516743,0.6464878670481443,0.48991528069995743,0.6577371395243617,0.790564617809451,0.4537801265063571,0.46321171768709934,12,7,6,1,0.48145130251502755,0.5443301512516743,0.48991528069995743,55.32
HIGH,0.7086253836225005,0.6141778364422212,0.6993611028247592,0.7933096089138457,0.36585979479439934,0.8010424315775937,0.8834843393271569,0.8549513467501546,0.49980779315634294,19,7,6,1,0.6141778364422212,0.6993611028247592,0.36585979479439934,81.3
HIGH,0.7428965391127198,0.7154689668799329,0.7812717815605222,0.7685325002204029,0.6221158594791513,0.7538512805432326,0.8561323569707986,0.6582412133563239,0.5426181184474436,16,9,8,1,0.7154689668799329,0.7812717815605222,0.6221158594791513,87.08
MEDIUM,0.29196899116404645,0.38863001720248647,0.47069643762786495,0.3721157087279991,0.34707677053747943,0.35696433672667194,0.5628057072403883,0.017699016052297938,0.07870554585989702,7,9,5,4,0.38863001720248647,0.47069643762786495,0.34707677053747943,18.01
HIGH,0.7615585287861287,0.645337925045157,0.725648319163698,0.8823481834357539,0.4255621321281526,0.8154583567583571,0.9695808949731965,0.5530538476902013,0.6154952511819943,20,10,10,0,0.645337925045157,0.725648319163698,0.4255621321281526,90.03
LOW,0.3113659706741299,0.24315052150334432,0.33212931191985295,0.33202566563390806,0.266468435358849,0.14738468110583924,0.24043480112722287,0.015619002147527684,0.0,3,10,2,8,0.24315052150334432,0.33212931191985295,0.266468435358849,19.56
MEDIUM,0.28138027671876475,0.35867065119909325,0.2517506279458762,0.30874055331244643,0.1322202508551834,0.5648262468551561,0.7966452565350536,0.1746870351633606,0.25950842950725905,8,8,6,2,0.35867065119909325,0.2517506279458762,0.1322202508551834,46.45
MEDIUM,0.39114454071675475,0.4227559662392928,0.17118970983367032,0.3880302046779675,0.24249694990910775,0.4217633862092348,0.4272253596384423,0.5662900939257064,0.2608507582051406,8,8,3,5,0.4227559662392928,0.17118970983367032,0.24249694990910775,20.85
HIGH,0.7961093486120215,0.6273132968616237,0.7348041206427651,0.7641317441088404,0.7316387307575716,0.8259144883924749,0.9614883012397095,0.5385658945893801,0.7065416436538662,18,7,7,0,0.6273132968616237,0.7348041206427651,0.7316387307575716,77.93
HIGH,0.6593866354529014,0.5771062961775999,0.6420151464067964,0.6815741698305187,0.41209580176445976,0.7981589503955654,0.9443162804796259,0.5334012232671865,0.6244446872717629,17,9,8,1,0.5771062961775999,0.6420151464067964,0.41209580176445976,76.2
HIGH,0.7550253743033699,0.9199693065218986,0.8301790080472244,0.8331045702886373,0.8373689814983873,0.8410481091210444,0.9412766781414276,0.7469287022623405,0.6344818089185985,15,6,6,0,0.9199693065218986,0.8301790080472244,0.8373689814983873,83.26
MEDIUM,0.42909905253345615,0.4401569265714004,0.5160954221453333,0.49815111162978726,0.28419723646929457,0.4636848188889243,0.4495007354682667,0.5770549463306377,0.39286694170918385,7,5,2,3,0.4401569265714004,0.5160954221453333,0.28419723646929457,46.66
HIGH,0.7910101494939771,0.813722629588015,0.8378299520026855,0.7961410936842294,0.4863219358277278,0.767386654695178,0.8790988487166997,0.6537982373280217,0.5458384899977693,13,4,4,0,0.813722629588015,0.8378299520026855,0.4863219358277278,84.24
MEDIUM,0.4203811445386097,0.45942045420297667,0.334064569574719,0.2901377674225128,0.25944982209335926,0.6150434958129003,0.6646171608252684,0.6875106078973277,0.39385538869136877,10,5,3,2,0.45942045420297667,0.334064569574719,0.25944982209335926,56.0
HIGH,0.7539304552942874,0.6805665395774265,0.7591259022983468,0.7875562816763777,0.6103184140363671,0.6626276289911098,0.8355425466709766,0.5809686265514205,0.22554187839119924,14,7,6,1,0.6805665395774265,0.7591259022983468,0.6103184140363671,66.9
HIGH,0.6944054567954732,0.5136683465892642,0.7116460943396137,0.6201395263323509,0.5346527156758827,0.7128754817569856,0.7974519001817068,0.656001307706188,0.5160204005336193,17,9,7,2,0.5136683465892642,0.7116460943396137,0.5346527156758827,70.05
LOW,0.05227920365389685,0.005568248526519326,0.05161681293952989,0.0036193678779674887,0.09911663561567435,0.11614629863336202,0.16649348969459796,0.0034987275220489723,0.07775229656096726,2,8,1,7,0.005568248526519326,0.05161681293952989,0.09911663561567435,9.89
LOW,0.19265213384095997,0.2267420495865141,0.19077829710489475,0.15260268216186773,0.0,0.08321991174818288,0.13869985291363815,0.0,0.0,1,6,1,5,0.2267420495865141,0.19077829710489475,0.0,7.03
MEDIUM,0.34153448525029506,0.3207161948052454,0.19287507228129222,0.3019872892356795,0.27897232974544106,0.5309670434502771,0.6737406834421155,0.2073905836617372,0.42622258326330237,5,5,3,2,0.3207161948052454,0.19287507228129222,0.27897232974544106,48.45
LOW,0.163331359704457,0.2970210579895168,0.20280591875915263,0.160103968781736,0.0,0.03685918802477859,0.0,0.1129409536895869,0.07135498643430604,2,6,0,6,0.2970210579895168,0.20280591875915263,0.0,0.09
LOW,0.2136602283012701,0.31193177776802083,0.21429975066517518,0.2044334287166832,0.25599337843560727,0.15184532535300777,0.08258709439502787,0.38144474532661615,0.13002059825333886,5,9,1,8,0.31193177776802083,0.21429975066517518,0.25599337843560727,20.14
LOW,0.03949440209960764,0.151772032881008,0.012222675744006258,0.04806680792675352,0.0,0.18646177371146502,0.2631442421748675,0.03486257099324478,0.10801357103947791,5,7,2,5,0.151772032881008,0.012222675744006258,0.0,13.94
MEDIUM,0.4576773253642626,0.42780188805630137,0.5461578286844855,0.4313637357375924,0.27824040029041386,0.5256352730904161,0.6967889295497447,0.2423401809366701,0.2954693958661763,8,5,3,2,0.42780188805630137,0.5461578286844855,0.27824040029041386,61.74
LOW,0.34617991675473053,0.27849174586054404,0.36508585931698656,0.27072712280517935,0.21954938717017705,0.19763563863144631,0.2926653772823006,0.11018206131032987,0.0,2,5,1,4,0.27849174586054404,0.36508585931698656,0.21954938717017705,20.42
LOW,0.3362458244000213,0.18456700846833618,0.449931899445604,0.41115785776119307,0.08084208252713912,0.16888686800171693,0.16361580599474032,0.20955224114958096,0.14403468087478283,4,5,1,4,0.18456700846833618,0.449931899445604,0.08084208252713912,1.9
MEDIUM,0.5865548123280059,0.5880263495737115,0.5466398083310502,0.6577025126297938,0.5080635501382622,0.6388302645503725,0.7465059539300426,0.5248684856892775,0.42976497527245755,14,9,7,2,0.5880263495737115,0.5466398083310502,0.5080635501382622,63.08
HIGH,0.5787631706940274,0.5023382499884427,0.5562020121392106,0.5980793434622217,0.5492154792862455,0.8440363604514529,0.8966562217699591,0.8506952581755328,0.6795178787718545,19,8,7,1,0.5023382499884427,0.5562020121392106,0.5492154792862455,77.12
LOW,0.26358433382659324,0.1683456334515248,0.27650630599890097,0.39543330677250366,0.16638593022394516,0.1865670925349942,0.2537258036114082,0.15458788377391453,0.017070168066831964,3,9,2,7,0.1683456334515248,0.27650630599890097,0.16638593022394516,9.39
LOW,0.2356756290308358,0.21131740441111363,0.2713925107304508,0.23086824921042529,0.16623079055676837,0.19338896159954233,0.2788182232064165,0.02726322593408681,0.10322691244437526,2,7,2,5,0.21131740441111363,0.2713925107304508,0.16623079055676837,5.77
HIGH,0.7384723314585233,0.6325852673464122,0.6152439813906505,0.7294992194496766,0.6730492853386145,0.8317619301651995,0.8850593492156518,0.9113999106808033,0.5922316924982389,16,9,8,1,0.6325852673464122,0.6152439813906505,0.6730492853386145,91.47
HIGH,0.7863092453610908,0.7211756468022018,0.8004731931618838,0.8144694816761013,0.5350131400951769,0.7731848521874445,0.9323636154468926,0.5967205849614983,0.4721128296350465,22,11,10,1,0.7211756468022018,0.8004731931618838,0.5350131400951769,79.76
MEDIUM,0.3608785374358616,0.26610376594287566,0.44358329274777974,0.22455056738406917,0.3453005675627573,0.43862715701616256,0.5120916531140413,0.30769067938389427,0.34917014635479476,8,9,5,4,0.26610376594287566,0.44358329274777974,0.3453005675627573,34.83
LOW,0.07439452071319619,0.060804562026817055,0.18489684195791026,0.20852210457285192,0.12381101026010506,0.09772118136274222,0.05715878141979561,0.14906069024558882,0.16806887230873543,4,9,1,8,0.060804562026817055,0.18489684195791026,0.12381101026010506,0.6
MEDIUM,0.4445989631586649,0.3959295634863434,0.29276412167854515,0.47177030449573293,0.32982455857628423,0.47216047866607913,0.6336363764237225,0.08249126134142114,0.3774020027178072,11,12,8,4,0.3959295634863434,0.29276412167854515,0.32982455857628423,34.94
MEDIUM,0.6938804429652405,0.6119886220292493,0.710136997636753,0.629907849181429,0.4310158379911688,0.5526535763716975,0.5425614538177091,0.6194646483227118,0.5161188720826484,11,9,5,4,0.6119886220292493,0.710136997636753,0.4310158379911688,67.04
HIGH,0.6428864085640262,0.5008909649977281,0.7545737341036057,0.7203460559537298,0.6918010396064629,0.7733129638334815,0.7888381318225499,0.9416341614958219,0.5584162622039354,17,10,8,2,0.5008909649977281,0.7545737341036057,0.6918010396064629,82.26
MEDIUM,0.44533079582565394,0.49693981083854366,0.38409117174227403,0.398975588979118,0.26538709571541813,0.3563230789563913,0.27209082074645835,0.5223516988406735,0.44299123370190796,9,7,2,5,0.49693981083854366,0.38409117174227403,0.26538709571541813,28.02
LOW,0.1372422758788971,0.06656826339188622,0.2214082667607965,0.1321326290689377,0.29828048820057557,0.16444381068114325,0.2055571957752968,0.007392195964950776,0.1981552701148751,4,9,2,7,0.06656826339188622,0.2214082667607965,0.29828048820057557,11.62
MEDIUM,0.4347296029217655,0.42101361640274204,0.331469879968516,0.41364239090910604,0.4379486678329183,0.39017783034768827,0.5856007155690771,0.08078773443100241,0.1132992706002078,9,11,6,5,0.42101361640274204,0.331469879968516,0.4379486678329183,27.95
LOW,0.0522692245682668,0.1661168365291964,0.020824989561384427,0.16166134678734057,0.041753628642518276,0.2817119147556946,0.3715438369482128,0.12566944990430853,0.16825861302952608,6,9,3,6,0.1661168365291964,0.020824989561384427,0.041753628642518276,10.17
MEDIUM,0.6798521629887432,0.6072972041810711,0.680196774376196,0.6810430330053509,0.5161405894264723,0.42988509204820724,0.48557910311582486,0.4129492611179175,0.27973888977564404,7,5,2,3,0.6072972041810711,0.680196774376196,0.5161405894264723,48.58
MEDIUM,0.4664247984827262,0.5054554658442916,0.5085606418510923,0.5117984550443018,0.13323845684384727,0.39131632371902575,0.3458474608138796,0.7447042873627342,0.17433494879075567,9,9,3,6,0.5054554658442916,0.5085606418510923,0.13323845684384727,35.61
MEDIUM,0.5173849385543574,0.5283268679396933,0.4815217566628187,0.4333711689799006,0.3889468767373013,0.43099018758788604,0.36809218014361156,0.4354962084241677,0.615178189084428,11,11,4,7,0.5283268679396933,0.4815217566628187,0.3889468767373013,35.26
LOW,0.06777136040998158,0.17039478889819865,0.00459087399999919,0.011831192556857849,0.030874904718584957,0.06272508419854532,0.07255444893841345,0.0,0.09596207417748626,0,6,0,6,0.17039478889819865,0.00459087399999919,0.030874904718584957,0.0
HIGH,0.6767874309504642,0.662501673518956,0.7245431027351749,0.665424262291829,0.44592582481960763,0.8257797668214669,0.9376360284456137,0.7836395687115262,0.5323511800589675,17,8,8,0,0.662501673518956,0.7245431027351749,0.44592582481960763,77.52
HIGH,0.7444942062544622,0.7809180813277883,0.7669625541525039,0.7481904683196584,0.5907871334604003,0.8589156707540159,0.9748087008818227,0.8322456010381295,0.5379066500864816,22,11,11,0,0.7809180813277883,0.7669625541525039,0.5907871334604003,91.59
MEDIUM,0.4796408048981009,0.4207806456780753,0.535748871965687,0.7072643564907121,0.29826905594966224,0.4368288361768684,0.5606492073137422,0.2607589471305475,0.24143761181256784,10,11,6,5,0.4207806456780753,0.535748871965687,0.29826905594966224,33.48
HIGH,0.6242388275457752,0.48756683610950735,0.6747832034827295,0.8482146052927599,0.40029929991699037,0.7185494067793342,0.766659365360781,0.8299999328859466,0.46276900492838124,18,11,8,3,0.48756683610950735,0.6747832034827295,0.40029929991699037,65.9
HIGH,0.7757776760936187,0.7575840256331662,0.7360396998701223,0.759871147855309,0.4158588548154445,0.7169295382515424,0.9317625281835185,0.29265468123101795,0.4967054254761382,18,10,9,1,0.7575840256331662,0.7360396998701223,0.4158588548154445,82.94
MEDIUM,0.5903695417182621,0.6643454774598454,0.626060822058076,0.6645732039033455,0.4883010346431411,0.37678101835134953,0.4840804729979665,0.08122021766173325,0.35044345510111485,9,9,4,5,0.6643454774598454,0.626060822058076,0.4883010346431411,30.86
HIGH,0.745990026630777,0.74029666752253,0.5951290977850867,0.7759986797311123,0.3369507271426484,0.8324920368518531,0.8243794758501299,0.9203362745720215,0.7689854821368539,16,6,5,1,0.74029666752253,0.5951290977850867,0.3369507271426484,80.33
LOW,0.15071310521755985,0.1125623833748976,0.2746111498945888,0.1207299730000992,0.17771934454893765,0.030221051630058705,0.02274284418650872,0.08287672559076738,0.0,2,6,0,6,0.1125623833748976,0.2746111498945888,0.17771934454893765,0.0
HIGH,0.6251250376019082,0.6074725517426056,0.6492140909699636,0.7037583341188491,0.17507285791165544,0.7440665985398505,0.8334591060589752,0.6818192484378012,0.5381364260845257,19,9,8,1,0.6074725517426056,0.6492140909699636,0.17507285791165544,68.39
LOW,0.17544985102644992,0.2673492390122693,0.11688921639399276,0.17042531317493348,0.14114911711835704,0.2816800082824101,0.387242111584935,0.06996917417636868,0.1767045324808769,5,10,4,6,0.2673492390122693,0.11688921639399276,0.14114911711835704,12.12
HIGH,0.6744176865757417,0.7427568754218884,0.6928984847561829,0.6932408633093313,0.3595700295650357,0.7992926588790603,0.8226007938099813,1.0,0.5286609129653573,20,6,5,1,0.7427568754218884,0.6928984847561829,0.3595700295650357,78.47
LOW,0.18619529247184666,0.16070144522570232,0.17262838267206343,0.07557623884795651,0.12154396378830291,0.219699631264027,0.2355239692451141,0.2850463233843754,0.10687992520041724,4,3,1,2,0.16070144522570232,0.17262838267206343,0.12154396378830291,37.87
HIGH,0.6189111056191411,0.6661996267735857,0.5595500316279619,0.5106065040553924,0.3984008376099915,0.6819272260132022,0.9073221151391089,0.27556889951332086,0.41210088513536375,14,8,7,1,0.6661996267735857,0.5595500316279619,0.3984008376099915,73.17
LOW,0.27141137485533007,0.17671064709051448,0.4028301190103405,0.13415071210506474,0.08073253536038977,0.2283760514261032,0.2500844963638195,0.2664233251497638,0.12520344288929366,5,9,2,7,0.17671064709051448,0.4028301190103405,0.08073253536038977,9.43
HIGH,0.5788090280018723,0.4765122305797226,0.610948941547452,0.48895478943483534,0.4371217202736467,0.7176394470429465,0.7958541798223122,0.7092766040233509,0.49135809172444456,20,11,9,2,0.4765122305797226,0.610948941547452,0.4371217202736467,74.41
HIGH,0.7056143340244166,0.6271273613751144,0.6725259146048632,0.6846459962048463,0.42134421174837766,0.608961215052323,0.8027597712923444,0.3672965352694694,0.2692302261151124,14,6,5,1,0.6271273613751144,0.6725259146048632,0.42134421174837766,57.11
LOW,0.3790898571232915,0.3281701731354312,0.4047735378564784,0.4304752288433311,0.33161551296443204,0.02577218179822991,0.017322292327032852,0.07689403201005099,0.0,0,13,0,13,0.3281701731354312,0.4047735378564784,0.33161551296443204,2.53
LOW,0.05033395232771196,0.1585414651082356,0.24412978441439162,0.012274022782702572,0.0,0.030055978858974874,0.0,0.07558912814778986,0.0746907661470845,1,7,0,7,0.1585414651082356,0.24412978441439162,0.0,0.0
LOW,0.16838751280315128,0.08025776643721033,0.22165416062768856,0.1693886135568737,0.20670701144567094,0.17688543956200067,0.2948090659366678,0.0,0.0,2,6,2,4,0.08025776643721033,0.22165416062768856,0.20670701144567094,12.43
LOW,0.3099183993785311,0.34163734477140456,0.32661036592840065,0.40589678180606475,0.2639156135384766,0.19635522417657408,0.20817211561252627,0.24804530339306854,0.10921447065222321,2,7,1,6,0.34163734477140456,0.32661036592840065,0.2639156135384766,19.72
LOW,0.194941259856657,0.2995745097590441,0.03734005729893092,0.19050498987202383,0.13244939068921627,0.1542745438232883,0.11276067531111837,0.33838610379818734,0.09470458938489912,4,7,1,6,0.2995745097590441,0.03734005729893092,0.13244939068921627,0.0
LOW,0.2983239969445404,0.24800836854991845,0.2320139839205187,0.40308604786569247,0.34285223795636116,0.18428943027296768,0.262038856659337,0.054488266596133275,0.08084231479069412,2,6,2,4,0.24800836854991845,0.2320139839205187,0.34285223795636116,7.55
HIGH,0.5965279009315254,0.4714314914480735,0.6140801145118379,0.6152955474030004,0.5876488064948995,0.7672688838065004,0.8465329305316238,0.7092201179246541,0.5875255095129762,17,7,6,1,0.4714314914480735,0.6140801145118379,0.5876488064948995,74.7
HIGH,0.6744360294952204,0.6458336208108576,0.5650157175914556,0.6099626072058051,0.40990446825648547,0.7723653829265821,0.8100822590056453,0.7379847933375329,0.6935953442784413,16,6,5,1,0.6458336208108576,0.5650157175914556,0.40990446825648547,67.04
MEDIUM,0.3671604504986669,0.41531210238718225,0.31285739659129264,0.4480932835951986,0.2324402379828469,0.3574803638897471,0.45255944356077543,0.09933894753096735,0.330384541235442,10,10,5,5,0.41531210238718225,0.31285739659129264,0.2324402379828469,38.94
LOW,0.16924722352829846,0.14380502882373292,0.20682296108712672,0.10220568909424366,0.2351018871230576,0.20215567447424176,0.24339206262123006,0.12564589108585328,0.1549562934216653,5,11,3,8,0.14380502882373292,0.20682296108712672,0.2351018871230576,8.12
HIGH,0.7967550415991135,0.7710766543684157,0.7971699574918351,0.8123855148742174,0.5939098235798778,0.6318864623148013,0.7914720119248709,0.34150307843968797,0.4435131973597056,12,6,5,1,0.7710766543684157,0.7971699574918351,0.5939098235798778,74.7
LOW,0.21963946050101885,0.12169518769763792,0.18270808426734322,0.26662007344060606,0.21324286816839336,0.146245497753779,0.11305114061745106,0.11616623863795536,0.27590782827858656,2,8,1,7,0.12169518769763792,0.18270808426734322,0.21324286816839336,5.92
MEDIUM,0.43185979431713406,0.42935141826301393,0.3163840505621869,0.35484935631025794,0.2873683323148441,0.41822998563774627,0.5252098044966346,0.23676214502799986,0.27875836967082757,10,8,4,4,0.42935141826301393,0.3163840505621869,0.2873683323148441,32.17
HIGH,0.6458399698566079,0.6916076277444864,0.6758983936655963,0.7151053301109934,0.5234340251440742,0.810201155001051,0.9470988498304918,0.6303165182684439,0.5793927072453362,18,10,9,1,0.6916076277444864,0.6758983936655963,0.5234340251440742,75.79
MEDIUM,0.4998335628318544,0.43390504289073406,0.4938525577587898,0.49231366089355166,0.128355482421951,0.43009679702502057,0.5170609016111861,0.31853643343030674,0.2807648468612377,9,11,6,5,0.43390504289073406,0.4938525577587898,0.128355482421951,31.82
LOW,0.15190833338258594,0.12025684905250586,0.11111015927584544,0.24052252054128676,0.1923975856015065,0.1746124577661585,0.20934280691207652,0.06293869464601377,0.1820951734485491,2,8,2,6,0.12025684905250586,0.11111015927584544,0.1923975856015065,0.0
LOW,0.27546436171726085,0.457587456880708,0.2803931894124189,0.2142359205076365,0.0743285323736612,0.1885462741564813,0.26623458755667184,0.0,0.14402760811239107,4,10,3,7,0.457587456880708,0.2803931894124189,0.0743285323736612,11.12
HIGH,0.7170938371128299,0.6548439297639825,0.8651268229028319,0.6889594867439887,0.579540916023972,0.7502156796135528,0.7065108573843428,0.9052941765561858,0.7262516493585499,18,8,6,2,0.6548439297639825,0.8651268229028319,0.579540916023972,77.56
MEDIUM,0.5156546766527208,0.4509642390629164,0.4669541227610947,0.6058101281097047,0.45842404272692483,0.3515888326105529,0.4440436746826312,0.20328473129979185,0.22252840770507934,6,9,4,5,0.4509642390629164,0.4669541227610947,0.45842404272692483,35.05
HIGH,0.69117545497069,0.7719805507198843,0.6668306414115066,0.6740670068911768,0.3860981953662973,0.8065582184317764,0.9813741878096165,0.49669591060422597,0.5919726181258071,15,8,8,0,0.7719805507198843,0.6668306414115066,0.3860981953662973,77.21
LOW,0.22016575426344806,0.13943372695410072,0.2445920172513434,0.20847663173588446,0.4995206682088318,0.19563686631990998,0.2342148609610727,0.061937515293363554,0.21360223342296836,2,4,1,3,0.13943372695410072,0.2445920172513434,0.4995206682088318,32.07
HIGH,0.5266698955351921,0.49499645838234424,0.643031338811915,0.5567554632408538,0.28478331592338263,0.7333890836267103,0.8451805754256781,0.5380599457700374,0.5933437460864796,20,11,9,2,0.49499645838234424,0.643031338811915,0.28478331592338263,67.06
MEDIUM,0.2906480983207871,0.33330826001788816,0.18301041048615552,0.27260273663529877,0.23386871344316867,0.3143871414933758,0.37936090069559675,0.14514753312822726,0.28870547225186177,9,9,3,6,0.33330826001788816,0.18301041048615552,0.23386871344316867,23.62
LOW,0.12538052464429508,0.03970796497673354,0.08451035757796327,0.15817537144274046,0.12142873791374084,0.043558580260348444,0.0,0.021432297173249706,0.1963606041284925,0,8,0,8,0.03970796497673354,0.08451035757796327,0.12142873791374084,11.08
HIGH,0.7384333959313407,0.7703953764149515,0.7090257586385258,0.6802275013856292,0.7290708756585325,0.8748623103872362,0.98025646956942,0.8143874402217354,0.6191547030061854,20,6,6,0,0.7703953764149515,0.7090257586385258,0.7290708756585325,82.79
MEDIUM,0.25327321134425174,0.09000450329245016,0.2787365075565009,0.18854526996865908,0.0,0.6268075323131899,0.6310914254420614,0.7740161542101578,0.4667472310296074,12,7,4,3,0.09000450329245016,0.2787365075565009,0.0,52.76
MEDIUM,0.40877571374091615,0.4115099309988821,0.43282489828207904,0.4530858193632227,0.2728353554175146,0.5334141179926178,0.5319872132396885,0.6259664659508777,0.44514248429314635,15,9,5,4,0.4115099309988821,0.43282489828207904,0.2728353554175146,36.31
LOW,0.25425154435355507,0.5159336341307222,0.15885299021095683,0.19910392417616773,0.21985586386754333,0.21690963656519524,0.24766808635747903,0.29501389841750186,0.0465300253360373,6,10,2,8,0.5159336341307222,0.15885299021095683,0.21985586386754333,19.0
HIGH,0.8407758805254197,0.9391218750306528,0.88874264210865,0.8571236955021361,0.6111539173722309,0.802599323813295,0.8937011366208498,0.7781570268505283,0.5537361823533974,14,6,5,1,0.9391218750306528,0.88874264210865,0.6111539173722309,84.04
LOW,0.19730441635647927,0.2145319198195792,0.23736946704016815,0.14711874228312896,0.2846791082840703,0.1397744605542709,0.16787470075430308,0.056657301521849106,0.1385908989865962,1,4,1,3,0.2145319198195792,0.23736946704016815,0.2846791082840703,22.18
MEDIUM,0.5841089036319788,0.7049998289407096,0.5545524766060789,0.6074539250260835,0.5207849410274877,0.4365924228139944,0.4799816217934721,0.5235551041052363,0.2194621445843194,7,7,3,4,0.7049998289407096,0.5545524766060789,0.5207849410274877,44.09
HIGH,0.6815887067882835,0.5798887739952913,0.5949721610053382,0.7131566604979268,0.6615237360912254,0.8018113531454477,0.9314979999451518,0.5726206898697495,0.6419420760220341,15,8,7,1,0.5798887739952913,0.5949721610053382,0.6615237360912254,74.32
MEDIUM,0.1452950499005204,0.20912378592286193,0.10819545487671745,0.11246779138439136,0.27093805054214554,0.36539597380679023,0.44288033616999234,0.21398616919431793,0.28435269132965635,7,9,4,5,0.20912378592286193,0.10819545487671745,0.27093805054214554,7.23
MEDIUM,0.6037600627757423,0.6097422059065832,0.6398470454720481,0.5828463662018993,0.35668227432569266,0.5928126990980928,0.8016354174813117,0.31236162858978384,0.24679561445674478,12,10,8,2,0.6097422059065832,0.6398470454720481,0.35668227432569266,57.58
MEDIUM,0.45003241249058157,0.4708013203228387,0.6173659396422206,0.4769322721987712,0.07721729246832701,0.4919249052728595,0.5989448415147341,0.35757599889791974,0.30521400292217493,10,8,5,3,0.4708013203228387,0.6173659396422206,0.07721729246832701,47.79
HIGH,0.6457919202805499,0.5699770134294159,0.8876944364903412,0.5885233247780512,0.4620686354423926,0.6904696313434953,0.7803471799299706,0.6732936830102844,0.43801293391727986,17,7,5,2,0.5699770134294159,0.8876944364903412,0.4620686354423926,71.49
LOW,0.02287951616081372,0.16983112974713474,0.0,0.1451643813043229,0.11817004791071822,0.1868936993074417,0.26927992901416165,0.014501521909161853,0.11212718758556184,3,7,2,5,0.16983112974713474,0.0,0.11817004791071822,0.0
HIGH,0.8121784150984588,0.8056898425745099,0.7733943831382798,0.7673522364720774,0.6043708482055979,0.6566637886999023,0.8284994929364422,0.19896488830519132,0.5988555763849932,14,9,7,2,0.8056898425745099,0.7733943831382798,0.6043708482055979,64.64
HIGH,0.553546763168641,0.4713683154336283,0.49349092824830815,0.6210618888399655,0.351221639174357,0.836961512167259,0.8641706870578831,1.0,0.5922954996626457,19,9,8,1,0.4713683154336283,0.49349092824830815,0.351221639174357,74.54
LOW,0.2968740531923558,0.33273882965286616,0.28254077373528275,0.28589591704545536,0.2814262634607546,0.01808240230089399,0.013434791230417647,0.04101186684461945,0.009095770968597566,2,12,0,12,0.33273882965286616,0.28254077373528275,0.2814262634607546,0.0
MEDIUM,0.43411851919710165,0.3963233022313077,0.3281679425509506,0.5896994982091408,0.335136954836229,0.49238745062066175,0.6212224484294637,0.2115970101535572,0.38667289766136026,7,7,4,3,0.3963233022313077,0.3281679425509506,0.335136954836229,50.05
LOW,0.3597027859850983,0.37429392316300836,0.46217832268753223,0.2736692054555928,0.1594754377867495,0.08240487032880225,0.060571973408022554,0.1250297672664839,0.1052786641534597,1,7,0,7,0.37429392316300836,0.46217832268753223,0.1594754377867495,3.11
HIGH,0.6534413220411399,0.598592762652479,0.7772084809316687,0.6468552677857212,0.5844132188214904,0.7628635221930248,0.8573398253853843,0.6989552567597314,0.5433428780492399,17,5,4,1,0.598592762652479,0.7772084809316687,0.5844132188214904,76.8
MEDIUM,0.35975655330461287,0.3465690027782317,0.2904083645107445,0.4586364319256844,0.2829705220582966,0.5751143744110556,0.6050580290021332,0.6216368294209957,0.43876095562788275,10,10,6,4,0.3465690027782317,0.2904083645107445,0.2829705220582966,34.71
HIGH,0.7727533693625799,0.786405524702584,0.6615123746721323,0.7576538323216817,0.39151612498192806,0.7239254482543949,0.8957474809544193,0.3189254992025631,0.6134592992061536,20,9,8,1,0.786405524702584,0.6615123746721323,0.39151612498192806,84.06
HIGH,0.7818070093274485,0.6699938988518342,0.7048092010329616,0.8084584118934574,0.33143994025442114,0.7398371199621152,0.8970271372052894,0.4459473415763159,0.5621568466183917,15,6,5,1,0.6699938988518342,0.7048092010329616,0.33143994025442114,81.19
LOW,0.2006734534101622,0.1391820290132449,0.1809225849439796,0.09313454164882369,0.18108514285765756,0.24190376261888552,0.2707820295578327,0.3469196036692818,0.050253120751647624,4,7,2,5,0.1391820290132449,0.1809225849439796,0.18108514285765756,15.24
MEDIUM,0.4435950186685787,0.5305010920184212,0.3942366583681965,0.5224889424998357,0.3643662984321133,0.5045598677883618,0.548195512015158,0.2870126718485709,0.5912001310477643,9,6,3,3,0.5305010920184212,0.3942366583681965,0.3643662984321133,41.91
HIGH,0.7886826328799204,0.7344146425726288,0.8296902323544186,0.8092982905820448,0.5004153668184703,0.8371408672043916,0.9606531373782539,0.7278610782208821,0.5758838456663143,19,8,8,0,0.7344146425726288,0.8296902323544186,0.5004153668184703,89.29
LOW,0.13589840840124365,0.2713997076622431,0.051864812933359886,0.17010930591162327,0.06310481165072726,0.2568535404677074,0.41114567233391597,0.009651746277615936,0.04117893905917344,3,6,2,4,0.2713997076622431,0.051864812933359886,0.06310481165072726,2.62
LOW,0.0,0.01923370833024724,0.0,0.0,0.10856094029740587,0.07057020393304382,0.0430799721938073,0.17969436900282154,0.04391673408097565,3,11,0,11,0.01923370833024724,0.0,0.10856094029740587,0.0
MEDIUM,0.5226630246269172,0.5016727741701038,0.5091156240652079,0.6244421335686849,0.29099522990184634,0.5258203709631375,0.5636940658263182,0.5409255587304612,0.39709409860627204,10,8,5,3,0.5016727741701038,0.5091156240652079,0.29099522990184634,42.92
MEDIUM,0.5442411789037748,0.4597415794905591,0.5697099170297535,0.5332106037883959,0.38846153308926495,0.5003715732509909,0.7058880414451091,0.11253537818754507,0.271658363732082,9,8,6,2,0.4597415794905591,0.5697099170297535,0.38846153308926495,60.83
LOW,0.22901333270887556,0.37255187505516246,0.10910171034006418,0.22839523022042102,0.19694302978961897,0.08246100756658613,0.09025339438472936,0.13007145418177285,0.011473400496969755,4,9,1,8,0.37255187505516246,0.10910171034006418,0.19694302978961897,7.11
MEDIUM,0.3339847774600759,0.3791615777171287,0.33568066894106513,0.11846456804467684,0.35807238260887714,0.46341503334444306,0.5704984759380749,0.18618506719999095,0.4193946717079997,7,7,4,3,0.3791615777171287,0.33568066894106513,0.35807238260887714,42.04
MEDIUM,0.6448304613567464,0.6736073812690749,0.681821314064772,0.7081503759235324,0.3256829554127875,0.4962538852210553,0.6466222505727974,0.20318530637129434,0.33821736801558966,10,8,5,3,0.6736073812690749,0.681821314064772,0.3256829554127875,57.1
HIGH,0.717889171170518,0.769261407354459,0.7535634390375943,0.7096822954738317,0.6667385890124031,0.8375206476627777,0.9249098503297329,0.7375346600386213,0.6753390272860683,16,9,8,1,0.769261407354459,0.7535634390375943,0.6667385890124031,69.49
LOW,0.27609455258811166,0.2478468460746872,0.34018882237065,0.2879928066617335,0.3220727938378966,0.15619085465123192,0.16457399514552068,0.1467614826567688,0.14047080516282875,3,11,2,9,0.2478468460746872,0.34018882237065,0.3220727938378966,8.34
HIGH,0.8545896479778647,0.8737953689892312,0.8311733148241458,0.9151591174718203,0.6850830211076736,0.8042811862089585,0.8712270657066155,0.7160614624355093,0.6916632714894364,21,12,10,2,0.8737953689892312,0.8311733148241458,0.6850830211076736,88.41
HIGH,0.7557396557193623,0.7464858283210063,0.7709108956411533,0.6711095545568924,0.6587234786526694,0.7103289009391864,0.8087852218281057,0.5635776479093975,0.5617111913022177,18,12,10,2,0.7464858283210063,0.7709108956411533,0.6587234786526694,69.58
LOW,0.36588971676113125,0.14090195728064955,0.2856706757892443,0.5843928134938954,0.31521100908195554,0.08060999706116653,0.06728180607929361,0.09580820178252285,0.10539636528542894,5,10,1,9,0.14090195728064955,0.2856706757892443,0.31521100908195554,13.12
HIGH,0.7787084442098204,0.7228482284607916,0.696041444530698,0.6379157344533049,0.38858307149683413,0.6973767184549933,0.8282843875100583,0.4144420464598258,0.5875883832849661,7,6,5,1,0.7228482284607916,0.696041444530698,0.38858307149683413,66.92
MEDIUM,0.37734606145536415,0.4989080358000989,0.32826265671223215,0.4478199385113,0.2622439830506687,0.42136657949760625,0.5436542911491102,0.18292394223039257,0.29294608181030796,7,6,3,3,0.4989080358000989,0.32826265671223215,0.2622439830506687,38.8
MEDIUM,0.5690273207640715,0.6031745591657856,0.5331823020326916,0.5806667645268963,0.38993687238465363,0.36983238269177493,0.41986135941050895,0.36409924580423275,0.22547858942311505,5,6,3,3,0.6031745591657856,0.5331823020326916,0.38993687238465363,44.74
MEDIUM,0.36664087759453684,0.5682975729671744,0.43749572988675545,0.4709872882073751,0.3361729155235516,0.5352777684055698,0.827929746240786,0.19259960330549153,0.0,11,7,6,1,0.5682975729671744,0.43749572988675545,0.3361729155235516,49.27
HIGH,0.8320910002669872,0.8626556062239872,0.896004034474269,0.7569259809187665,0.4729243312652873,0.8290785610031755,1.0,0.6701803070294136,0.47521249798646387,16,7,7,0,0.8626556062239872,0.896004034474269,0.4729243312652873,85.62
LOW,0.049957959777949146,0.03435760956559561,0.0025238901523171875,0.13853070261341277,0.06427823717125605,0.16230401016204618,0.231838121609358,0.02568795924455494,0.09031772673760195,4,9,2,7,0.03435760956559561,0.0025238901523171875,0.06427823717125605,0.64
HIGH,0.7007989308907943,0.7642267003722086,0.6616107542036622,0.5557918615653029,0.5173951504254082,0.8479619281778396,0.9580259250517301,0.765069466361514,0.6006623993724929,16,7,7,0,0.7642267003722086,0.6616107542036622,0.5173951504254082,87.86
LOW,0.14391009091561738,0.2326640260509819,0.07328084975180933,0.09722822061233413,0.26437958487509866,0.21997580475331807,0.3042298325280695,0.06419906941089774,0.12299045677148404,2,8,2,6,0.2326640260509819,0.07328084975180933,0.26437958487509866,3.26
LOW,0.1643388523440694,0.18410705753050305,0.25469743737990297,0.1386159895717552,0.009271717028562068,0.17435983672828873,0.23898219902132545,0.06733766664321965,0.08751491993424779,5,7,2,5,0.18410705753050305,0.25469743737990297,0.009271717028562068,0.0
LOW,0.1996310974351608,0.1371396980525385,0.27161716400542346,0.264691711732732,0.13496630635575851,0.13659576647225613,0.16751914935875672,0.08880431657683531,0.09161706770817515,3,8,1,7,0.1371396980525385,0.27161716400542346,0.13496630635575851,8.15
MEDIUM,0.3023687822881708,0.2183156703495189,0.16248733992948894,0.3716805743167788,0.23669047692076586,0.491132901848534,0.6257901273899157,0.06410035232730626,0.5141937747456166,7,7,4,3,0.2183156703495189,0.16248733992948894,0.23669047692076586,44.17
HIGH,0.6453675641487333,0.6597013061168032,0.8739654101859098,0.6694575435768952,0.612393409967185,0.8288520139098583,0.9964538516153565,0.7236020072989038,0.4312965074043186,17,10,10,0,0.6597013061168032,0.8739654101859098,0.612393409967185,91.53
MEDIUM,0.1319731743242189,0.10473268672167178,0.18428899999805415,0.11301126448103757,0.16388180312631057,0.32954384032124656,0.4224963748431557,0.08880352544247848,0.2914265516342873,6,8,3,5,0.10473268672167178,0.18428899999805415,0.16388180312631057,20.88
HIGH,0.7313165607332349,0.736754158426325,0.6067792845623483,0.6257941460397539,0.5131126941381275,0.8217555566724812,1.0,0.7658539623797622,0.3429238209826441,15,3,3,0,0.736754158426325,0.6067792845623483,0.5131126941381275,85.53
LOW,0.11192820792885586,0.13994520775753794,0.17962208497108487,0.07613111687233731,0.03574118852709255,0.17244310669810012,0.20303153973180688,0.15426763465603288,0.09885327963904714,4,10,2,8,0.13994520775753794,0.17962208497108487,0.03574118852709255,0.0
MEDIUM,0.37744395161490646,0.33196858491748665,0.3721796859291317,0.38281844038722496,0.22554240188160618,0.4610361238659616,0.5473849154576487,0.3420475537143652,0.3209783192424968,11,3,2,1,0.33196858491748665,0.3721796859291317,0.22554240188160618,42.0
HIGH,0.5621898658465976,0.5245098449466575,0.5084045965409644,0.6797677670072813,0.33495154540903,0.7795081667145018,0.9606463989552073,0.519915909465361,0.49568572724152676,20,8,8,0,0.5245098449466575,0.5084045965409644,0.33495154540903,62.86
LOW,0.005269483431018318,0.0,0.0,0.0,0.0,0.039206726398563214,0.0,0.0,0.19603363199281607,1,9,0,9,0.0,0.0,0.0,0.0
HIGH,0.5860843924465718,0.5826276062948906,0.6555385348247054,0.6582737858173975,0.4733203109609336,0.7378670431000044,0.8409954508745645,0.6549099664807976,0.5114388963955305,21,8,7,1,0.5826276062948906,0.6555385348247054,0.4733203109609336,57.62
MEDIUM,0.5954098688635389,0.4781385492608558,0.5439100748422389,0.5530867890581277,0.39445793599907875,0.3561661928292775,0.31060642605906746,0.46905721206760786,0.37995447390157727,7,9,3,6,0.4781385492608558,0.5439100748422389,0.39445793599907875,37.12
HIGH,0.6667403339228487,0.839017768096519,0.6743959641305491,0.5717382078438749,0.4847517678123855,0.6421664245855897,0.7918563259149353,0.4101979214969977,0.42506522368614513,16,7,6,1,0.839017768096519,0.6743959641305491,0.4847517678123855,69.47
MEDIUM,0.31812905212913495,0.27482390369428306,0.33988914067979004,0.26786345329806194,0.19485369246028458,0.491196805218092,0.6162038038794925,0.2802454637597396,0.327127150692243,12,11,7,4,0.27482390369428306,0.33988914067979004,0.19485369246028458,38.8
MEDIUM,0.273930960781588,0.18575999844050609,0.2072432901359963,0.20554416742696535,0.18272269793643017,0.5729205031249549,0.6421966072122733,0.6010316833409446,0.33698101064700986,8,7,4,3,0.18575999844050609,0.2072432901359963,0.18272269793643017,45.93
MEDIUM,0.47195145042467496,0.6404506742409416,0.5711991741201208,0.5347563238846739,0.23415830229011247,0.3914269173189045,0.4730507876204885,0.33103107861429953,0.20695114511875756,10,9,4,5,0.6404506742409416,0.5711991741201208,0.23415830229011247,27.26
HIGH,0.710231033380886,0.5719053416415059,0.7061236047132885,0.7327275498547184,0.5944409595101943,0.801410071030296,0.8730018877498708,0.8155876534894415,0.5724570384124259,12,5,4,1,0.5719053416415059,0.7061236047132885,0.5944409595101943,89.35
LOW,0.2322909230404723,0.3519474607348746,0.31681971096380085,0.28698122139884996,0.07147249725496342,0.2892154783247082,0.4077714501238812,0.1536301432208273,0.06913289803107027,5,7,3,4,0.3519474607348746,0.31681971096380085,0.07147249725496342,7.35
HIGH,0.6046429185305973,0.6342915672365402,0.5629132915419445,0.583489421512621,0.3475590556949116,0.8755024183524889,0.8871016455055359,1.0,0.7162071552458369,20,9,8,1,0.6342915672365402,0.5629132915419445,0.3475590556949116,86.9
MEDIUM,0.3504217941350965,0.34422668472452034,0.20466513576965006,0.4402699629559681,0.45179768166465306,0.4118208086139265,0.5620123936934629,0.0,0.3730668619892437,5,6,3,3,0.34422668472452034,0.20466513576965006,0.45179768166465306,41.06
HIGH,0.6511891224661398,0.5992206718580066,0.6612560068838064,0.6184318782651504,0.3449086723659971,0.773346189015575,0.8733949454817312,0.7179185246510369,0.528627583981644,16,5,4,1,0.5992206718580066,0.6612560068838064,0.3449086723659971,61.85
MEDIUM,0.3755761854535301,0.3874304956832433,0.4205091300777489,0.46571737011441294,0.191662842482255,0.47954820087087446,0.6379873506000223,0.3891636775762922,0.0946152749780132,10,12,8,4,0.3874304956832433,0.4205091300777489,0.191662842482255,38.06
HIGH,0.7275636782329077,0.6879975276599791,0.7937438903241478,0.60273428031746,0.502711695895643,0.7361320447416859,0.8548900258758033,0.5145404115865937,0.6014497344944255,17,10,9,1,0.6879975276599791,0.7937438903241478,0.502711695895643,83.07
MEDIUM,0.342872134891439,0.3222359674321539,0.3189132636281098,0.28713934189100326,0.28285878728959063,0.37785554507690705,0.5851969281557139,0.03187006034611635,0.10181688057127707,6,9,5,4,0.3222359674321539,0.3189132636281098,0.28285878728959063,28.71
HIGH,0.5729047162594441,0.45998173589334923,0.7068592508510677,0.6010303788964407,0.3591092357142837,0.6861794882499688,0.825284763788299,0.5479118302185441,0.4071313196664028,15,10,8,2,0.45998173589334923,0.7068592508510677,0.3591092357142837,71.48
HIGH,0.5956649816382685,0.5615608545971644,0.3857316394381552,0.5860034955043479,0.3999535680337721,0.7720202473756924,0.9659794197238374,0.2727390144033241,0.6894239633036258,21,10,10,0,0.5615608545971644,0.3857316394381552,0.3999535680337721,72.84
HIGH,0.5528755965093094,0.609919401725672,0.4911825755413138,0.4207634499154745,0.2745988657400805,0.7563192910862001,0.9004424910903417,0.48514015835647933,0.5951288238034961,9,4,4,0,0.609919401725672,0.4911825755413138,0.2745988657400805,79.88
HIGH,0.5990675578404154,0.5151238109673109,0.5988275863627722,0.6806281226565214,0.4612673513173513,0.8133837724644815,0.9118578476946783,0.8690308162625194,0.4623145029758536,18,8,7,1,0.5151238109673109,0.5988275863627722,0.4612673513173513,77.58
MEDIUM,0.4587441885394189,0.4614967882182611,0.3748699771366568,0.5228878613314547,0.2234824112009674,0.4371422577857735,0.5172649833179239,0.2909439054559897,0.3429724335191059,9,4,2,2,0.4614967882182611,0.3748699771366568,0.2234824112009674,40.76
HIGH,0.6521835075483845,0.6482760206896636,0.8052863907538584,0.629996450844891,0.580413443751215,0.8001699234647115,0.9031236068451648,0.733083766058698,0.558395030729365,18,10,9,1,0.6482760206896636,0.8052863907538584,0.580413443751215,73.84
HIGH,0.7099710376324091,0.6923055347883827,0.7667930277501032,0.8143495736181307,0.39939589261918546,0.7360498330482357,0.8412840966708854,0.3627521163374292,0.7936447588910925,17,9,8,1,0.6923055347883827,0.7667930277501032,0.39939589261918546,62.76
MEDIUM,0.5111097581295703,0.4908891428868163,0.5971662081156819,0.6960562481809967,0.26307054798130397,0.37145068508135,0.3966869131034955,0.17444878689428464,0.49274389920197886,8,10,4,6,0.4908891428868163,0.5971662081156819,0.26307054798130397,32.18
HIGH,0.7890027157743184,0.758610569845634,0.7681965926179184,0.8377058974966589,0.5335024072337007,0.7882331704643002,0.8812027205201723,0.6521150411058151,0.6454426496551693,21,11,10,1,0.758610569845634,0.7681965926179184,0.5335024072337007,89.18
HIGH,0.6292202136831283,0.6815391122619375,0.642919479651174,0.5154099217831484,0.40764718723563,0.7911642824607572,0.8933682381214757,0.5479084265943043,0.7278082713450553,20,9,8,1,0.6815391122619375,0.642919479651174,0.40764718723563,78.02
HIGH,0.606340218238975,0.6072945808947003,0.6073845322930103,0.49697110751623635,0.37048540579024297,0.7920940197211005,0.874137392118691,0.7326959088111443,0.6053620134382848,17,7,6,1,0.6072945808947003,0.6073845322930103,0.37048540579024297,75.8
MEDIUM,0.39183575616581495,0.47815484737720526,0.2572912956356006,0.40085105219905814,0.4328111507345992,0.36033440727269406,0.43590805704842794,0.35042981608553714,0.14351804913264946,10,11,5,6,0.47815484737720526,0.2572912956356006,0.4328111507345992,29.14
MEDIUM,0.5293774073574578,0.45932710875771854,0.4775951734304725,0.5689719117193216,0.3081520796439264,0.23179336609659407,0.232413503181921,0.3393518402721844,0.12237448066502286,8,11,3,8,0.45932710875771854,0.4775951734304725,0.3081520796439264,22.23
HIGH,0.511060241212608,0.4231032902701677,0.5923660974158639,0.6896031328519993,0.4303818201687214,0.7353476835942012,0.8926365969103177,0.5636081248692167,0.4352205023708366,20,12,11,1,0.4231032902701677,0.5923660974158639,0.4303818201687214,82.56
MEDIUM,0.2411044282384472,0.18782823657770384,0.1875808183045414,0.23471671910998804,0.16274167445553767,0.6920676820627879,0.9994358643097214,0.13455442510504823,0.3274763922797268,13,9,9,0,0.18782823657770384,0.1875808183045414,0.16274167445553767,55.15
MEDIUM,0.4627783433523218,0.5036902630462716,0.4889863900940121,0.5083944156652891,0.4652056304102484,0.5190565728669896,0.6905449812871512,0.3642589226994874,0.15938899777400664,10,7,5,2,0.5036902630462716,0.4889863900940121,0.4652056304102484,52.77
MEDIUM,0.3377120160978778,0.24265612096825084,0.20561779537343533,0.3189159597959123,0.08943186706148396,0.3221345980866682,0.39992114737639123,0.2712196254311395,0.13968992287302792,10,9,4,5,0.24265612096825084,0.20561779537343533,0.08943186706148396,20.66
LOW,0.25374297701390774,0.1966233692351334,0.19112426408612415,0.349462855268811,0.2660388577810141,0.2018244925966441,0.2721860002812704,0.1925644621394093,0.0,5,11,3,8,0.1966233692351334,0.19112426408612415,0.2660388577810141,19.9
LOW,0.20489248246801564,0.18286774547905127,0.23426403261891207,0.17995264975565148,0.2302123477341222,0.06766077633198238,0.009625202653735974,0.04584241382057223,0.2635858598781317,1,7,0,7,0.18286774547905127,0.23426403261891207,0.2302123477341222,0.0
HIGH,0.6263735109857804,0.6115246362012164,0.694282833868586,0.5704724374805952,0.5173225696165683,0.8650382348137019,0.9657783452448285,0.8609912189438588,0.5668649193901649,27,14,14,0,0.6115246362012164,0.694282833868586,0.5173225696165683,84.69
LOW,0.1902940874125859,0.3044002455645886,0.3270568566626874,0.30856041544780427,0.21172509186177207,0.05947326345438427,0.04932077524453138,0.14871618178256701,0.0006878097557601882,2,5,0,5,0.3044002455645886,0.3270568566626874,0.21172509186177207,5.66
HIGH,0.7497136240386093,0.7922405028980292,0.6709414172392192,0.741315489263836,0.3740878582635777,0.6953890047315306,0.7397304696479844,0.7981285419686148,0.459625072745085,20,10,7,3,0.7922405028980292,0.6709414172392192,0.3740878582635777,70.18
HIGH,0.6338843271386357,0.4862140171684898,0.6437490794940324,0.5962144167613749,0.39971012793833177,0.7881546279396084,1.0,0.34482860345346567,0.5959445362445766,16,6,6,0,0.4862140171684898,0.6437490794940324,0.39971012793833177,78.47
LOW,0.10551103823977402,0.04426400517670814,0.1796910788274449,0.24717485597797906,0.12188850849026053,0.14100403126309996,0.09230951350742808,0.13389385224620684,0.2941977635470088,4,8,1,7,0.04426400517670814,0.1796910788274449,0.12188850849026053,0.0
HIGH,0.7619565206125543,0.7937427852735834,0.7006454262036614,0.6971951240421063,0.6321980047390537,0.9409745129301526,0.9953240650120116,0.952428711624384,0.7664716579903441,19,8,8,0,0.7937427852735834,0.7006454262036614,0.6321980047390537,100.0
HIGH,0.6017544741332408,0.5190636208917279,0.6411088902417456,0.5875725012145209,0.41858513641919876,0.8937600452675332,0.9858026691768156,0.8018074289970072,0.7095847898102119,16,4,4,0,0.5190636208917279,0.6411088902417456,0.41858513641919876,86.33
MEDIUM,0.37141252304280337,0.30417371005648985,0.37314837672759665,0.5016408405383285,0.4622477065964524,0.42118755869456315,0.4278568670390077,0.4553114500987148,0.3670557422570778,11,9,4,5,0.30417371005648985,0.37314837672759665,0.4622477065964524,32.18
HIGH,0.8102466514368057,0.7254343396289443,0.8739043379072496,0.881636521397722,0.5986693847209428,0.8466425564619224,0.9905139496402183,0.6876148068598075,0.5740561265291502,14,8,8,0,0.7254343396289443,0.8739043379072496,0.5986693847209428,88.83
HIGH,0.5813552021807442,0.696076664959906,0.6216918036635009,0.5789687157051804,0.3504683064162783,0.8140264035497535,0.9236935667702992,0.8482872186635027,0.45076409877436713,20,8,7,1,0.696076664959906,0.6216918036635009,0.3504683064162783,66.85
LOW,0.15707086294524616,0.14636447432484345,0.11694057843549394,0.1680808313618298,0.3023123261039441,0.17442774475357228,0.1611293031285739,0.12917110090941067,0.259579713472729,5,7,1,6,0.14636447432484345,0.11694057843549394,0.3023123261039441,5.98
LOW,0.27502011249463193,0.29958878150122564,0.269769657943705,0.22509679730429508,0.20009323374267762,0.21928183154851863,0.3076833750824029,0.09868885690033295,0.07467017559505139,5,7,2,5,0.29958878150122564,0.269769657943705,0.20009323374267762,22.35
HIGH,0.6331412142552509,0.6634899278286199,0.7553437794358313,0.7248204389202557,0.3180136287606845,0.7236799107268439,0.8788739224006511,0.4638792890620976,0.517898497370169,16,11,10,1,0.6634899278286199,0.7553437794358313,0.3180136287606845,64.09
LOW,0.2287310602575993,0.27839144590885984,0.26372693504652195,0.3227858925160806,0.0,0.2510222333177955,0.34260038460307246,0.06879046799537085,0.15851954478438943,3,5,2,3,0.27839144590885984,0.26372693504652195,0.0,25.53
MEDIUM,0.2597694452870682,0.2622296491698605,0.17295062199569675,0.3002091288237302,0.25956026534656035,0.5766975793099238,0.7430755363762132,0.2429941091383251,0.41126717828265485,9,11,8,3,0.2622296491698605,0.17295062199569675,0.25956026534656035,47.07
MEDIUM,0.41895283363350755,0.32209094743149885,0.4943892941222806,0.322992127428887,0.27543184009236504,0.4699711994375596,0.5439813913295007,0.49310761034079986,0.22480421285849608,10,7,4,3,0.32209094743149885,0.4943892941222806,0.27543184009236504,52.45
MEDIUM,0.2691022560265471,0.29432961744947334,0.18217945392780371,0.3506071554830865,0.09451712448765964,0.3738820514717558,0.4488027672726515,0.23214582818720073,0.29085612735362354,9,9,4,5,0.29432961744947334,0.18217945392780371,0.09451712448765964,22.72
LOW,0.2727786150310189,0.26854192193797666,0.36571739823219485,0.21615951267262398,0.030717557786613753,0.1860442557583607,0.19591687967803098,0.2295952688284265,0.11287537092928407,3,8,2,6,0.26854192193797666,0.36571739823219485,0.030717557786613753,23.69
LOW,0.12746057423717602,0.17306330992389785,0.0,0.2294278274676832,0.15164171338775878,0.23332900113009108,0.3079077286173332,0.15581170119496543,0.0871101186034904,4,6,2,4,0.17306330992389785,0.0,0.15164171338775878,3.43
MEDIUM,0.5468135796657722,0.6649582701616288,0.5765549909100012,0.6207796081933871,0.35305503204302624,0.4266265842667287,0.4782584292987708,0.44473437816336026,0.25362325527397095,8,9,4,5,0.6649582701616288,0.5765549909100012,0.35305503204302624,34.0
LOW,0.28866900754060965,0.2098165140232752,0.3423181523811233,0.24605015369778765,0.20371882289845772,0.29090369442574066,0.37003332989487764,0.18074872340229486,0.16366975904177544,5,12,4,8,0.2098165140232752,0.3423181523811233,0.20371882289845772,13.56
HIGH,0.6745498946593385,0.486185845515987,0.6579556357235936,0.6309842361077455,0.5505609030013168,0.7870473253704181,0.9281935503208032,0.5298606744461326,0.6207953014435486,15,9,8,1,0.486185845515987,0.6579556357235936,0.5505609030013168,75.94
HIGH,0.5909340025630715,0.5315364377291852,0.5968672966915533,0.5153033882142862,0.3623086030892391,0.7382458334953238,0.8019735454733921,0.6842227797062541,0.6010857513501889,17,9,7,2,0.5315364377291852,0.5968672966915533,0.3623086030892391,58.68
HIGH,0.6592693327681515,0.6270057077345015,0.6652678302073384,0.7733126425578329,0.542698154206166,0.7751025184031057,0.8209985776121045,0.7856805750593268,0.6268362841198883,18,6,5,1,0.6270057077345015,0.6652678302073384,0.542698154206166,72.36
LOW,0.2455202724637142,0.26287721835287614,0.22730606212884796,0.24252402566505024,0.09995564283575374,0.20572356508638504,0.27321566045565315,0.09565493654910741,0.11331590751585824,3,9,2,7,0.26287721835287614,0.22730606212884796,0.09995564283575374,7.25
LOW,0.2564742258490407,0.15949742394929942,0.2670798026406929,0.28615328384420496,0.23976724198358054,0.0987320365735939,0.05551797033967291,0.0934838381859309,0.23362243366301993,4,11,1,10,0.15949742394929942,0.2670798026406929,0.23976724198358054,8.08
MEDIUM,0.5362345950469264,0.5235928967471791,0.5810768570687539,0.48560711865875705,0.3580709052488556,0.4964737312136785,0.5746221040114637,0.39925561829877165,0.35924672573522975,6,7,4,3,0.5235928967471791,0.5810768570687539,0.3580709052488556,61.78
HIGH,0.7447420711202378,0.638822703541829,0.6828864617728077,0.7854714766443154,0.6554310109522951,0.72151030625469,0.8029687492366515,0.6251334358302197,0.5735118477332763,17,10,8,2,0.638822703541829,0.6828864617728077,0.6554310109522951,64.48
HIGH,0.8124795965171238,0.805872279577511,0.8448988038216383,0.7745202981629581,0.4841584380893972,0.8565371129644902,0.9821140544437775,0.7274991695628922,0.6088442319282259,19,11,11,0,0.805872279577511,0.8448988038216383,0.4841584380893972,86.58
LOW,0.1435686762238758,0.20621959904567183,0.1285767385515571,0.06416605162410063,0.10707524087547923,0.19724828720637413,0.22044065249681458,0.19346820628963304,0.13145127225179395,4,9,2,7,0.20621959904567183,0.1285767385515571,0.10707524087547923,6.61
LOW,0.2288838351659376,0.20223385389524634,0.36406964480121884,0.3362584187477951,0.22350259785131715,0.16549043860947144,0.24541603271515827,0.09120409490188229,0.0,4,8,2,6,0.20223385389524634,0.36406964480121884,0.22350259785131715,11.63
LOW,0.2921330197877685,0.23676069405233913,0.23748697121104761,0.4082015541672212,0.2815912727707528,0.12807684564055777,0.15310748694400148,0.08927888310477633,0.09178288426600813,3,8,1,7,0.23676069405233913,0.23748697121104761,0.2815912727707528,25.51
HIGH,0.766259815042525,0.6313416785473136,0.7274678156202182,0.8645650152598534,0.5766134096654291,0.6423193734902262,0.5488708332108131,0.7848046404632394,0.7801797273554523,16,4,2,2,0.6313416785473136,0.7274678156202182,0.5766134096654291,52.73
LOW,0.199135137398776,0.011137440179206676,0.23482616357795894,0.2912023173309407,0.17578329656130048,0.17387406762151092,0.2701793164471536,0.05883238876609384,0.0,5,9,2,7,0.011137440179206676,0.23482616357795894,0.17578329656130048,16.08
MEDIUM,0.26821267113468794,0.2005352517909007,0.14077463503227647,0.27174786469917106,0.22709045031233382,0.3767888375356884,0.3354620075136449,0.5054256918551057,0.3721324732824017,8,7,2,5,0.2005352517909007,0.14077463503227647,0.22709045031233382,11.55
LOW,0.2007384974130326,0.21423830503128777,0.2310486503746465,0.22027783687147837,0.11408257846255575,0.19911870655716146,0.23434339310651803,0.20020319933102482,0.09236015413522845,4,9,2,7,0.21423830503128777,0.2310486503746465,0.11408257846255575,6.82
LOW,0.14447740558297947,0.17536915766235472,0.14673783530378312,0.12016263146136802,0.06831990069341956,0.10954161006865763,0.1390254809101176,0.0,0.13063160761293538,3,8,1,7,0.17536915766235472,0.14673783530378312,0.06831990069341956,0.0
MEDIUM,0.40443168625804404,0.33442291488246834,0.32493689267063086,0.26571789399967105,0.4363649696199436,0.5859197402979512,0.7556601086152993,0.47014903257695156,0.1924693430669064,14,12,9,3,0.33442291488246834,0.32493689267063086,0.4363649696199436,51.05
LOW,0.26589105844808725,0.4419793095484547,0.2857888392736088,0.23412859448178927,0.12494325256768149,0.05274157796511401,0.0,0.07214042271937955,0.19156746710619046,1,9,0,9,0.4419793095484547,0.2857888392736088,0.12494325256768149,0.0
HIGH,0.8012813705195373,0.835738911037136,0.814620184090206,0.7375247582570408,0.6476151407748774,0.7066701245975554,0.6494476145004655,0.726569141773029,0.8584386377133518,13,5,3,2,0.835738911037136,0.814620184090206,0.6476151407748774,73.93
HIGH,0.8036374242558979,0.8414335054043219,0.8158214540596834,0.8674192291494404,0.5642212678863027,0.8507406477100227,1.0,0.6802693867313483,0.5734338518187646,14,5,5,0,0.8414335054043219,0.8158214540596834,0.5642212678863027,96.12
LOW,0.0,0.0025852376950059857,0.10965956059799824,0.003390498295690051,0.0,0.0596254841961726,0.0,0.14522541227021935,0.1529020087106436,3,4,0,4,0.0025852376950059857,0.10965956059799824,0.0,0.0
LOW,0.2583525091833342,0.3106471258882397,0.3000101810794733,0.32783029490342985,0.0,0.03512644002869468,0.019872867965418265,0.026399209981022832,0.08961438626619575,1,9,0,9,0.3106471258882397,0.3000101810794733,0.0,9.87
LOW,0.11276148917062072,0.1318475779746584,0.044934965352873654,0.09770172610233538,0.11111217932428397,0.0972874196311533,0.0,0.3411244039639685,0.14531269419179801,5,7,0,7,0.1318475779746584,0.044934965352873654,0.11111217932428397,0.0
HIGH,0.6512884189602373,0.7834477659557044,0.6428896424557669,0.663247147019398,0.5762801085747107,0.832562154689348,0.9468111565968862,0.6391303869731856,0.6832469166828956,23,13,12,1,0.7834477659557044,0.6428896424557669,0.5762801085747107,81.15
HIGH,0.8310429500831518,0.783107131280518,0.8087775453062189,0.7080475141530205,0.4633432787942089,0.7953661199265635,0.8585759997841624,0.6388126011879155,0.7622899990924143,16,9,8,1,0.783107131280518,0.8087775453062189,0.4633432787942089,81.47
LOW,0.31266103486291924,0.3149130276808555,0.27725891761981264,0.4026556617192907,0.11953001173157479,0.23696505939403162,0.24704364776690277,0.3272658990893331,0.11642845458011661,4,6,1,5,0.3149130276808555,0.27725891761981264,0.11953001173157479,15.39
LOW,0.2701036026872107,0.35953035473118844,0.24523106892140487,0.2399247487595088,0.09291598276886448,0.12178074612061932,0.18200772794389203,0.04376316170768091,0.019117385063739563,3,12,2,10,0.35953035473118844,0.24523106892140487,0.09291598276886448,12.71
MEDIUM,0.5425243460111766,0.5094755497874395,0.564328555848894,0.5210019072703238,0.4236134046854896,0.44354259995154355,0.6012536328937247,0.2734679478271596,0.1404841532493841,10,8,5,3,0.5094755497874395,0.564328555848894,0.4236134046854896,38.92
HIGH,0.7965342112242775,0.9988027292409936,0.7652384109586245,0.753437259500352,0.44663184481307006,0.7786364266988286,0.9166913525189606,0.690463636111671,0.45264443982559016,13,8,7,1,0.9988027292409936,0.7652384109586245,0.44663184481307006,91.11
HIGH,0.696534364858702,0.5823988911548796,0.6499460769017762,0.6741670725772998,0.48644497070500836,0.8781752267109939,0.938378601241801,0.9378150166972441,0.6379253131323228,24,10,9,1,0.5823988911548796,0.6499460769017762,0.48644497070500836,89.86
MEDIUM,0.5710934287506066,0.6569341716275392,0.6229786957878894,0.45472322098771845,0.31561938481595986,0.465935657408999,0.5087718843954274,0.5059242041471799,0.29743842971153284,14,10,5,5,0.6569341716275392,0.6229786957878894,0.31561938481595986,49.78
LOW,0.09630060953412818,0.13491144949059025,0.04769828625769488,0.0,0.03866331346830609,0.29688085167322564,0.35896843587527016,0.14607420101184634,0.26142474972847135,7,8,3,5,0.13491144949059025,0.04769828625769488,0.03866331346830609,11.46
MEDIUM,0.29647318944942047,0.3853182086728419,0.25630317913418216,0.24470937829672232,0.33565428899085153,0.6008295076627438,0.7237334003193936,0.5764102734421358,0.25653706391340225,12,8,6,2,0.3853182086728419,0.25630317913418216,0.33565428899085153,53.3
LOW,0.2368146555198407,0.39480594234842936,0.3085902089624856,0.21803070399068725,0.24864139947678598,0.34178374124744365,0.40471283344505277,0.29982889833413345,0.19495130756792647,6,8,3,5,0.39480594234842936,0.3085902089624856,0.24864139947678598,23.75
HIGH,0.7433769122214451,0.7797394619709499,0.7474887405668125,0.7171456272109481,0.5041503878906198,0.849471316456639,0.9108340788196424,0.9936199992479645,0.5212343465763039,17,8,7,1,0.7797394619709499,0.7474887405668125,0.5041503878906198,92.14
LOW,0.3624497845956756,0.3787189465713324,0.40839812725801444,0.35016575882207257,0.30651671718642515,0.18597483780140728,0.23767581829990575,0.10582643872514874,0.11102029538217037,4,9,2,7,0.3787189465713324,0.40839812725801444,0.30651671718642515,15.32
HIGH,0.9710546768846383,0.8747053210019148,0.8702969805345536,0.8944824506599863,0.6694094323153913,0.8507763294944505,0.9716624408829806,0.7682505884096544,0.5706437364136563,19,9,9,0,0.8747053210019148,0.8702969805345536,0.6694094323153913,95.62
MEDIUM,0.2598940393353777,0.16698922295757002,0.17016875443316498,0.32102269723007965,0.206461322392006,0.4093899075414164,0.6416591800110915,0.0,0.1219719976738076,6,9,6,3,0.16698922295757002,0.17016875443316498,0.206461322392006,42.11
MEDIUM,0.5512013870309974,0.4801146170504404,0.635113684244724,0.807854260144317,0.1585232079095856,0.46282639744067844,0.6543065721790973,0.0,0.3512122706661005,8,8,5,3,0.4801146170504404,0.635113684244724,0.1585232079095856,43.99
HIGH,0.5551642162029619,0.654495197234861,0.5224241916741472,0.44294896201071465,0.5481086336761432,0.876080099768681,0.8946125877752678,1.0,0.6965627355176011,17,6,5,1,0.654495197234861,0.5224241916741472,0.5481086336761432,80.5
LOW,0.2437517713367115,0.2578551810244282,0.22776140436884687,0.23970720846834037,0.3010854485035305,0.14333472518163567,0.20044464209569693,0.06050027287018253,0.05483942675090506,1,7,1,6,0.2578551810244282,0.22776140436884687,0.3010854485035305,4.66
HIGH,0.6793400739432502,0.7356930074277381,0.48103955251118347,0.7248049786605206,0.45940278132336376,0.7522294711066122,0.8614847981687593,0.6861919914842264,0.49050096954255673,15,4,3,1,0.7356930074277381,0.48103955251118347,0.45940278132336376,79.93
HIGH,0.6033814627927562,0.4857928615041854,0.6212928793582008,0.7324567396107848,0.4426836716290331,0.7213518808951589,0.7893790715125739,0.6950233454076805,0.5435988445303926,19,10,8,2,0.4857928615041854,0.6212928793582008,0.4426836716290331,50.01
LOW,0.09965205904959162,0.0,0.08457418621970653,0.13252974777199256,0.0,0.22674789811956766,0.28454917004690616,0.17633388475316,0.10375809570395983,3,6,2,4,0.0,0.08457418621970653,0.0,13.76
MEDIUM,0.5777364552983014,0.5645205225678664,0.5700696953268729,0.44108943886523544,0.3897438556959523,0.4737335537409889,0.6420378274017065,0.08271798242960374,0.35983630407022144,7,8,5,3,0.5645205225678664,0.5700696953268729,0.3897438556959523,56.64
LOW,0.2346680748743709,0.3642228875202343,0.3498635260024239,0.26585261251745274,0.13409957479897502,0.11686461601714425,0.12370369321428432,0.0697074206094358,0.1435045798334325,3,6,1,5,0.3642228875202343,0.3498635260024239,0.13409957479897502,19.45
HIGH,0.5655605196716694,0.4579809399663564,0.6276857638085954,0.560780825354834,0.48357545337657387,0.7838113177791511,0.857309260067252,0.8161247095079663,0.531004099186033,16,7,6,1,0.4579809399663564,0.6276857638085954,0.48357545337657387,68.17
LOW,0.1903618186441513,0.24192294573872697,0.14741228801448736,0.10620759288576545,0.10986522195911237,0.21494271501166595,0.33214310400550384,0.04792682086017164,0.030357442181646772,4,8,3,5,0.24192294573872697,0.14741228801448736,0.10986522195911237,20.92
HIGH,0.7643992678531235,0.8219412868067493,0.6721580372985131,0.68733270221556,0.42668985853662134,0.7548366009215474,0.7934283395446684,0.8090919749740807,0.5848060109996507,12,8,6,2,0.8219412868067493,0.6721580372985131,0.42668985853662134,89.56
HIGH,0.9051812755938957,0.7892419571417905,0.8401891829093727,0.7289533249931253,0.6698393905099966,0.6512793252249411,0.8118994543351015,0.43539996918032914,0.3852982939390724,18,10,8,2,0.7892419571417905,0.8401891829093727,0.6698393905099966,88.48
MEDIUM,0.47625832452561606,0.37311150873345994,0.4494552027067906,0.43475069946312184,0.3798258229174733,0.5709471356776745,0.7025532709627287,0.5482133381662999,0.1988625273338867,13,10,7,3,0.37311150873345994,0.4494552027067906,0.3798258229174733,53.29
HIGH,0.6440064205638447,0.7833915282595434,0.6685992818833666,0.6579753683639411,0.4245798085409966,0.874894928798686,1.0,0.911002097769285,0.4634725462241449,18,7,7,0,0.7833915282595434,0.6685992818833666,0.4245798085409966,85.84
LOW,0.24388165233616968,0.36004870289931484,0.1387914036158366,0.15362991336880433,0.12240130110558808,0.18454738468739232,0.14758453278706046,0.2998465874745931,0.18013673760118712,4,10,1,9,0.36004870289931484,0.1387914036158366,0.12240130110558808,9.82
LOW,0.27817402280478176,0.3174583911894846,0.3810538119790444,0.2613076457362884,0.18054390134330753,0.17008122956650767,0.2204054634272763,0.18918975755070955,0.0,4,9,2,7,0.3174583911894846,0.3810538119790444,0.18054390134330753,6.72
MEDIUM,0.4336231545745976,0.5494401932365232,0.5675979279139092,0.4620532514282053,0.4997367745864431,0.48343790326584996,0.5435588375564883,0.5406607103285562,0.2458522933312287,9,7,4,3,0.5494401932365232,0.5675979279139092,0.4997367745864431,35.51
HIGH,0.6358367560861983,0.5717216537057825,0.5414390215571843,0.6194880011632956,0.621434960316313,0.7650585730644859,1.0,0.31782662483958335,0.5074662404828462,16,6,6,0,0.5717216537057825,0.5414390215571843,0.621434960316313,77.64
LOW,0.20725730805910192,0.16906381834648523,0.33639699560909364,0.251014069260385,0.21206245773301513,0.07199560176836835,0.0,0.09332113211711893,0.26665687672472277,1,11,0,11,0.16906381834648523,0.33639699560909364,0.21206245773301513,0.18
LOW,0.37111015603628705,0.39065241861835975,0.3096865112577722,0.3738427915195502,0.0,0.09614246656290584,0.06980464358521082,0.10364437258263097,0.1676540294762658,2,4,0,4,0.39065241861835975,0.3096865112577722,0.0,17.59
LOW,0.22291828347841733,0.22819624372689762,0.36006870910694555,0.20450738802948631,0.1388827385973851,0.19802297092304383,0.30259517037976263,0.0,0.08232934347593131,3,7,2,5,0.22819624372689762,0.36006870910694555,0.1388827385973851,16.12
HIGH,0.6251317691471323,0.6360677054133093,0.7443670982751742,0.5586225132433479,0.45210891644269385,0.7290723039394893,0.8845471458449098,0.6373989968326447,0.35432108533007195,18,11,10,1,0.6360677054133093,0.7443670982751742,0.45210891644269385,81.58
MEDIUM,0.37493944177250876,0.4719893018097461,0.4544502100507427,0.3916327136896274,0.3385726642213881,0.4178165592490367,0.50671708296154,0.348326474456222,0.2206050729043417,9,10,5,5,0.4719893018097461,0.4544502100507427,0.3385726642213881,39.85
MEDIUM,0.4524610276819601,0.5131592693343069,0.4543701813771267,0.4286283625391353,0.3137203745965249,0.510899874760156,0.6840727530336376,0.2174295555726589,0.2848515591272082,11,8,5,3,0.5131592693343069,0.4543701813771267,0.3137203745965249,48.39
MEDIUM,0.4312153706741886,0.4122006796017662,0.41753280094477,0.32588405638154777,0.19817807479606347,0.4568781484527986,0.47039996653913607,0.577165969770026,0.29602487287655876,11,7,3,4,0.4122006796017662,0.41753280094477,0.19817807479606347,45.31
LOW,0.11469100027648424,0.07507111066099179,0.25978988590166174,0.133982175636486,0.053520993703931104,0.22272384142813034,0.2862017553597005,0.20072990673581126,0.05428403432573885,5,8,2,6,0.07507111066099179,0.25978988590166174,0.053520993703931104,1.5
LOW,0.08856103469492847,0.00987459494078359,0.043513028496504146,0.1267305977252861,0.029790461422636458,0.09599358261651109,0.12218982500379127,0.10515545633249593,0.008242981738685632,4,9,1,8,0.00987459494078359,0.043513028496504146,0.029790461422636458,0.0
MEDIUM,0.4948128423858683,0.3325352888793447,0.5377582389136977,0.7429637066854574,0.3341013675586358,0.5185110110062687,0.5321312449425505,0.49872140001993664,0.49743992018375544,8,10,5,5,0.3325352888793447,0.5377582389136977,0.3341013675586358,44.24
LOW,0.2622441046759465,0.16987595161420654,0.28479047462943563,0.15978912456866112,0.3068512422000485,0.07893684632396028,0.08529408943664896,0.10742436346920231,0.03137759984065219,4,7,1,6,0.16987595161420654,0.28479047462943563,0.3068512422000485,7.18
LOW,0.08547720291132772,0.0,0.0,0.09443394222687795,0.15785741891019578,0.13958555780433018,0.13275782090933588,0.25705436007190147,0.04259996622174186,3,8,1,7,0.0,0.0,0.15785741891019578,8.51
HIGH,0.538193735334507,0.7059945844580724,0.39724837845961114,0.5105007698437312,0.5032135994391583,0.7625293040553962,0.784244358285952,0.7633367813942173,0.6965766640249085,18,8,6,2,0.7059945844580724,0.39724837845961114,0.5032135994391583,77.17
MEDIUM,0.44256393443586206,0.39997370649192343,0.3689655255499663,0.520721066470159,0.1726171983260066,0.42930386711372037,0.5121138943013197,0.3705379541908932,0.23963969847374944,15,9,5,4,0.39997370649192343,0.3689655255499663,0.1726171983260066,33.87
MEDIUM,0.5718398189258224,0.5910065104574641,0.6869866806227325,0.5850148285113999,0.37544555245097233,0.19061860374877,0.28244126678581677,0.026053061237651946,0.07971615714874768,3,9,3,6,0.5910065104574641,0.6869866806227325,0.37544555245097233,33.94
LOW,0.17558130808983313,0.10807290207348608,0.22536200795144962,0.11122148252644022,0.024369115255895107,0.2488947466471132,0.34260199047264184,0.13546211607750228,0.08120564574013822,5,9,3,6,0.10807290207348608,0.22536200795144962,0.024369115255895107,14.63
MEDIUM,0.6984478330692747,0.6520782356551768,0.8229291392252729,0.6833383251249165,0.5696231947139885,0.5517792161464147,0.6601335248539205,0.5793703510300091,0.19912515514030263,17,10,7,3,0.6520782356551768,0.8229291392252729,0.5696231947139885,62.67
MEDIUM,0.3871864029023815,0.3594715027275735,0.5241002268169808,0.30684764081196514,0.17681859984658982,0.680851907289849,0.7916351404621566,0.47490968517767246,0.5544444298851029,12,7,6,1,0.3594715027275735,0.5241002268169808,0.17681859984658982,51.06
LOW,0.022590330271569627,0.07738669480397029,0.048468256950956676,0.017985957274296117,0.0,0.09139453137889755,0.09262952151582807,0.1727712912032761,0.006312801143727484,5,9,1,8,0.07738669480397029,0.048468256950956676,0.0,5.79
LOW,0.14632619396566973,0.18004225321009676,0.14070364020452172,0.03437373650307604,0.14095993092331793,0.19351363248182293,0.1987979725860441,0.2914325408603782,0.07974170379060427,4,10,2,8,0.18004225321009676,0.14070364020452172,0.14095993092331793,2.14
MEDIUM,0.580047693672885,0.5034562755869336,0.581973886191598,0.46952135979055876,0.38791140294047155,0.5119478777980743,0.6755384178436189,0.263008300172771,0.27011583528674366,8,6,4,2,0.5034562755869336,0.581973886191598,0.38791140294047155,65.59
LOW,0.09976922333494019,0.07458746734150086,0.0,0.018636447963723213,0.20587243023910345,0.18603030355025169,0.1829021090736074,0.2890730176101206,0.09237217292031553,5,8,1,7,0.07458746734150086,0.0,0.20587243023910345,0.0
MEDIUM,0.4441216214326858,0.5630047329138976,0.5212959729657751,0.35342628658894176,0.43509899686563813,0.40494404166677755,0.5106528211628508,0.16910935474079095,0.3236523901045443,11,8,4,4,0.5630047329138976,0.5212959729657751,0.43509899686563813,34.06
HIGH,0.790064708285544,0.877494437732961,0.8527531158293279,0.9036217861107403,0.6139135370912595,0.8354326454284315,0.9134121171781362,0.8978344124176059,0.5390924631901434,21,8,7,1,0.877494437732961,0.8527531158293279,0.6139135370912595,98.42
HIGH,0.6546448422694383,0.7716987222861182,0.7186783109026554,0.6798913426052273,0.42606411856961235,0.7791089810730405,0.9265357262971675,0.6456583080224595,0.47027941845124055,18,8,7,1,0.7716987222861182,0.7186783109026554,0.42606411856961235,76.67
MEDIUM,0.6046598870773187,0.6822517025697517,0.582560016260199,0.6651256074123885,0.43105806070012703,0.37919919645194095,0.3646381032151073,0.48454587569954916,0.31753579691483375,14,13,5,8,0.6822517025697517,0.582560016260199,0.43105806070012703,43.09
MEDIUM,0.4696466706069622,0.3893515183163136,0.33052769243096936,0.399841941880437,0.32398096760783046,0.24278588047529526,0.23416910826865245,0.24113564154545014,0.27028643602506885,5,8,2,6,0.3893515183163136,0.33052769243096936,0.32398096760783046,22.25
LOW,0.2662145281490603,0.22139046599720835,0.2607467050801033,0.26394946129687896,0.10955462633032709,0.1181165546887077,0.10770437387073746,0.2010524020326713,0.06641724979865472,3,6,1,5,0.22139046599720835,0.2607467050801033,0.10955462633032709,9.81
LOW,0.19592536421828072,0.26536375896614156,0.23202371506002736,0.37430897343387837,0.2622587031840144,0.33245546868874154,0.37387208297010244,0.3800085935914327,0.16065250094196784,7,8,3,5,0.26536375896614156,0.23202371506002736,0.2622587031840144,15.05
HIGH,0.6352272356921685,0.6670660002971991,0.583074508650583,0.5802729557032311,0.4860063942950684,0.6613556393023727,0.8889830847375546,0.2644957728566506,0.3753331694425493,11,6,5,1,0.6670660002971991,0.583074508650583,0.4860063942950684,73.03
LOW,0.30652793716991994,0.36675208300526163,0.39228017366453255,0.35519963248664976,0.23553748692809293,0.26355910716037706,0.3319222090745187,0.19194127917400997,0.1300876294043193,5,11,4,7,0.36675208300526163,0.39228017366453255,0.23553748692809293,17.2
MEDIUM,0.5883219452977885,0.71403354505385,0.4723075956809675,0.7012153192297306,0.294680843105825,0.34028224447524935,0.37881771316587665,0.303142859534527,0.26181522334408985,8,5,2,3,0.71403354505385,0.4723075956809675,0.294680843105825,49.67
LOW,0.1566544670222135,0.1534878498244176,0.15422029383000208,0.2916941023396906,0.0,0.07384169996997247,0.08516667812130761,0.10055408427917976,0.013154381206759765,3,7,1,6,0.1534878498244176,0.15422029383000208,0.0,0.0
HIGH,0.7628149277757813,0.7439136121733011,0.7265593490582825,0.7495537344434715,0.5332268147784879,0.7041027880756758,0.7607744347732462,0.7423107835922558,0.4958798524663847,19,11,8,3,0.7439136121733011,0.7265593490582825,0.5332268147784879,81.59
LOW,0.16286133588125737,0.06346465688466463,0.10644603916691128,0.2630297698419447,0.26275199290912965,0.06694971865535004,0.06222400462346484,0.05417223316827165,0.09390434623808407,1,9,1,8,0.06346465688466463,0.10644603916691128,0.26275199290912965,0.0
MEDIUM,0.2161153717298491,0.18037157923873948,0.22908271641455635,0.24936864932449848,0.13710895065651116,0.4677096719071596,0.4951364921428705,0.5189141719432958,0.3342247111638909,9,7,3,4,0.18037157923873948,0.22908271641455635,0.13710895065651116,28.81
HIGH,0.7786323668291579,0.8757969153054734,0.7297837751251876,0.7366977343287577,0.5215046574991116,0.7631699216866161,0.8885141882689469,0.4483950084394219,0.7019120351868182,17,10,9,1,0.8757969153054734,0.7297837751251876,0.5215046574991116,85.22
MEDIUM,0.5363793577117649,0.4288347878297145,0.5247264718559701,0.5317362754793012,0.4378297603594006,0.3074798226692179,0.45573435982268007,0.0,0.17019603387804952,7,8,4,4,0.4288347878297145,0.5247264718559701,0.4378297603594006,41.04
HIGH,0.7081530279231489,0.7055617257806339,0.7964876984967244,0.6609441917505539,0.48167874077214434,0.7938918266692124,0.8128593503889359,0.9337812097390609,0.5970998724401937,18,7,6,1,0.7055617257806339,0.7964876984967244,0.48167874077214434,80.37
LOW,0.14655293782873993,0.09421104294999341,0.1736698897680291,0.11790859549188512,0.05721128300384332,0.062456790145883664,0.03967258939335133,0.10776405765271697,0.08550212489664735,2,7,0,7,0.09421104294999341,0.1736698897680291,0.05721128300384332,4.52
MEDIUM,0.5163274201079715,0.4970737978171138,0.47096755323267214,0.4328141688021765,0.3021135433417719,0.43262243503501063,0.5529475142704855,0.19274277566950343,0.31152685669409313,4,6,3,3,0.4970737978171138,0.47096755323267214,0.3021135433417719,51.95
MEDIUM,0.34955596161313307,0.262048190309338,0.3833988395915651,0.45954857853057046,0.2043817870285787,0.440013872971331,0.5176654938006128,0.5643263679778144,0.08274651547700253,17,12,6,6,0.262048190309338,0.3833988395915651,0.2043817870285787,16.49
HIGH,0.6281052968130436,0.6069235551406649,0.5946344912437698,0.6930460246913923,0.4284167170723314,0.741743868953695,0.8271274228640035,0.6155629677409752,0.6117741084354892,12,6,5,1,0.6069235551406649,0.5946344912437698,0.4284167170723314,81.46
MEDIUM,0.4335176415696573,0.40169400910361147,0.4773646578962286,0.5753408354169408,0.3614557332716885,0.25840704503321366,0.3222452278690014,0.07317531459829399,0.25212422696077,2,7,2,5,0.40169400910361147,0.4773646578962286,0.3614557332716885,28.06
HIGH,0.8493301562125755,0.9949807639890331,0.8294698736020013,0.8844479674460303,0.4713363871403827,0.7639151190155022,0.9498941061183291,0.550361515313126,0.41953176140939763,15,7,7,0,0.9949807639890331,0.8294698736020013,0.4713363871403827,84.87
MEDIUM,0.3557630888837121,0.4945649288656222,0.2497583182576838,0.48499751073799974,0.14738310002792906,0.43205147641567526,0.5498480151195076,0.25196077730439603,0.25875255941545744,13,10,5,5,0.4945649288656222,0.2497583182576838,0.14738310002792906,37.47
MEDIUM,0.4721106266885464,0.4095443967950775,0.39278660168257085,0.38040655423025294,0.28672010798356956,0.4113520179294064,0.5874408446522413,0.0,0.2944375556903081,11,11,6,5,0.4095443967950775,0.39278660168257085,0.28672010798356956,29.77
HIGH,0.7459830306464826,0.5605887706298827,0.8347953599170969,0.7288960340158234,0.7053181535102779,0.7314192936171022,0.7618427611538827,0.8336292450415667,0.5379389395822962,13,7,5,2,0.5605887706298827,0.8347953599170969,0.7053181535102779,79.0
LOW,0.37851278019658896,0.45915680122543634,0.3310011538801302,0.29820377350718774,0.1281098027853736,0.27419234510402546,0.3767869214767364,0.022182571572213407,0.2184183895177046,4,9,3,6,0.45915680122543634,0.3310011538801302,0.1281098027853736,19.8
MEDIUM,0.4481435084595838,0.41860644514207895,0.5038238913914398,0.43662573972189334,0.23386697804782597,0.5231588238485033,0.6399740163190977,0.3372028688742869,0.35866920141093656,7,7,4,3,0.41860644514207895,0.5038238913914398,0.23386697804782597,59.83
LOW,0.28837849612619615,0.25735364129625427,0.26435305827331035,0.39896469179791333,0.16648194353159596,0.15113781598990167,0.12409327563832431,0.2872234675636453,0.09618578547089023,3,12,1,11,0.25735364129625427,0.26435305827331035,0.16648194353159596,15.22
MEDIUM,0.45357008935906346,0.43244972997763975,0.3601499359511899,0.5401575337138832,0.24048625428727566,0.439452608865535,0.5357787160915017,0.10309954404147766,0.4868273520116919,9,10,5,5,0.43244972997763975,0.3601499359511899,0.24048625428727566,26.22
MEDIUM,0.4060881927543424,0.3176718054889409,0.2651187517565389,0.3544109822028404,0.13879792267504568,0.4247128701254489,0.45657687452157636,0.49888174673954305,0.254951980322972,9,9,4,5,0.3176718054889409,0.2651187517565389,0.13879792267504568,33.4
MEDIUM,0.4081816706367724,0.4389360256463451,0.28293949243929734,0.5297901604301221,0.23800650655125413,0.5642987214217282,0.7075800474859751,0.3253639408482189,0.37338952380249674,10,9,6,3,0.4389360256463451,0.28293949243929734,0.23800650655125413,56.43
LOW,0.2777934220027543,0.24657699846943182,0.3057580578933191,0.24083398181441343,0.19945299287258755,0.08828019853132205,0.07103675579698797,0.12475569846887942,0.10353502679676689,2,7,0,7,0.24657699846943182,0.3057580578933191,0.19945299287258755,8.18
LOW,0.1871241424270331,0.10667998715543942,0.3747827855439137,0.2718536352436879,0.15829631026207827,0.20439213077832205,0.3406535512972034,0.0,0.0,2,7,2,5,0.10667998715543942,0.3747827855439137,0.15829631026207827,8.92
LOW,0.29204144983406116,0.20098033109204408,0.3240119047268669,0.29319262528623974,0.23917994587715127,0.14858298396810762,0.13762736590956803,0.23831351398621203,0.0917193081256219,3,12,2,10,0.20098033109204408,0.3240119047268669,0.23917994587715127,16.45
MEDIUM,0.41067090999998834,0.46125613723739206,0.3867370316648212,0.19771368302740208,0.0,0.669024515450895,0.7408633240426074,0.5960516915759392,0.5264809135507136,10,8,6,2,0.46125613723739206,0.3867370316648212,0.0,53.47
HIGH,0.599296177571489,0.7311821554093983,0.778456407942988,0.6375586336299032,0.4184209496302227,0.7815303043398465,0.7964026417220454,0.9592867792312103,0.5591568173018856,19,7,6,1,0.7311821554093983,0.778456407942988,0.4184209496302227,68.51
HIGH,0.7651117049557071,0.6497143568880543,0.8520786800959018,0.7567588216648533,0.6514582795323961,0.7358018568332362,0.8839091057726705,0.6227600582432044,0.4045219086049651,17,10,9,1,0.6497143568880543,0.8520786800959018,0.6514582795323961,78.81
HIGH,0.7121224183689356,0.5756346631515149,0.6936579491298943,0.7757408358604327,0.46065188940586466,0.7726860674503416,0.8820214596629343,0.6824812101685453,0.5348847480943602,15,6,5,1,0.5756346631515149,0.6936579491298943,0.46065188940586466,86.79
LOW,0.16255181105141822,0.052021305136612045,0.23786236709064584,0.15516315450438792,0.02876630437540642,0.13010719470694226,0.2110718720171813,0.0,0.01732035748316749,1,5,1,4,0.052021305136612045,0.23786236709064584,0.02876630437540642,12.93
LOW,0.2466225122651479,0.17971839866867417,0.30738521192620544,0.16453595219064265,0.17655855136177917,0.2204482056467788,0.20634215718427387,0.3327805336426592,0.15043402303841322,5,7,1,6,0.17971839866867417,0.30738521192620544,0.17655855136177917,26.89
MEDIUM,0.3489021548917528,0.3299503501626893,0.3155350967203967,0.32228161902536284,0.11380828186490263,0.5246465934494964,0.7605934080325019,0.06547828030467612,0.2759744628453001,11,10,8,2,0.3299503501626893,0.3155350967203967,0.11380828186490263,38.81
HIGH,0.6770000803972217,0.6164377151291844,0.6934185677334599,0.5648839885792873,0.5552036299668174,0.8277256755637538,0.9092439618531571,0.6879672788704955,0.7229292133888021,15,7,6,1,0.6164377151291844,0.6934185677334599,0.5552036299668174,77.94
LOW,0.19090351052086715,0.1244476915927253,0.02905669027822244,0.1460291904505441,0.16961502399329598,0.2250894721501886,0.21635099675041908,0.2199554469825827,0.25643892351710307,5,10,2,8,0.1244476915927253,0.02905669027822244,0.16961502399329598,15.35
MEDIUM,0.6721024361149521,0.7481956497772663,0.728612847828919,0.6556838623599628,0.46633797718407544,0.4371563517176543,0.4993244002974607,0.47425032217901114,0.21355823551687816,7,8,4,4,0.7481956497772663,0.728612847828919,0.46633797718407544,56.24
HIGH,0.7455580437336576,0.8621809793105698,0.769581518728952,0.8611055399011321,0.39771684939842367,0.88850526775923,1.0,0.8674220396977532,0.575104299098397,20,11,11,0,0.8621809793105698,0.769581518728952,0.39771684939842367,87.71
LOW,0.013293981910503528,0.05813060390720792,0.05586807469811584,0.17083204725627651,0.0,0.25755186988470985,0.393155726843796,0.044052925685109726,0.06423924320705161,2,6,2,4,0.05813060390720792,0.05586807469811584,0.0,7.76
LOW,0.27402843336529153,0.22099114960771127,0.17698572889739972,0.23180370165649997,0.22549062253133464,0.15185408689699992,0.1667176085682777,0.10342101183327984,0.15569659694688673,4,10,2,8,0.22099114960771127,0.17698572889739972,0.22549062253133464,4.23
HIGH,0.7470649586104071,0.630206934132651,0.6758162948498003,0.6895300069333719,0.5021632521552473,0.7332288047947884,0.8391172877098572,0.79140814501938,0.35738401582498996,14,5,4,1,0.630206934132651,0.6758162948498003,0.5021632521552473,75.59
HIGH,0.6393251157352434,0.6072416103417163,0.6078612799734717,0.6514756343983867,0.3813696925723142,0.8401574610939512,1.0,0.7476409279467144,0.45314637752304143,18,8,8,0,0.6072416103417163,0.6078612799734717,0.3813696925723142,89.54
LOW,0.27673386977205733,0.28008222783465553,0.3960591910879586,0.38000518598321,0.21341163929970014,0.1483605690463981,0.16852608547807274,0.1506605909679456,0.08556399782982672,4,11,2,9,0.28008222783465553,0.3960591910879586,0.21341163929970014,8.61
MEDIUM,0.30443572977615513,0.34896046002362097,0.2388348335649949,0.3922875899511749,0.08381150544315125,0.4658067511965234,0.5690862173459876,0.5800447516994907,0.04173035224516365,12,12,7,5,0.34896046002362097,0.2388348335649949,0.08381150544315125,33.37
MEDIUM,0.5371354867338665,0.559046201794641,0.6169262534303759,0.5786611437676115,0.5520829547169368,0.607220791817941,0.6283491314281896,0.7429271039766174,0.4081294608285187,15,4,3,1,0.559046201794641,0.6169262534303759,0.5520829547169368,55.9
MEDIUM,0.4532152131743326,0.538102433782539,0.3981369003050691,0.5032747766214997,0.2919315946825923,0.6421196301310079,0.7868504667384834,0.43773363348340183,0.41231311695618794,9,4,3,1,0.538102433782539,0.3981369003050691,0.2919315946825923,59.03
LOW,0.29611572137178505,0.2668433817607887,0.3000186897745555,0.3906138625249844,0.0,0.18115844960523156,0.27072206019660094,0.06661151740064468,0.027014550035710294,4,9,2,7,0.2668433817607887,0.3000186897745555,0.0,20.17
LOW,0.2875740963760949,0.3570195282517624,0.28058439473664154,0.23212765221703824,0.13777846435103341,0.20274358932856265,0.30054240186417647,0.09578531862873094,0.01630542242155294,5,5,2,3,0.3570195282517624,0.28058439473664154,0.13777846435103341,21.7
HIGH,0.8239706907069123,0.7192567325586335,0.8203597002658847,0.8103151590094028,0.6147537710576346,0.7999767581066229,0.9991327998736348,0.38410963706751844,0.6183757538446921,18,10,10,0,0.7192567325586335,0.8203597002658847,0.6147537710576346,85.08
LOW,0.23448170778897884,0.28106991637834866,0.2793841499010762,0.15592392333972674,0.2631638452227795,0.2277300455515031,0.3400139794628286,0.11860828936902983,0.0,5,8,3,5,0.28106991637834866,0.2793841499010762,0.2631638452227795,7.36
LOW,0.05906306124414582,0.10764643924306133,0.07233948643630993,0.0,0.07649062902910014,0.1599951225029003,0.19321892631316506,0.1516414282754405,0.06867740529956579,2,6,1,5,0.10764643924306133,0.07233948643630993,0.07649062902910014,0.0
HIGH,0.7147958465424792,0.699538256317831,0.6809302826227577,0.6866835851020406,0.7511295711304287,0.7997388109870739,0.8383419878801434,0.5384055982907615,0.9452624930041779,14,9,8,1,0.699538256317831,0.6809302826227577,0.7511295711304287,79.37
HIGH,0.7909061507805096,0.7740291684308551,0.755722482821357,0.9196393482867162,0.6102744408122812,0.8334336116073254,0.9778391549959367,0.7369839359039893,0.4966666571448282,21,9,9,0,0.7740291684308551,0.755722482821357,0.6102744408122812,89.16
MEDIUM,0.552058464384229,0.569017068365958,0.5721773868656544,0.563037434701639,0.2613170465094611,0.45075491888047553,0.5364891706287093,0.3942372970682334,0.25006978544801656,10,9,5,4,0.569017068365958,0.5721773868656544,0.2613170465094611,45.43
HIGH,0.7167153287584841,0.6073382974543242,0.8599731478529777,0.7053640488727926,0.4936120847614257,0.7810799261718205,0.872598332104049,0.5523176687868927,0.7352869657600629,20,11,10,1,0.6073382974543242,0.8599731478529777,0.4936120847614257,79.11
LOW,0.20737969817693727,0.19216186471108937,0.2344281718974437,0.1720870784213017,0.17039221512419933,0.17685643575030652,0.22450651107459627,0.16029360212579247,0.0504690434019513,3,9,2,7,0.19216186471108937,0.2344281718974437,0.17039221512419933,6.41
LOW,0.09279482276263218,0.1740478054334852,0.015270624667448399,0.03688151577009843,0.19049714698250675,0.09896272774911066,0.13153007577756196,0.08118573148619034,0.01903767992667714,3,10,1,9,0.1740478054334852,0.015270624667448399,0.19049714698250675,4.53
MEDIUM,0.4588306933223372,0.41688055996729845,0.39363314878905553,0.5620231354632709,0.3976619124982951,0.39199312804924696,0.4460043659199364,0.35796635364462687,0.2639861888417984,8,6,3,3,0.41688055996729845,0.39363314878905553,0.3976619124982951,40.45
HIGH,0.5520867445858237,0.42698246456937006,0.5223726543702526,0.5452791469518304,0.29893064019384497,0.822458878310596,0.9520591542125783,0.6368906916434075,0.619226237271838,16,8,8,0,0.42698246456937006,0.5223726543702526,0.29893064019384497,76.5
LOW,0.2539438520636648,0.1789719155426141,0.32740245418634073,0.22686739236431164,0.2840140480755571,0.07171069555664203,0.06528521736940218,0.032223029927117966,0.13047479574788565,4,10,1,9,0.1789719155426141,0.32740245418634073,0.2840140480755571,5.1
MEDIUM,0.41524025402094833,0.5031416638099862,0.3398657742642039,0.44885629457000864,0.05649887372901924,0.3462253484216369,0.3817613482520315,0.44333535961615295,0.14250733773593718,11,9,3,6,0.5031416638099862,0.3398657742642039,0.05649887372901924,26.4
LOW,0.15258133841452612,0.07531635287979127,0.1444842537732527,0.16074858840557266,0.0762059245804874,0.28842871976779666,0.4009231088224186,0.02805961803130247,0.21131465434042498,3,6,2,4,0.07531635287979127,0.1444842537732527,0.0762059245804874,19.47
LOW,0.1579742102299765,0.2023797878356841,0.19166853692311459,0.11477907594255732,0.17217694087579097,0.3125951517541542,0.42349906064628473,0.14717006650626308,0.14530851032565367,5,9,4,5,0.2023797878356841,0.19166853692311459,0.17217694087579097,17.63
LOW,0.14101130593022002,0.31396664842530025,0.12075037715751522,0.08179737758668183,0.2139661720412932,0.102803707599334,0.0862787596589148,0.05525808558103229,0.19992417343889335,1,8,1,7,0.31396664842530025,0.12075037715751522,0.2139661720412932,4.46
LOW,0.35398514865302455,0.30549019284229384,0.43808322655109866,0.4960409912422817,0.1626952816759601,0.14014363594743232,0.17681443750901688,0.13886252741444505,0.03141233979566605,4,9,2,7,0.30549019284229384,0.43808322655109866,0.1626952816759601,12.89
MEDIUM,0.4585517658694277,0.4716622273955109,0.41064565823288496,0.41413802792144744,0.30912747722611633,0.44619239010097816,0.5432863538146308,0.26223013201067663,0.33887275705032216,6,4,2,2,0.4716622273955109,0.41064565823288496,0.30912747722611633,43.6
LOW,0.36291980148088915,0.3644287492188853,0.3770613757389614,0.32426134484365227,0.25246596899932633,0.0541132749907696,0.05416958428367194,0.08301829639049266,0.025039325712339536,0,7,0,7,0.3644287492188853,0.3770613757389614,0.25246596899932633,2.83
LOW,0.28303977491075427,0.3885629217839728,0.3940574764844282,0.33687876884391244,0.15284097389961449,0.10928591156806736,0.07552988644812529,0.2146744605449697,0.10516543795099124,3,13,1,12,0.3885629217839728,0.3940574764844282,0.15284097389961449,20.96
HIGH,0.83360485972587,0.9693401987044663,0.751768865471413,0.7948050134626005,0.4802254792382558,0.7429262576986267,0.8016044409393421,0.78341337010499,0.5264045955701174,18,8,6,2,0.9693401987044663,0.751768865471413,0.4802254792382558,68.81
HIGH,0.6650905836660082,0.7076826881650368,0.7147476108042919,0.7747543085271154,0.4550776697879023,0.6851674710999602,0.7301090032765656,0.6614255226907122,0.5740848229793922,14,6,4,2,0.7076826881650368,0.7147476108042919,0.4550776697879023,66.11
LOW,0.2671484895009284,0.22205047742910472,0.23463815232196286,0.23014218171796164,0.31055180239706454,0.15158585429304983,0.19509006058719294,0.10790998205458216,0.06474910764908824,5,9,2,7,0.22205047742910472,0.23463815232196286,0.31055180239706454,14.68
LOW,0.26062302058843456,0.1502036091235415,0.1905335140525035,0.24422402910050445,0.10984971016258163,0.04335333421756815,0.07225555702928026,0.0,0.0,2,7,1,6,0.1502036091235415,0.1905335140525035,0.10984971016258163,0.0
MEDIUM,0.3979399630909949,0.48518585008090276,0.3850099019690079,0.4536464336031321,0.29887935039316565,0.3005323010546596,0.3396893441133918,0.3318683648525649,0.15172510808055797,7,8,3,5,0.48518585008090276,0.3850099019690079,0.29887935039316565,27.82
MEDIUM,0.4517642190335325,0.497557465638588,0.5243718645782521,0.39063079840279463,0.31801005054419024,0.5029063572857491,0.577622045936736,0.6594252559085536,0.12224039270998356,16,6,3,3,0.497557465638588,0.5243718645782521,0.31801005054419024,49.41
LOW,0.1417449856651834,0.0,0.16101864266167565,0.2065277664874409,0.008055252348753053,0.12458096070526978,0.1435131293298192,0.19236541553689127,0.0,3,5,1,4,0.0,0.16101864266167565,0.008055252348753053,0.0
LOW,0.07362496805934782,0.09077004693306844,0.061686321244948716,0.11756020759799043,0.07157742768957272,0.16276315004603165,0.22480280869952282,0.0,0.1394073241315898,3,7,2,5,0.09077004693306844,0.061686321244948716,0.07157742768957272,8.17
HIGH,0.8351184328459,0.9506764567957475,0.8953411878350498,0.7566687679845063,0.3659535784294368,0.8183547390380053,0.9863067931407953,0.672277012266216,0.4605763035014246,18,10,10,0,0.9506764567957475,0.8953411878350498,0.3659535784294368,86.94
HIGH,0.5886397168385122,0.5798812440699469,0.6757706915515812,0.6055285763282027,0.5367904354693266,0.7786406535285754,0.9906881886404798,0.6515476668843239,0.26959103483711344,18,6,6,0,0.5798812440699469,0.6757706915515812,0.5367904354693266,67.98
HIGH,0.7338480613689032,0.851413717029824,0.6878464856525501,0.6823690446422529,0.5084490663086823,0.8158563898283007,0.9280730375848082,0.6191506345207812,0.6759122018662973,16,6,6,0,0.851413717029824,0.6878464856525501,0.5084490663086823,85.84
HIGH,0.7839709936559967,0.7958876769553846,0.8470786507081786,0.7994993222999032,0.5864201527079204,0.7537998429818727,0.8494086594520516,0.5238456589617554,0.6969275775914533,15,9,8,1,0.7958876769553846,0.8470786507081786,0.5864201527079204,77.44
MEDIUM,0.38112718035607,0.45800939448566247,0.37111553325917723,0.39056019392935254,0.0,0.449395020330395,0.4911619572795773,0.4176544447654425,0.35583478504780075,11,10,5,5,0.45800939448566247,0.37111553325917723,0.0,31.39
LOW,0.1795478460826802,0.07862184109085632,0.03171823649824687,0.09273349647383394,0.27655198303827333,0.13670120073234251,0.16753265581840682,0.12198773630233659,0.05892029990415552,4,4,1,3,0.07862184109085632,0.03171823649824687,0.27655198303827333,3.03
MEDIUM,0.4434462142979927,0.4618853857723811,0.3853286459356831,0.29640929565359475,0.23030302077505102,0.38496944747300965,0.4376863018570507,0.1953813009689839,0.41640703082491237,8,6,3,3,0.4618853857723811,0.3853286459356831,0.23030302077505102,41.24
MEDIUM,0.4340241753915683,0.49731465276737297,0.42024656434404045,0.4687755775183523,0.1535228140493737,0.24800524230137588,0.15425828855633375,0.42550937071317063,0.35174197512470756,6,9,1,8,0.49731465276737297,0.42024656434404045,0.1535228140493737,32.01
HIGH,0.742087901967237,0.7896587999675633,0.8795871147471658,0.7167255323840502,0.45414224075415055,0.7802975635837283,0.7801483692467741,0.9604734013324947,0.6005693088458248,25,9,7,2,0.7896587999675633,0.8795871147471658,0.45414224075415055,80.06
HIGH,0.6804096425007023,0.6024270497928101,0.6487401709340805,0.6482024742803337,0.41758431064378665,0.7839948581563543,0.7885373995715682,0.9685003267344593,0.5858617653326073,20,8,6,2,0.6024270497928101,0.6487401709340805,0.41758431064378665,78.5
HIGH,0.7684998072766827,0.7792145867773752,0.82211752383601,0.8287487913469047,0.5542217385969581,0.8191673394157803,0.8823684405203107,0.9560795602907818,0.49265181522718804,21,9,8,1,0.7792145867773752,0.82211752383601,0.5542217385969581,83.61
LOW,0.16461479791301492,0.1252374496589663,0.0479643529819057,0.11249519131147287,0.14185265700256666,0.24223576476217173,0.3519132300978318,0.15543913351736333,0.0,4,9,3,6,0.1252374496589663,0.0479643529819057,0.14185265700256666,14.77
HIGH,0.6807312373913171,0.6725523791543458,0.6789372927297347,0.7882836351585366,0.4745458474654132,0.8857110621685317,0.986842890654496,0.8379811731691315,0.6300454657100384,17,4,4,0,0.6725523791543458,0.6789372927297347,0.4745458474654132,83.14
LOW,0.10274671667595865,0.007940793211698188,0.2608578156224546,0.026188071328909504,0.1865333655783458,0.15940659982694277,0.21421043857238253,0.05798799416398285,0.09641368925358348,2,5,1,4,0.007940793211698188,0.2608578156224546,0.1865333655783458,0.0
LOW,0.2925299563969576,0.3128652105215702,0.17395631648651588,0.3606490065500672,0.20406099328695607,0.1332208773610742,0.13493776779087938,0.1746676303908931,0.08662345304183981,5,6,1,5,0.3128652105215702,0.17395631648651588,0.20406099328695607,10.84
MEDIUM,0.4013873793923292,0.49578463854893634,0.359397098740966,0.2777889906874008,0.21310339938503256,0.6065746248353794,0.749016190068219,0.5164264322914235,0.26939812168081667,15,11,8,3,0.49578463854893634,0.359397098740966,0.21310339938503256,51.77
HIGH,0.7329317731945434,0.6663808172214382,0.7332921784352915,0.7576128423636066,0.34435561737532633,0.783464009581161,0.8848543741945681,0.5893887629268624,0.6733681623952388,13,4,4,0,0.6663808172214382,0.7332921784352915,0.34435561737532633,78.27
HIGH,0.6956453430635107,0.8393329147157003,0.7486224136160216,0.6628275035283492,0.5109176098003533,0.7654077956508984,0.8716744952504434,0.8218792180980841,0.3901362744050786,17,6,5,1,0.8393329147157003,0.7486224136160216,0.5109176098003533,88.45
MEDIUM,0.6149365459188499,0.6037257356446094,0.4642265489638769,0.37479831856770285,0.277516975562367,0.470787451894582,0.5470442716231898,0.33682039243822304,0.37598405216511716,7,7,4,3,0.6037257356446094,0.4642265489638769,0.277516975562367,51.27
MEDIUM,0.4776927353946333,0.41455955945284084,0.549808471421462,0.4279809936567106,0.2474131785437529,0.4509912563053824,0.46864127357975655,0.5649680351405214,0.28406442564712087,11,7,3,4,0.41455955945284084,0.549808471421462,0.2474131785437529,50.65
LOW,0.32338424608654337,0.40627048213252653,0.27493306595387673,0.32551498052464195,0.09811450929018159,0.12627417412463762,0.1754069280366038,0.0373809630874276,0.06776912342594921,2,7,1,6,0.40627048213252653,0.27493306595387673,0.09811450929018159,14.78
HIGH,0.5135626802244614,0.4538730350325825,0.3920107320198012,0.5330874983030028,0.40982561256254174,0.7667426332161736,0.9205238577483332,0.49251912134012255,0.579622471495746,13,7,6,1,0.4538730350325825,0.3920107320198012,0.40982561256254174,75.07
HIGH,0.7948895481083506,0.7462216601057541,0.8892385331237969,0.7554029680021052,0.6217728158296967,0.6884086371080282,0.859126987058666,0.6052035672508459,0.2594586571132973,16,7,6,1,0.7462216601057541,0.8892385331237969,0.6217728158296967,78.75
MEDIUM,0.31050406976096684,0.26541757079265277,0.2381142609620986,0.26540191144132913,0.3204941551267473,0.5476389760273122,0.7717047691490446,0.20984147781621162,0.2132390948732156,12,6,5,1,0.26541757079265277,0.2381142609620986,0.3204941551267473,51.92
MEDIUM,0.2824680964431744,0.17793509120667422,0.29611845247394186,0.3264151299188943,0.0,0.4905937226747591,0.5018035134193176,0.6736591779114768,0.2738988952043657,14,11,6,5,0.17793509120667422,0.29611845247394186,0.0,25.24
MEDIUM,0.43455669137463565,0.3583557659271551,0.35696724954976033,0.5550981787441205,0.20645362199294975,0.5389845238249844,0.7117654114613021,0.2627031043269967,0.2969232804140193,10,9,6,3,0.3583557659271551,0.35696724954976033,0.20645362199294975,53.3
HIGH,0.7439707388414637,0.5464883288757328,0.7258230007055871,0.812310177666943,0.5830090477948622,0.6543615921983429,0.7961271616830448,0.41606712078129665,0.46735935516128385,10,8,6,2,0.5464883288757328,0.7258230007055871,0.5830090477948622,69.84
LOW,0.17169628191290165,0.2137219593571458,0.18959421457899797,0.12836394116099004,0.0,0.14129075257071497,0.21600956978849875,0.004692463477002218,0.05373259001107639,4,9,2,7,0.2137219593571458,0.18959421457899797,0.0,5.4
HIGH,0.5555520658847108,0.5751939523643136,0.5507595908705378,0.6538902723348055,0.3348405985164219,0.8085451620440465,0.8806689906270103,0.861762893426559,0.5389559449126421,21,6,5,1,0.5751939523643136,0.5507595908705378,0.3348405985164219,69.97
MEDIUM,0.4916025787230736,0.5130119794455628,0.4764230824025617,0.47682174908096897,0.320628618477356,0.4402949392785646,0.3826099212112942,0.7800438428845458,0.27360108987439474,10,9,3,6,0.5130119794455628,0.4764230824025617,0.320628618477356,36.45
LOW,0.045015421201074934,0.032165729991413386,0.01245480885552052,0.1387373819358571,0.0,0.12355708018515776,0.13074233869341742,0.010155953324591783,0.2154024315209447,3,6,1,5,0.032165729991413386,0.01245480885552052,0.0,3.65
HIGH,0.5623188999059531,0.4531865912048578,0.6311000250896395,0.4614713784019645,0.4328258910401584,0.8118920920321311,0.9091479287856478,0.7254264968622055,0.6065901769415065,13,6,5,1,0.4531865912048578,0.6311000250896395,0.4328258910401584,80.33
LOW,0.0,0.05190042383070919,0.0,0.037370870232420264,0.13928218493169695,0.18358297644471008,0.20201149487143372,0.1995765831663531,0.11230381444289618,3,11,2,9,0.05190042383070919,0.0,0.13928218493169695,0.58
HIGH,0.6809588242989955,0.773136344031209,0.646395661138133,0.8465085164293065,0.6888909274365214,0.8442436174880864,0.922565759698184,0.7605202360709233,0.6930005722749566,14,6,6,0,0.773136344031209,0.646395661138133,0.6888909274365214,90.34
MEDIUM,0.42281937048242524,0.4237092347129181,0.2319360526932997,0.40757438532586515,0.22066888541837526,0.5962680037798356,0.6877107450422624,0.5490061556768012,0.36920162809558926,9,9,6,3,0.4237092347129181,0.2319360526932997,0.22066888541837526,56.72
LOW,0.32451926537687303,0.4939760503712888,0.18911441149114436,0.29344111932741596,0.15293682204804662,0.1689432415588038,0.22070086260620891,0.10134018582180387,0.08127343415358836,3,10,2,8,0.4939760503712888,0.18911441149114436,0.15293682204804662,8.01
MEDIUM,0.40676068950888156,0.30847347223593385,0.4028749704049399,0.3935214739384122,0.2060809712563091,0.5617624784703514,0.6810649381084294,0.3380998943426526,0.42751768368381643,10,8,5,3,0.30847347223593385,0.4028749704049399,0.2060809712563091,45.97
HIGH,0.7712231306132046,0.7383163920315807,0.8126960876159777,0.7062033737295452,0.615761247981464,0.7876951522365975,0.8536075338150458,0.8203359746458101,0.5573171850920399,18,11,9,2,0.7383163920315807,0.8126960876159777,0.615761247981464,75.82
HIGH,0.5615389051965687,0.45092011364230644,0.6112629660333587,0.561204601723556,0.3451091359671722,0.7771451487839428,0.8690429922155655,0.5305524671347321,0.7480443001382853,12,7,6,1,0.45092011364230644,0.6112629660333587,0.3451091359671722,77.16
HIGH,0.9038773688817885,0.8617809177782577,0.9715561032623319,0.9904531553297329,0.5805805749970515,0.787791870407537,0.8405663385672771,0.798273306186181,0.6189870301496717,13,5,4,1,0.8617809177782577,0.9715561032623319,0.5805805749970515,69.94
LOW,0.17381728068642546,0.16084524700840291,0.03850175287027721,0.08596909243927935,0.07387620522374119,0.12328476832581856,0.1193209279822615,0.11178360755176313,0.14667745013054512,4,13,2,11,0.16084524700840291,0.03850175287027721,0.07387620522374119,11.1
MEDIUM,0.2490064422029573,0.22082231046614734,0.12118870477301799,0.2501802955764856,0.09625909709120359,0.3406550999119653,0.25685929198681223,0.6972050291720354,0.23549259442735437,10,5,1,4,0.22082231046614734,0.12118870477301799,0.09625909709120359,17.46
MEDIUM,0.3619926798386341,0.3187208646176103,0.38957921659679784,0.4094502302949629,0.3302432496211037,0.4909630529427058,0.5365388291906007,0.45572334431091666,0.38947543283081043,10,8,4,4,0.3187208646176103,0.38957921659679784,0.3302432496211037,25.18
HIGH,0.704217369914115,0.6711281017260584,0.8064386790014478,0.5899906792810498,0.6573557904763692,0.7821505510169351,0.8982181377092427,0.7135036357005797,0.5025947062563676,14,5,4,1,0.6711281017260584,0.8064386790014478,0.6573557904763692,83.35
MEDIUM,0.42623601618733187,0.2508328288909784,0.30290310862072184,0.5903975860883954,0.18911161295392076,0.5466920399113562,0.7640574187358813,0.16318265251648087,0.2781052908326559,9,9,7,2,0.2508328288909784,0.30290310862072184,0.18911161295392076,59.31
MEDIUM,0.5053021015559603,0.48389354091443026,0.5579997245173276,0.6316055207439493,0.3405828773268508,0.6095486237767076,0.8094569186123854,0.2276808383241764,0.3916915247222052,9,9,7,2,0.48389354091443026,0.5579997245173276,0.3405828773268508,57.73
MEDIUM,0.34761693884677863,0.3762571335823087,0.35932010253546004,0.3418099830622013,0.23647411028687654,0.4405471101273808,0.5364984611614572,0.2764600757507345,0.3167800914017978,14,7,4,3,0.3762571335823087,0.35932010253546004,0.23647411028687654,31.7
LOW,0.14942578954230593,0.3126652626882689,0.04381501754410598,0.1834995733811947,0.12943745918426813,0.2281994989447397,0.24003227656094578,0.22363431626109403,0.1972663487797671,4,7,2,5,0.3126652626882689,0.04381501754410598,0.12943745918426813,0.0
HIGH,0.620601057216808,0.6056904631399667,0.4857713080314724,0.6529908401543341,0.2647638704942048,0.7176660525618329,0.9118627685433269,0.4046988813954901,0.4480430757836939,18,10,9,1,0.6056904631399667,0.4857713080314724,0.2647638704942048,80.05
HIGH,0.6227161292860235,0.7426338622812932,0.5054756767917113,0.6824041560496158,0.38656751904021924,0.7826032244495517,0.8255759885888547,0.7728939734608885,0.6633941830203056,19,10,8,2,0.7426338622812932,0.5054756767917113,0.38656751904021924,72.62
LOW,0.23037640755171912,0.27368487471859754,0.24669636444057627,0.2977991135122282,0.0,0.13497554207545834,0.18424718298963366,0.0,0.12213616140839077,3,11,2,9,0.27368487471859754,0.24669636444057627,0.0,8.19
LOW,0.0,0.0,0.029161252741828018,0.0,0.0,0.26531080373038896,0.33210295680575475,0.2002996900450725,0.12994545818960804,5,10,3,7,0.0,0.029161252741828018,0.0,8.61
MEDIUM,0.46389752195065115,0.41330789103738536,0.5649761894852362,0.5856222747108273,0.46271954543516314,0.4157666177323928,0.4887836857483207,0.1592451921269825,0.45323683929001957,9,9,4,5,0.41330789103738536,0.5649761894852362,0.46271954543516314,28.84
MEDIUM,0.31976663284056783,0.3704916213268904,0.43007756880906467,0.450250276353204,0.2946890483993791,0.3948636276293251,0.3426967675568318,0.3894660261892043,0.5567618092869255,7,6,2,4,0.3704916213268904,0.43007756880906467,0.2946890483993791,33.49
MEDIUM,0.7476187589382125,0.6889892082799254,0.6684382960789468,0.8455487938050265,0.4037452684295951,0.4645287665733008,0.5204848016773695,0.33687069102808465,0.42431873680631066,11,9,5,4,0.6889892082799254,0.6684382960789468,0.4037452684295951,46.62
MEDIUM,0.9330988851272717,0.9884014530411049,0.9410726617310186,0.8292698474478988,0.5894210746573748,0.41899620130541304,0.5179434649079044,0.24307995194657345,0.2980706598567782,12,12,6,6,0.9884014530411049,0.9410726617310186,0.5894210746573748,54.3
HIGH,0.8337367642902412,0.8298124224133321,0.6956167302420528,0.8907311737696841,0.6861844034265154,0.6279233146064347,0.7059273276052265,0.48508907157341935,0.5367455186430744,14,9,6,3,0.8298124224133321,0.6956167302420528,0.6861844034265154,67.19
HIGH,0.653167762668584,0.6965321347124798,0.5642465102706168,0.5449811211296721,0.5327443496250485,0.8162369530025599,0.9202015928253772,0.8344911466472414,0.486088839889427,20,6,6,0,0.6965321347124798,0.5642465102706168,0.5327443496250485,72.41
LOW,0.33205047074823835,0.4008576318895244,0.2770258693874025,0.2667285638102096,0.2114297522239469,0.057839011957212055,0.04459523878023209,0.0038306001246403267,0.15157874332072369,0,9,0,9,0.4008576318895244,0.2770258693874025,0.2114297522239469,11.38
MEDIUM,0.6311863505492524,0.6767172658986541,0.7158728348480027,0.6693525578236693,0.5398233563541954,0.33835409118700305,0.3569324265148338,0.3256511085778173,0.29532206781269643,9,8,3,5,0.6767172658986541,0.7158728348480027,0.5398233563541954,41.06
LOW,0.18230561187786623,0.12344720549025623,0.270080497810365,0.21028423720697303,0.0257525424745655,0.12662042683078617,0.17675749500204516,0.0,0.10282964914779544,1,8,1,7,0.12344720549025623,0.270080497810365,0.0257525424745655,14.41
MEDIUM,0.5347671542018803,0.7097038070764301,0.6209485864992152,0.5322440516340589,0.2609301439989834,0.3044643186951643,0.34569067351233174,0.26768966100849556,0.217559911930331,6,7,2,5,0.7097038070764301,0.6209485864992152,0.2609301439989834,30.65
MEDIUM,0.3014644536645085,0.2468849499738645,0.28869068703871004,0.285825638190647,0.3946674883064982,0.4263949535448526,0.5848369889085787,0.027282037608115053,0.35018176339041174,8,9,5,4,0.2468849499738645,0.28869068703871004,0.3946674883064982,18.91
MEDIUM,0.32161393037024916,0.37447570688352383,0.337617972695364,0.36967877429263074,0.39581554367590743,0.5147447440140229,0.6342458308211553,0.23826715459129336,0.4327190730153553,8,7,4,3,0.37447570688352383,0.337617972695364,0.39581554367590743,34.65
LOW,0.20513866704361866,0.23458560373008844,0.06894741722833622,0.2449216564836718,0.0616541692707033,0.22712029223903402,0.35356256188053997,0.06480355711754918,0.01011021843600114,3,8,3,5,0.23458560373008844,0.06894741722833622,0.0616541692707033,20.24
MEDIUM,0.43179880522880554,0.4791428867432862,0.3514030100927821,0.3286665128025244,0.34309432160432757,0.3371113748785302,0.3850493937986787,0.12999796925010865,0.4004107237465065,4,9,3,6,0.4791428867432862,0.3514030100927821,0.34309432160432757,23.14
LOW,0.377631929804058,0.4501127640097067,0.3439643421236361,0.42372750495153744,0.12872373226975764,0.12090243441952886,0.11928246185726087,0.11048632659418862,0.13617845993167305,3,8,1,7,0.4501127640097067,0.3439643421236361,0.12872373226975764,13.98
LOW,0.17038544078091064,0.1362842509666879,0.18894044147119768,0.20325068791686712,0.13910572527852083,0.06154456427222905,0.05856835399987286,0.00010721488568123939,0.13191054447584538,2,11,1,10,0.1362842509666879,0.18894044147119768,0.13910572527852083,0.0
LOW,0.08631785774865715,0.19103331027157422,0.10124538930929941,0.032761280691813284,0.04374295381477249,0.1450509493966034,0.13675565215236613,0.2311669976816834,0.08382079284423527,4,8,1,7,0.19103331027157422,0.10124538930929941,0.04374295381477249,0.0
MEDIUM,0.4829322683273052,0.3586059626456555,0.5031479874295139,0.47927130313185407,0.3510492170407133,0.5056697065483822,0.555344457023585,0.4018339745900164,0.46048118708113894,7,6,3,3,0.3586059626456555,0.5031479874295139,0.3510492170407133,53.5
HIGH,0.7459405553342083,0.9662267325880753,0.7950713972635448,0.8364155790346103,0.491451182848695,0.7368545529958268,0.8205670100882174,0.5871365141532733,0.6354352205612085,18,9,7,2,0.9662267325880753,0.7950713972635448,0.491451182848695,72.99
LOW,0.18201427557067223,0.23997231158388926,0.24927246982430568,0.10151494359697402,0.20364424884261548,0.11945505254297273,0.12191345230925245,0.14689216518410533,0.08464274060300095,3,11,1,10,0.23997231158388926,0.24927246982430568,0.20364424884261548,6.16
LOW,0.11260411498771179,0.10677555055355618,0.0912773242178608,0.07149903631523394,0.03485058034307429,0.23715656249338823,0.33344175177641533,0.04014492652396667,0.14531263061372848,3,9,3,6,0.10677555055355618,0.0912773242178608,0.03485058034307429,11.18
LOW,0.262809182816516,0.22223385136604815,0.26347856307703216,0.15926678684640888,0.19620466033204279,0.20088644815512802,0.3112340501564744,0.01930345719773792,0.05142663310847912,4,9,3,6,0.22223385136604815,0.26347856307703216,0.19620466033204279,0.0
MEDIUM,0.5134264180257998,0.5691799110220367,0.5019431822928384,0.36499813734162023,0.42687069874308387,0.42563911954024836,0.4652217957653671,0.458786338836668,0.2737438715684725,8,8,4,4,0.5691799110220367,0.5019431822928384,0.42687069874308387,42.82
LOW,0.424556942533919,0.6035928333328799,0.5551729093712399,0.5265952613958799,0.2887350239503792,0.22206783284827644,0.339985604689665,0.09038235017238724,0.0,7,11,4,7,0.6035928333328799,0.5551729093712399,0.2887350239503792,22.17
LOW,0.14137993234210264,0.0,0.2169864005515408,0.013115214992968222,0.12764903965413948,0.0830677604523196,0.09875679826643743,0.0,0.11906840746228574,3,7,1,6,0.0,0.2169864005515408,0.12764903965413948,0.0
HIGH,0.4612357791509108,0.28648804456467697,0.6050911719491918,0.6279236386788843,0.33213766592803284,0.7494840430765559,0.8340936987274791,0.5903102149019787,0.6548289042983637,16,7,6,1,0.28648804456467697,0.6050911719491918,0.33213766592803284,62.0
LOW,0.1473807254008129,0.17084639513565356,0.06922967448981758,0.1835190730506942,0.05600861181565083,0.19415862453441254,0.21528407655778764,0.2383962566168559,0.08654463638184381,3,10,2,8,0.17084639513565356,0.06922967448981758,0.05600861181565083,5.35
HIGH,0.8923330679206458,0.7355369012598546,0.8846362789692237,1.0,0.5461311070177648,0.7874815017911362,0.8829728951659463,0.716347797011108,0.5721410264467337,21,11,10,1,0.7355369012598546,0.8846362789692237,0.5461311070177648,97.63
LOW,0.12594745887497036,0.10788960343339951,0.03321921140556222,0.16462839457177797,0.04957540993695467,0.10330491494645319,0.11938533200270297,0.14986584096210018,0.008502737762056917,3,10,1,9,0.10788960343339951,0.03321921140556222,0.04957540993695467,9.09
LOW,0.2146866071064271,0.26523938043106104,0.22905159700825956,0.27419875700358604,0.1612753141892617,0.059008330336802584,0.00039231051881076414,0.20087935392421322,0.09298536620336742,3,10,0,10,0.26523938043106104,0.22905159700825956,0.1612753141892617,0.0
LOW,0.2655355101449004,0.2412755877920593,0.34044985250222015,0.25127943471585856,0.28821583484625907,0.19025324355749393,0.2507965381050922,0.12879749937141485,0.07007910410077806,5,8,2,6,0.2412755877920593,0.34044985250222015,0.28821583484625907,12.68
MEDIUM,0.45556320914996473,0.4655315325695985,0.5934360697050286,0.5517016116331288,0.3268346279245471,0.44707473066184544,0.5821681131904052,0.20962589928980618,0.2792434144482056,11,9,5,4,0.4655315325695985,0.5934360697050286,0.3268346279245471,39.91
HIGH,0.7976982730678631,0.7905963787176589,0.71873896461366,0.9046090520624168,0.7047166908212995,0.8394303802384274,0.9210997585872528,0.791758720381047,0.6420939050493318,22,11,10,1,0.7905963787176589,0.71873896461366,0.7047166908212995,80.26
HIGH,0.8065656889480043,0.7658037525261832,0.7241956831594115,0.846950763380331,0.536769978426845,0.8119814453311575,0.9263996283199167,0.7986813682556527,0.4820269734403846,18,6,6,0,0.7658037525261832,0.7241956831594115,0.536769978426845,84.91
LOW,0.06566735630377354,0.04549273834580254,0.12286350758697329,0.11414195691551729,0.0,0.08517676395644669,0.05980827568183382,0.10157636897517922,0.14488262376155273,2,9,1,8,0.04549273834580254,0.12286350758697329,0.0,0.0
LOW,0.22051446873090277,0.08986263386541316,0.23677049577895415,0.38403102642791154,0.025621046800072378,0.15914759433944792,0.20356695941948266,0.07736645669678656,0.10767063674200512,4,8,2,6,0.08986263386541316,0.23677049577895415,0.025621046800072378,9.26
HIGH,0.6882344341213517,0.6602234922033811,0.6346997954782632,0.5428674717917394,0.5093422450775301,0.8748113555913148,1.0,0.7416470954571722,0.6324096824994015,17,7,7,0,0.6602234922033811,0.6346997954782632,0.5093422450775301,91.17
MEDIUM,0.6285537522956184,0.6929733226738601,0.6313657986468592,0.6453312654370043,0.3646368946641074,0.28578818960088975,0.3327748718046015,0.12464032844801178,0.3059760041426325,3,7,2,5,0.6929733226738601,0.6313657986468592,0.3646368946641074,33.11
HIGH,0.582715114471592,0.5531007936219863,0.5570388744142845,0.5333841432776346,0.5005675966077083,0.6093076242178604,0.7477678750325351,0.25284020185780576,0.5503942941338911,15,8,6,2,0.5531007936219863,0.5570388744142845,0.5005675966077083,55.7
MEDIUM,0.4491220640766063,0.41379581324876663,0.5732077764490618,0.423183884082591,0.3090669296819166,0.6883449882593655,0.9213127209396914,0.3110479546538626,0.3667388238238909,14,9,8,1,0.41379581324876663,0.5732077764490618,0.3090669296819166,65.69
MEDIUM,0.4620401147804539,0.41596060260175205,0.4880816190075954,0.6243317817744213,0.44449627124267344,0.5007255921149213,0.5955877033336956,0.521165959621198,0.19569889095232174,12,7,4,3,0.41596060260175205,0.4880816190075954,0.44449627124267344,59.36
MEDIUM,0.39196940286922116,0.5664794663795041,0.39967030285073896,0.5378383606852515,0.29506431373603403,0.4925579132991388,0.5869270423488153,0.2889018224680205,0.4131066169812274,9,11,6,5,0.5664794663795041,0.39967030285073896,0.29506431373603403,32.47
MEDIUM,0.43445416346588067,0.39498332598322383,0.5152175357754328,0.5227304198428815,0.2591537053589026,0.409282453831257,0.5818549791981918,0.10830504081915336,0.1925422907425561,9,8,5,3,0.39498332598322383,0.5152175357754328,0.2591537053589026,36.7
HIGH,0.5934955630044441,0.6299003515575009,0.436084427269092,0.5125693846396284,0.2291527393198787,0.728765147747848,0.9335216483086385,0.2894532899890597,0.5538075038242649,21,11,10,1,0.6299003515575009,0.436084427269092,0.2291527393198787,60.66
MEDIUM,0.33132344443434547,0.23587256157752484,0.32224584808313955,0.4295867369889955,0.2918922985260776,0.3699896763677806,0.44272886072756795,0.4910067994820005,0.030755000174198483,7,6,3,3,0.23587256157752484,0.32224584808313955,0.2918922985260776,38.39
MEDIUM,0.4330234687656138,0.41904590635712274,0.4348160480447408,0.4762339461222717,0.31804953074616793,0.4703052327454474,0.5073472275093163,0.4303496559609564,0.39913482523833166,10,7,4,3,0.41904590635712274,0.4348160480447408,0.31804953074616793,52.67
LOW,0.3804702196255944,0.2733378216464284,0.35284105072921546,0.30445501987551343,0.48512185342485376,0.10780999495339572,0.1395979965383418,0.04991588434714672,0.07034010080480647,2,8,1,7,0.2733378216464284,0.35284105072921546,0.48512185342485376,12.31
LOW,0.20571598360018273,0.20714051331911432,0.28880148739317424,0.31044085946253486,0.12523038238094814,0.21104597136366246,0.29794748980087465,0.0,0.16138738741568837,2,7,2,5,0.20714051331911432,0.28880148739317424,0.12523038238094814,9.38
HIGH,0.7181005536730847,0.8378196054873551,0.6582019365678203,0.8019286420369238,0.4374543838474647,0.8153588909920384,0.9180262937191362,0.6933365657318831,0.6293790080709007,17,9,8,1,0.8378196054873551,0.6582019365678203,0.4374543838474647,88.27
MEDIUM,0.3799435893292658,0.2331250232136632,0.4198891547975689,0.3534491578050939,0.2528502269349564,0.48534785351051907,0.6334266633596518,0.25872151403488025,0.26773776343875944,13,8,5,3,0.2331250232136632,0.4198891547975689,0.2528502269349564,44.67
HIGH,0.5804121518858885,0.5915505456186566,0.49005791183061015,0.4554278729319556,0.469842105413523,0.8051782849695818,0.9547598722294915,0.5763726932212294,0.5852391149382051,18,8,8,0,0.5915505456186566,0.49005791183061015,0.469842105413523,79.74
LOW,0.1905545852341822,0.17131466855559066,0.23198692028843285,0.15771805795106103,0.1370084735899102,0.2397956140216227,0.2900839978013693,0.10809252332521624,0.22063355337878934,5,10,3,7,0.17131466855559066,0.23198692028843285,0.1370084735899102,10.26
MEDIUM,0.5276873938731208,0.5015672181218788,0.41942588245627865,0.5453857572331706,0.38466824682318473,0.5778633706082105,0.6543783634040167,0.6293340943896383,0.2968476684393638,16,13,9,4,0.5015672181218788,0.41942588245627865,0.38466824682318473,39.71
HIGH,0.6627253299692177,0.7100955020614881,0.5869453379508737,0.6388872593444661,0.44780370289884375,0.8063385298228911,0.8641503353875565,0.8122830763359437,0.6269585666158427,19,10,9,1,0.7100955020614881,0.5869453379508737,0.44780370289884375,87.6
MEDIUM,0.28339388388121717,0.1862897489939201,0.2841308192917843,0.3795841332074376,0.13816151065288898,0.4222047503021309,0.4784959892553345,0.3067964089381325,0.3687393748065186,7,7,3,4,0.1862897489939201,0.2841308192917843,0.13816151065288898,17.87
MEDIUM,0.5912954103522399,0.598569491030518,0.5321070495324066,0.6901869281705546,0.35538543704054915,0.645284560302418,0.7629933369223699,0.6307213955800202,0.3067213951649602,16,5,4,1,0.598569491030518,0.5321070495324066,0.35538543704054915,66.63
HIGH,0.7956127914775055,0.8517970144392133,0.9004878594684208,0.7426249683831139,0.5887762953116931,0.74918091590684,0.8051303815804051,0.7832668791482469,0.5472465556447376,18,9,7,2,0.8517970144392133,0.9004878594684208,0.5887762953116931,76.96
LOW,0.27904302146842336,0.3982193444077384,0.23450955275561652,0.32332626186611096,0.23854847749392058,0.12058304241711783,0.20097173736186305,0.0,0.0,1,6,1,5,0.3982193444077384,0.23450955275561652,0.23854847749392058,18.04
MEDIUM,0.4464046741921054,0.2711858086506791,0.3004950057904734,0.4462173631371487,0.5095322684828714,0.4201562851637211,0.44520337061903775,0.5227596028824876,0.2424117110790047,12,8,4,4,0.2711858086506791,0.3004950057904734,0.5095322684828714,32.65
MEDIUM,0.6201684664949717,0.6238130921840593,0.7074648737418647,0.5653485550241968,0.5747853474425778,0.5051770632310015,0.5910440911801917,0.4369575252429317,0.31579551737150097,10,7,4,3,0.6238130921840593,0.7074648737418647,0.5747853474425778,54.07
MEDIUM,0.42563313995176055,0.3059125617282486,0.29127924115261783,0.28749568776612655,0.35974027372162654,0.3716458314297266,0.3772743532939834,0.41001715516771337,0.31638894209896956,9,8,3,5,0.3059125617282486,0.29127924115261783,0.35974027372162654,31.04
MEDIUM,0.4111649710981812,0.44517322182325564,0.5423875959585811,0.5460815804247809,0.15150042841020112,0.4023573723161725,0.4975412051030841,0.03677703725840038,0.48238620901320994,9,10,5,5,0.44517322182325564,0.5423875959585811,0.15150042841020112,29.88
LOW,0.3211325194760139,0.41377609520850356,0.35766690825859465,0.2931942555148809,0.3015052468349655,0.2093222850851812,0.29792502863061376,0.08093625304080403,0.07190008649326068,6,10,3,7,0.41377609520850356,0.35766690825859465,0.3015052468349655,11.96
MEDIUM,0.4921119691745638,0.5310398889944526,0.45032266043526026,0.6427936196020874,0.3866879049767118,0.5674023910169498,0.629707511270583,0.7017768163023508,0.24611260497064918,9,8,5,3,0.5310398889944526,0.45032266043526026,0.3866879049767118,54.91
HIGH,0.7747849354193171,0.8083846754249165,0.752619390856234,0.7667510387938893,0.618496096312421,0.7504367378823957,0.8091363130488082,0.6908335734905047,0.6339411767750494,14,4,3,1,0.8083846754249165,0.752619390856234,0.618496096312421,66.67
HIGH,0.5836608895904773,0.6981606159336785,0.49109120525828953,0.45164569823324674,0.42189783687296567,0.7125776125921596,0.8669037615983342,0.34907895426721336,0.6130978238985819,9,4,3,1,0.6981606159336785,0.49109120525828953,0.42189783687296567,66.46
LOW,0.32954683670131524,0.4177694164875211,0.3172849334643366,0.13536217711770274,0.2697680878127765,0.297964301536343,0.37646884870695363,0.22337904078135684,0.13703592077949758,3,6,2,4,0.4177694164875211,0.3172849334643366,0.2697680878127765,33.64
MEDIUM,0.3122590526219537,0.3876631767151764,0.2777663130375115,0.21771864284558395,0.37137845470766917,0.45872439539638704,0.619158396721771,0.27363976712456434,0.16250701969205814,12,12,7,5,0.3876631767151764,0.2777663130375115,0.37137845470766917,39.02
LOW,0.14790984383367659,0.10687455463449409,0.2636150356683902,0.2649112304432748,0.0,0.1806267120892294,0.2659736313178631,0.08787851952763805,0.017334146964919524,3,9,2,7,0.10687455463449409,0.2636150356683902,0.0,4.57
MEDIUM,0.3900250483012802,0.38430676880832093,0.3087797153488413,0.515879370611144,0.3223458571503086,0.6019365146961335,0.8191844542573082,0.3179840061843961,0.2341452045243469,14,12,10,2,0.38430676880832093,0.3087797153488413,0.3223458571503086,51.09
MEDIUM,0.3014729030043266,0.3583764777878186,0.3481406682974948,0.4030189284473532,0.30003548240404276,0.5518770880896755,0.7449967529316357,0.32791561989831797,0.19647956175515272,11,12,9,3,0.3583764777878186,0.3481406682974948,0.30003548240404276,36.98
MEDIUM,0.644998325781282,0.6601623934544152,0.7249426217574585,0.48533410758352535,0.4015443318287837,0.28542758384811673,0.2689078289285112,0.506082191645732,0.11433224080931825,8,5,1,4,0.6601623934544152,0.7249426217574585,0.4015443318287837,42.97
HIGH,0.7570172504108509,0.8000403037606982,0.7397831016554531,0.669440811779951,0.5864012159760598,0.8526791634587079,0.9490476552620066,0.8288048806180518,0.5874479708894678,18,6,6,0,0.8000403037606982,0.7397831016554531,0.5864012159760598,87.64
HIGH,0.6705364162806288,0.6153158420093984,0.741643918588983,0.5570872375942272,0.37002689791579824,0.8540716686435471,0.8736981692262644,0.9727501696478,0.6765136658911419,19,5,4,1,0.6153158420093984,0.741643918588983,0.37002689791579824,91.82
MEDIUM,0.1474250075284266,0.1416472777406472,0.23721896027241235,0.2747259651124428,0.016114778833773588,0.5388449046877639,0.8127968656994449,0.0,0.25583392634048546,11,7,6,1,0.1416472777406472,0.23721896027241235,0.016114778833773588,44.15
LOW,0.06494499512541055,0.1339545176693243,0.1056683526128899,0.0,0.0,0.21113324286191099,0.32455871480249315,0.08199006990207555,0.0,4,8,3,5,0.1339545176693243,0.1056683526128899,0.0,5.01
LOW,0.388555690356411,0.4688931278754424,0.36172549422253364,0.364948117884228,0.3079377227208053,0.0651207882374355,0.06444543251116022,0.13226764365369686,0.0,2,8,1,7,0.4688931278754424,0.36172549422253364,0.3079377227208053,5.02
MEDIUM,0.4571071073141465,0.4736996261462399,0.29619671842764067,0.40934696663246267,0.36609618699033725,0.41244357393504544,0.5791204398921258,0.0,0.3248565499988497,11,9,5,4,0.4736996261462399,0.29619671842764067,0.36609618699033725,28.53
MEDIUM,0.3303875097833814,0.2426223066738968,0.3893242200057793,0.11304858271175594,0.18643561084110472,0.6101216947235325,0.7638693210365882,0.35144249256672694,0.40755801794117086,6,5,4,1,0.2426223066738968,0.3893242200057793,0.18643561084110472,57.54
MEDIUM,0.4623929234650973,0.37294069721653755,0.4704554617811158,0.3707179179978896,0.44236209131613313,0.7096236927836715,0.9591746064802257,0.44678821073306585,0.22380643374461476,6,3,3,0,0.37294069721653755,0.4704554617811158,0.44236209131613313,76.53
LOW,0.16291651183134878,0.21534258979768306,0.2814996957802922,0.14694955813824173,0.07357487131534066,0.1434228504672976,0.20859452342128207,0.03723621833607828,0.0540944637365636,3,9,2,7,0.21534258979768306,0.2814996957802922,0.07357487131534066,18.25
HIGH,0.8151145548093828,0.7294117406715322,0.8571271380118045,0.757276047081298,0.6101255146962237,0.8728192717849663,0.9550811678491873,0.6599737688002948,0.8388790865769752,23,11,11,0,0.7294117406715322,0.8571271380118045,0.6101255146962237,93.79
MEDIUM,0.2775636843036941,0.3871863337429402,0.19826413934373227,0.23241655477835574,0.25043382341875264,0.5125456725644211,0.7349830248266086,0.11928467366360757,0.23849461467867228,10,8,6,2,0.3871863337429402,0.19826413934373227,0.25043382341875264,46.32
LOW,0.241932070852588,0.1831163557996027,0.13821140440146834,0.21591175776573954,0.07532746099393257,0.1952933264655157,0.2561059750370508,0.14520216357842267,0.06294654363800348,4,12,3,9,0.1831163557996027,0.13821140440146834,0.07532746099393257,11.63
LOW,0.28920548937698287,0.3914116111004388,0.323485207696442,0.3732785054400226,0.13593302536109408,0.26840267094441206,0.31016983524204583,0.19047291501563995,0.22103093398028287,3,5,2,3,0.3914116111004388,0.323485207696442,0.13593302536109408,32.77
MEDIUM,0.509040740854602,0.5938250948491114,0.4629307210505669,0.4746255408456491,0.248914783874231,0.3769698285585309,0.47176793204028955,0.25148629960764846,0.21805904706413742,7,7,3,4,0.5938250948491114,0.4629307210505669,0.248914783874231,32.58
HIGH,0.6605814856882989,0.6881135029836476,0.6144308483701948,0.6134138236209823,0.29196998620854697,0.6607032129531893,0.7742907001751126,0.4086003440694001,0.5720436201712086,12,10,8,2,0.6881135029836476,0.6144308483701948,0.29196998620854697,62.52
MEDIUM,0.41828674870397403,0.5043483082005461,0.382536156575336,0.4144853909279983,0.4383235637320132,0.47462137637309715,0.6186851395761864,0.19798162883663956,0.319069834300287,9,6,4,2,0.5043483082005461,0.382536156575336,0.4383235637320132,48.13
LOW,0.21751494173857738,0.2081090810989038,0.2610891335123463,0.284022705820108,0.20000541962946466,0.14286767455297383,0.16361679759442974,0.19333300208640003,0.03015497789517988,2,5,1,4,0.2081090810989038,0.2610891335123463,0.20000541962946466,8.14
MEDIUM,0.4977305371290421,0.34003234560549267,0.4459562530570821,0.5353521295982009,0.2454277613554314,0.47376480413771604,0.6113885122919294,0.23859548098639186,0.2960630028264003,12,9,6,3,0.34003234560549267,0.4459562530570821,0.2454277613554314,49.41
MEDIUM,0.395035336514442,0.44599176556139863,0.3133350498358335,0.38079000878322555,0.2379363257239619,0.3658794738782274,0.5344957325021553,0.1481434941501245,0.07776667773454658,11,9,5,4,0.44599176556139863,0.3133350498358335,0.2379363257239619,18.34
MEDIUM,0.5799819497814211,0.627654833522407,0.5466483354873358,0.5045022402013606,0.4140851727819937,0.4818097246196337,0.5871677588270322,0.3691615022311797,0.2783838443858921,10,6,4,2,0.627654833522407,0.5466483354873358,0.4140851727819937,56.4
LOW,0.21109936450712574,0.34543932352681417,0.16114906174125404,0.3136141723036582,0.07436710823280425,0.2598229730000436,0.3330740687547714,0.2233367550080544,0.0765559037278494,6,11,4,7,0.34543932352681417,0.16114906174125404,0.07436710823280425,9.63
MEDIUM,0.5859314767327982,0.6597766528829302,0.5012882446224549,0.5747908917575585,0.4305043319906099,0.5142355057599117,0.4738593116386587,0.8215599446749439,0.32803964920863904,14,8,4,4,0.6597766528829302,0.5012882446224549,0.4305043319906099,44.72
HIGH,0.5332267604417015,0.4969344367420562,0.6171523939118813,0.6588425780888751,0.2959291610085917,0.7450336051982982,0.8288142691025081,0.7634892860740918,0.4752359326098745,19,7,6,1,0.4969344367420562,0.6171523939118813,0.2959291610085917,63.57
MEDIUM,0.2938698677272943,0.29466631458491677,0.14479601584946353,0.2700970343435086,0.06649925578470678,0.6688034839523211,0.7959908510298398,0.7830285189531345,0.17301634771895177,13,9,7,2,0.29466631458491677,0.14479601584946353,0.06649925578470678,51.84
LOW,0.15333114522735147,0.13044814824838238,0.07792880384913571,0.24502629544054055,0.0,0.1166236336893995,0.1468643214162055,0.09541139058645413,0.047113813611926854,4,10,1,9,0.13044814824838238,0.07792880384913571,0.0,0.0
HIGH,0.5576741175646484,0.6607645720987156,0.5696603334475039,0.5173780297955431,0.3494351893276702,0.7646443960899396,0.8973189767471749,0.6916835723727564,0.439581477835417,15,8,7,1,0.6607645720987156,0.5696603334475039,0.3494351893276702,66.78
HIGH,0.585002536730456,0.5513901437104145,0.6196005291679292,0.594659365064693,0.6069362533773843,0.692825979714596,0.7231637589024067,0.7438681932428377,0.5507704286229224,18,10,7,3,0.5513901437104145,0.6196005291679292,0.6069362533773843,64.56
HIGH,0.6255930787081515,0.6746874770565079,0.47528299453833545,0.6877391938000968,0.43559781067209496,0.7434989845761175,0.8610350369735129,0.6034933601106548,0.5308964518493944,25,11,9,2,0.6746874770565079,0.47528299453833545,0.43559781067209496,82.31
MEDIUM,0.5255738189142335,0.5794401521988322,0.4515609611184559,0.424709875136579,0.3615735803482846,0.4509198047153662,0.6711561404052152,0.027638346479714263,0.21349225588147125,9,9,6,3,0.5794401521988322,0.4515609611184559,0.3615735803482846,57.12
LOW,0.4352164933449456,0.31217709785937925,0.27288339583868476,0.43050347098516106,0.19120565251686095,0.1526026672159565,0.19534932031461452,0.09262731210453334,0.08433806303140551,3,6,1,5,0.31217709785937925,0.27288339583868476,0.19120565251686095,16.33
LOW,0.18196277474716935,0.1047909809178422,0.04694593059969851,0.16819402023129965,0.0004534851867562806,0.05335189269459574,0.03800457751942666,0.1527457309146987,0.0,2,11,0,11,0.1047909809178422,0.04694593059969851,0.0004534851867562806,1.55
HIGH,0.7764372296342937,0.7762048349465022,0.7215494982150296,0.7924232053664209,0.3752275152000675,0.6650855086962313,0.7691738294760689,0.42596278293978435,0.5919432721131657,17,8,6,2,0.7762048349465022,0.7215494982150296,0.3752275152000675,65.69
LOW,0.18861294476047188,0.1131693291811976,0.2194375584175054,0.1833319961008533,0.06911714191779043,0.15797431745934673,0.205039890457291,0.08704696140626081,0.0877049545185998,2,7,1,6,0.1131693291811976,0.2194375584175054,0.06911714191779043,7.86
HIGH,0.5979671132355932,0.5787111257073846,0.6566892367693674,0.6128161938508716,0.36546275842915626,0.7204862612431598,0.8542923153705714,0.7771626524377536,0.26239170766633124,16,10,9,1,0.5787111257073846,0.6566892367693674,0.36546275842915626,66.29
HIGH,0.9170124142930844,1.0,0.9735314347568553,0.9455358045567205,0.45568099320391153,0.7459554670689295,0.912540653030456,0.5401556962880057,0.45199967996527346,15,8,7,1,1.0,0.9735314347568553,0.45568099320391153,93.78
HIGH,0.7075011422345981,0.6371733643534747,0.6747302759213427,0.7318712557929374,0.383520013303212,0.7635355297143824,0.9131385711449972,0.6075323589581472,0.4707295761787734,16,7,6,1,0.6371733643534747,0.6747302759213427,0.383520013303212,75.66
MEDIUM,0.4166188054000709,0.36771620243471403,0.5438061841123096,0.44983799920500056,0.2533619405177542,0.4215721147405975,0.5718790646237064,0.14463597264529834,0.24758740718657,6,7,4,3,0.36771620243471403,0.5438061841123096,0.2533619405177542,44.5
MEDIUM,0.40734399990631154,0.3618464111764431,0.6440712471577595,0.3543347878923905,0.07827310454583528,0.3784530921219173,0.3100102043561747,0.5018605245390869,0.46037432300197556,11,7,2,5,0.3618464111764431,0.6440712471577595,0.07827310454583528,33.46
MEDIUM,0.41874644594753574,0.433216064060788,0.488942911719827,0.4505300111951375,0.22544168198340542,0.5296010350916176,0.5238689429460535,0.7462526909443848,0.33014565567554305,13,10,5,5,0.433216064060788,0.488942911719827,0.22544168198340542,41.66
MEDIUM,0.5576868750389975,0.6151782538638522,0.5787983532799214,0.5021858729951665,0.42893669308214544,0.5059296726632551,0.5399488095297875,0.2883488177309848,0.6214531169959281,10,5,3,2,0.6151782538638522,0.5787983532799214,0.42893669308214544,46.25
MEDIUM,0.7582305022908222,0.6812409827048972,0.7003206899046411,0.7568294033186942,0.44603965584043936,0.5338801255056794,0.6826084526410452,0.24309411278734097,0.37848115681792044,4,5,3,2,0.6812409827048972,0.7003206899046411,0.44603965584043936,62.18
LOW,0.35182689127654504,0.22944261203694521,0.26881195626288923,0.38491648211451385,0.18764242888738092,0.07544920852041853,0.017793443615887545,0.30399641600719596,0.01986929574723409,3,8,0,8,0.22944261203694521,0.26881195626288923,0.18764242888738092,15.38
HIGH,0.6173198962268994,0.5912537188314348,0.5991661015435542,0.6772366560827844,0.31529173587296944,0.809422678979464,1.0,0.4981633225081112,0.5489500723892089,12,6,6,0,0.5912537188314348,0.5991661015435542,0.31529173587296944,72.75
LOW,0.15857429758451697,0.0802570952834177,0.21421849128805376,0.09593558595904697,0.02162045896397033,0.15500103813524893,0.15284373630592776,0.19928388786962947,0.11719009388883195,2,8,1,7,0.0802570952834177,0.21421849128805376,0.02162045896397033,0.0
LOW,0.3306851223672347,0.3731301722177665,0.26175548165329915,0.28553539086118224,0.14895056803333084,0.1008234335123636,0.09369665403431499,0.14603010312161807,0.07699710233725494,4,12,1,11,0.3731301722177665,0.26175548165329915,0.14895056803333084,18.59
MEDIUM,0.3992809115391373,0.44710418230150406,0.3713742959768447,0.5297029955974063,0.31992457638238814,0.5304617330281124,0.5893540537904524,0.3754145324859018,0.5088319712833029,12,5,3,2,0.44710418230150406,0.3713742959768447,0.31992457638238814,45.65
MEDIUM,0.3597348322028333,0.2276702511849467,0.4120273718496845,0.2766713961751117,0.26868114916245334,0.5287643669396954,0.7201325545248772,0.2155966142867726,0.26782755683707293,7,5,4,1,0.2276702511849467,0.4120273718496845,0.26868114916245334,61.41
LOW,0.17352695811063953,0.12459191521610233,0.17011628645812488,0.1839310182861307,0.07956189996287188,0.16376110949456485,0.2636071034925355,0.004655250993959104,0.023328986001258552,2,9,2,7,0.12459191521610233,0.17011628645812488,0.07956189996287188,11.6
HIGH,0.5172090781282787,0.5259690081731544,0.3823973481611591,0.5726780389007315,0.3371749217647354,0.8573958936253405,1.0,0.8642625688745215,0.4227168992521811,13,4,4,0,0.5259690081731544,0.3823973481611591,0.3371749217647354,71.02
HIGH,0.6989685340719848,0.7736420384066381,0.6761660610679379,0.6845951350095332,0.4860152715994985,0.8202028652759814,0.9885231454873957,0.7123249511349198,0.42311993878280024,20,11,11,0,0.7736420384066381,0.6761660610679379,0.4860152715994985,81.12
MEDIUM,0.5261279509393605,0.5342089621123112,0.5341220034675127,0.49390197725049506,0.31076778164427404,0.4606030229831529,0.49456293597543555,0.44263217422545587,0.37669413276400204,12,8,4,4,0.5342089621123112,0.5341220034675127,0.31076778164427404,39.03
LOW,0.21984155749073644,0.11109064401122762,0.23845902221707632,0.09646698904862672,0.05111639424513907,0.06225180018351549,0.0,0.08248830473284995,0.2287706961847275,2,8,0,8,0.11109064401122762,0.23845902221707632,0.05111639424513907,16.39
HIGH,0.6234787955411977,0.5732733073223307,0.6235314521990382,0.5728472239203237,0.38062645689749514,0.8288130193061761,0.9788203127407592,0.8552312561544425,0.3523729021541604,16,6,6,0,0.5732733073223307,0.6235314521990382,0.38062645689749514,85.5
HIGH,0.9701967934273884,0.9329429297247755,0.9369384962800261,1.0,0.610916083503686,0.693712612171413,0.8887230510807587,0.5669923782432909,0.23540152937149858,16,8,7,1,0.9329429297247755,0.9369384962800261,0.610916083503686,97.07
MEDIUM,0.29943030260229936,0.2787823927639375,0.1321436751513691,0.20255687578632794,0.2731518086369093,0.4274342759630198,0.5128989340069505,0.5345016478996131,0.06397292989463427,9,8,4,4,0.2787823927639375,0.1321436751513691,0.2731518086369093,35.5
MEDIUM,0.5270702580105958,0.6503830610573239,0.4976232892676705,0.6338767248346533,0.2645285655194434,0.3567170876592099,0.387868337535146,0.5005493142996678,0.1194311113909438,9,9,3,6,0.6503830610573239,0.4976232892676705,0.2645285655194434,41.83
MEDIUM,0.4567258735554633,0.49746707298945575,0.40371390955068104,0.4002293689562456,0.36715105547316623,0.43908472209332744,0.5456068286304044,0.2685372165391439,0.2900659080362799,10,11,6,5,0.49746707298945575,0.40371390955068104,0.36715105547316623,32.3
MEDIUM,0.4449176474211462,0.4974683283203776,0.5118134966756156,0.45357505555158883,0.4070257105028907,0.5939520090883738,0.6596845602820364,0.5725900459384525,0.41811631865730736,13,11,7,4,0.4974683283203776,0.5118134966756156,0.4070257105028907,35.83
MEDIUM,0.5436663827187331,0.6692660141892243,0.6461696112123096,0.6993041791878983,0.44255186593576645,0.4325879452497846,0.5843215887907943,0.07300337573485063,0.33697158414168965,7,7,4,3,0.6692660141892243,0.6461696112123096,0.44255186593576645,48.02
HIGH,0.690266929046149,0.7650685443047557,0.47241458401614433,0.7054664150587765,0.6034358282475605,0.9097156460773834,1.0,0.7963922676770125,0.7521859627099047,19,8,8,0,0.7650685443047557,0.47241458401614433,0.6034358282475605,89.95
MEDIUM,0.3561171038379167,0.31489788430736476,0.26714487135182413,0.3983872714271363,0.2504211539365894,0.4170282515270707,0.4959570824862854,0.23666324863254193,0.36060676154395516,7,10,5,5,0.31489788430736476,0.26714487135182413,0.2504211539365894,21.01
LOW,0.06248667615114043,0.10628562285693918,0.1918394120514615,0.1920254604225912,0.11752793236900747,0.2360724341071218,0.2850571418386545,0.3251907450196455,0.0,6,7,2,5,0.10628562285693918,0.1918394120514615,0.11752793236900747,5.64
MEDIUM,0.4452775127627769,0.4558170215897847,0.42330353962310185,0.403476636058132,0.2569832626191786,0.47629928528618615,0.5906749445255165,0.19508700683542657,0.4143845860189545,11,9,5,4,0.4558170215897847,0.42330353962310185,0.2569832626191786,28.94
LOW,0.19958142443682367,0.4314854735215854,0.3008781266843893,0.15522571975628663,0.18215821054891065,0.2143002712404989,0.28731042889324204,0.0,0.20957006952276838,3,8,2,6,0.4314854735215854,0.3008781266843893,0.18215821054891065,10.23
HIGH,0.6244817841798591,0.4879241837971029,0.6503182076118627,0.46098913728600877,0.4070268894123473,0.8851502676309795,0.9949499431887054,0.7658187807017477,0.6750827278870332,25,9,9,0,0.4879241837971029,0.6503182076118627,0.4070268894123473,79.26
MEDIUM,0.39742554345448194,0.47396964504767164,0.3924995533704423,0.5349331338100056,0.22511628487793972,0.6095879028781999,0.7610689788575477,0.4686279061087942,0.29610467170956234,14,9,7,2,0.47396964504767164,0.3924995533704423,0.22511628487793972,55.17
LOW,0.12984114924450088,0.10303545964749844,0.0,0.1971970158471109,0.0,0.17072066032624889,0.17388235337171606,0.16480450414810333,0.1671517373679929,3,4,1,3,0.10303545964749844,0.0,0.0,18.0
HIGH,0.8344074957673544,0.7686629437741862,0.6704842053521387,0.8992335771088361,0.5303766350752993,0.718782947115574,0.7593167521931202,0.6182975218867053,0.6976669571118042,19,5,4,1,0.7686629437741862,0.6704842053521387,0.5303766350752993,71.86
HIGH,0.5780867582152391,0.5814155861109203,0.567386932474545,0.4589272460287522,0.6872434276457584,0.7597021746993493,0.8603730264785044,0.5511074885387943,0.6662843055224386,21,12,10,2,0.5814155861109203,0.567386932474545,0.6872434276457584,65.52
MEDIUM,0.22423530211380066,0.29637170861958917,0.0934202510313637,0.15997919622506168,0.15664456107652938,0.5260712138084674,0.6167509841711518,0.29781307532093615,0.4822900412079458,12,9,6,3,0.29637170861958917,0.0934202510313637,0.15664456107652938,31.18
LOW,0.11969348557214884,0.25869688021111636,0.2814690901261946,0.16070600816125086,0.18698674966844628,0.0537346019289051,0.0,0.08049975845096227,0.18817325119356318,0,10,0,10,0.25869688021111636,0.2814690901261946,0.18698674966844628,0.0
MEDIUM,0.49955914082073044,0.3488928687225845,0.5899973682437362,0.5941771296781232,0.30225471713386143,0.5040366862588044,0.6281913895681133,0.3065802551878983,0.3290290074017839,10,6,4,2,0.3488928687225845,0.5899973682437362,0.30225471713386143,40.86
LOW,0.18780716833330083,0.17090770596439847,0.20959130677744087,0.13584656911439452,0.3200341844118695,0.17937693684415706,0.21927259872553304,0.12328817785162255,0.11577871019256365,5,10,2,8,0.17090770596439847,0.20959130677744087,0.3200341844118695,11.21
HIGH,0.5175385362952808,0.3745907242484186,0.5114538366711653,0.5017246256807286,0.4202579598115173,0.7743411222135058,0.9016013521746804,0.7663729868908421,0.4005285676526458,15,8,7,1,0.3745907242484186,0.5114538366711653,0.4202579598115173,75.66
LOW,0.2891950580373657,0.3170598659206361,0.17167510756559673,0.2585128345796221,0.2919293097710809,0.14561305766398167,0.2272855986318101,0.0,0.04620849242447808,1,5,1,4,0.3170598659206361,0.17167510756559673,0.2919293097710809,11.91
MEDIUM,0.5028727104858828,0.5510828556762628,0.5019198424150173,0.48100149298588535,0.2447039646338865,0.34725492147836223,0.4839880492374252,0.08573032293476586,0.19858013674476965,8,8,4,4,0.5510828556762628,0.5019198424150173,0.2447039646338865,50.24
LOW,0.1874901279168218,0.07359155902052385,0.15646725783922572,0.15972267334760704,0.21573109216508907,0.11691252977563099,0.14604001529384947,0.08086803999438412,0.06557456300222245,1,5,1,4,0.07359155902052385,0.15646725783922572,0.21573109216508907,2.8
LOW,0.25589472872248253,0.2371270079456002,0.23572062760397477,0.1182296760435183,0.23309976183137288,0.14590085605545972,0.11649225354199512,0.17471232382297758,0.20531519582833566,2,8,1,7,0.2371270079456002,0.23572062760397477,0.23309976183137288,9.14
LOW,0.1684479998753279,0.123324927124982,0.213530576731121,0.20825426185086351,0.08328463588001375,0.03775756471375737,0.001512060168717238,0.14563781853794525,0.03861382452468988,2,8,0,8,0.123324927124982,0.213530576731121,0.08328463588001375,0.0
MEDIUM,0.5117439030449347,0.5627160962697736,0.5211331631326397,0.35356901952896747,0.48592883835011796,0.4299529539402146,0.6116534001313871,0.1093361341259045,0.2054684351810072,10,8,5,3,0.5627160962697736,0.5211331631326397,0.48592883835011796,44.18
LOW,0.02072331708998223,0.0,0.0,0.0,0.16531404041739706,0.30263870293846096,0.4469362681502483,0.12345904682304427,0.04892566341851564,6,8,4,4,0.0,0.0,0.16531404041739706,0.0
HIGH,0.8434893074450248,0.7598325018987558,0.7835673155041014,0.84454479992354,0.6187567411619883,0.7676689299222501,0.8499996763040423,0.6653928766503912,0.6229527440487328,20,12,10,2,0.7598325018987558,0.7835673155041014,0.6187567411619883,80.55
HIGH,0.6450834141701904,0.539135171549216,0.6651033322229074,0.7311774161772236,0.4876631034391018,0.7160066516258977,0.8922387473962203,0.36032132537303224,0.5429956905677953,15,10,9,1,0.539135171549216,0.6651033322229074,0.4876631034391018,71.91
MEDIUM,0.3662754515234706,0.38610929188499105,0.4017398708239512,0.4009016039069455,0.15871183970491687,0.3102149479756141,0.30310244584994767,0.4024776873061457,0.23928971502208177,13,12,4,8,0.38610929188499105,0.4017398708239512,0.15871183970491687,36.27
MEDIUM,0.5183242904090513,0.58800049178917,0.5789926290926034,0.4899724548735426,0.4907434935828685,0.4282589909277532,0.5500712479549784,0.3756212249870879,0.11545998578674278,9,9,5,4,0.58800049178917,0.5789926290926034,0.4907434935828685,41.58
LOW,0.2180936576663771,0.21443657186904236,0.2810216364392134,0.2021822547155718,0.007145818421165601,0.1647846931606905,0.2682746727648721,0.019099447508836145,0.0,3,6,2,4,0.21443657186904236,0.2810216364392134,0.007145818421165601,8.91
LOW,0.16163440569473306,0.2551729036927142,0.12553075202006275,0.14839628142052566,0.2174432277190284,0.2177102483437608,0.2954587109845443,0.2021751087651711,0.0,6,11,3,8,0.2551729036927142,0.12553075202006275,0.2174432277190284,25.42
HIGH,0.5236549394351089,0.524232415973123,0.501625153054536,0.5759480581242946,0.4740512920632117,0.7787268348816621,0.8930164684096402,0.6018583908374548,0.6127263783419353,15,7,6,1,0.524232415973123,0.501625153054536,0.4740512920632117,78.13
LOW,0.3083966243863094,0.29493824736826735,0.13721350536605473,0.2965401374748815,0.14007963580271166,0.13690614308943586,0.18443299771872945,0.032890910728239124,0.09834081156275185,1,6,1,5,0.29493824736826735,0.13721350536605473,0.14007963580271166,18.65
LOW,0.20003316252563536,0.27639435025386216,0.27317749262400115,0.26362101891886347,0.17030986521809827,0.24639036237070225,0.286880397024422,0.23730881326061545,0.13400180751962987,2,4,1,3,0.27639435025386216,0.27317749262400115,0.17030986521809827,27.45
HIGH,0.8620106139458643,0.8569562276925498,0.8688305156546192,0.9519901498580031,0.5851224400311756,0.7890917422949089,0.9141021628582549,0.8298246967998225,0.37332752609995773,19,7,6,1,0.8569562276925498,0.8688305156546192,0.5851224400311756,90.49
HIGH,0.5424076641813081,0.40720752274561745,0.6039825855111256,0.6116722413759301,0.36036036424373236,0.8094944933670092,0.932031552003658,0.7990413955262814,0.45233641529779045,18,7,7,0,0.40720752274561745,0.6039825855111256,0.36036036424373236,81.7
LOW,0.18020523680649808,0.160666306270143,0.2136419652099192,0.17950936720579133,0.07155530738426272,0.23443804477377353,0.3498278936908887,0.046074251837918,0.07663229095828371,2,5,2,3,0.160666306270143,0.2136419652099192,0.07155530738426272,24.52
MEDIUM,0.5219420388078915,0.566020621683545,0.6889591617115038,0.46211333261213866,0.20341705282204514,0.3139203104414933,0.39241705058927145,0.2092696328336817,0.18308076760597067,10,8,3,5,0.566020621683545,0.6889591617115038,0.20341705282204514,40.51
HIGH,0.9141272215454015,0.8856173770200879,0.7835256981852073,0.998381466976455,0.4560296159068747,0.7621071886861506,0.8395997581840157,0.7540224464845593,0.5377142223941463,16,8,7,1,0.8856173770200879,0.7835256981852073,0.4560296159068747,84.46
HIGH,0.7019967916536018,0.635578721282317,0.6021937148058154,0.6372292250171555,0.5306311293989571,0.7114143984418699,0.9274881809887768,0.48989857988086627,0.28470886936215306,15,9,8,1,0.635578721282317,0.6021937148058154,0.5306311293989571,81.96
LOW,0.10120995463301913,0.11346370721378587,0.2898258930351286,0.16113235392234498,0.08446889816369857,0.1478798646873888,0.2430621843657162,0.0,0.010212770339795497,4,3,1,2,0.11346370721378587,0.2898258930351286,0.08446889816369857,22.28
MEDIUM,0.46621381237010456,0.3420866121702981,0.44866981555004926,0.6096051626424159,0.3394912684786446,0.37230915550646865,0.4653030300682156,0.0,0.4656366873276966,4,8,4,4,0.3420866121702981,0.44866981555004926,0.3394912684786446,24.05
MEDIUM,0.43419077691456337,0.45077789448358885,0.3939334117722814,0.4963545046335139,0.3118137678874385,0.6144081657595305,0.7093468577908195,0.2785611843838562,0.6654390710413375,8,7,5,2,0.45077789448358885,0.3939334117722814,0.3118137678874385,45.71
LOW,0.028046390913421627,0.05161141841964648,0.0,0.04098006483800012,0.0,0.1815022855933022,0.15424479111438888,0.16045403991323595,0.2843230147101083,3,6,1,5,0.05161141841964648,0.0,0.0,0.0
MEDIUM,0.36420320040365467,0.4301285184546098,0.3251587312652243,0.5441482162653231,0.29654016587203164,0.3351865054475704,0.39849840082388877,0.2766589635709845,0.20377836119520126,6,10,4,6,0.4301285184546098,0.3251587312652243,0.29654016587203164,17.46
LOW,0.26829467931383255,0.36693950129965436,0.37873805457566,0.31067880090963496,0.17951732188388075,0.17721305848660748,0.29535509747767913,0.0,0.0,3,9,3,6,0.36693950129965436,0.37873805457566,0.17951732188388075,12.02
MEDIUM,0.4797743471013956,0.5547976701833998,0.5463403621647341,0.4953743524748108,0.29164051492403636,0.44113587718572395,0.5661643133014482,0.2307579166650157,0.2764285293592595,11,13,7,6,0.5547976701833998,0.5463403621647341,0.29164051492403636,38.95
LOW,0.3020073416429868,0.36282913545606077,0.3633955460153936,0.31919864138326387,0.31482414872676784,0.25538951480068156,0.352602223596168,0.1283098919349295,0.09083101127997419,5,10,4,6,0.36282913545606077,0.3633955460153936,0.31482414872676784,14.0
MEDIUM,0.24103715178742258,0.30724477367249653,0.16400404079015674,0.20331787006728202,0.14739804668321868,0.4481727777508995,0.5558930232355825,0.2812693447153916,0.29191547433235815,8,8,4,4,0.30724477367249653,0.16400404079015674,0.14739804668321868,21.34
MEDIUM,0.19747131572799567,0.18101410300723705,0.15995935797725844,0.2309746346661146,0.0,0.4366066965773765,0.4750321988134594,0.3295280532020488,0.4284088332444551,7,9,4,5,0.18101410300723705,0.15995935797725844,0.0,19.67
MEDIUM,0.30590701608923193,0.29961547461944227,0.3051773798871299,0.27504437129557074,0.48371008954235384,0.4224535481391697,0.4880902810828677,0.4399530318735595,0.2080438655736859,12,9,4,5,0.29961547461944227,0.3051773798871299,0.48371008954235384,24.96
MEDIUM,0.3425664276130952,0.25101412264910383,0.4255100622131117,0.29824635194240334,0.0,0.580885288111969,0.8148034234740434,0.18958093538747872,0.2704352347502363,13,11,9,2,0.25101412264910383,0.4255100622131117,0.0,47.15
HIGH,0.5365166300372433,0.523205728869553,0.5655414119632348,0.5609586626941051,0.3274355329791487,0.718527983052226,0.9016206239477554,0.28255800093440653,0.6052200424834575,19,8,7,1,0.523205728869553,0.5655414119632348,0.3274355329791487,68.01
LOW,0.1949276865911181,0.16870370258985112,0.2297043160927499,0.197079051529133,0.010454710508518261,0.06961447995979875,0.00371080541671768,0.1262908202633016,0.21064916328553912,3,8,0,8,0.16870370258985112,0.2297043160927499,0.010454710508518261,7.93
MEDIUM,0.352261021456631,0.36788566826027613,0.44882685246466947,0.39465226542462417,0.32140724930250725,0.40742723239630757,0.4806180637462262,0.30952924805090354,0.28575272269195595,11,8,4,4,0.36788566826027613,0.44882685246466947,0.32140724930250725,14.66
MEDIUM,0.4404604349166175,0.3307403436010856,0.4942018122436147,0.38250041956102354,0.2726190395063163,0.6805770042189089,0.8273172861631065,0.5519947299078112,0.36893843269741394,13,9,7,2,0.3307403436010856,0.4942018122436147,0.2726190395063163,70.9
HIGH,0.6250450086034747,0.5130368263460623,0.6703920487626163,0.6205754782131991,0.2946376893278155,0.8025470077543544,0.9342868932569266,0.5961945679376959,0.6136797910632964,17,9,8,1,0.5130368263460623,0.6703920487626163,0.2946376893278155,81.64
MEDIUM,0.39805417521828346,0.35547246268857324,0.4885321294427851,0.3756083841739346,0.41588224070922364,0.5309648728426394,0.817522730528029,0.20225617262911022,0.0,11,10,8,2,0.35547246268857324,0.4885321294427851,0.41588224070922364,44.36
LOW,0.15851861786339708,0.2622940651188963,0.17131151700879824,0.26120650827204794,0.1603850444322275,0.1389139838233736,0.16289231312594188,0.06096427967907428,0.1449287000599681,4,10,2,8,0.2622940651188963,0.17131151700879824,0.1603850444322275,2.9
MEDIUM,0.5200848491106391,0.4893676470356902,0.42928964640641776,0.4555831637744693,0.33995585012264884,0.5374126093430803,0.6493310708830452,0.6017954991144203,0.13727433495184552,11,7,5,2,0.4893676470356902,0.42928964640641776,0.33995585012264884,60.61
LOW,0.15702676650525282,0.0440673603332349,0.19569935178311354,0.14411484053752846,0.04451423305571732,0.14777676734279682,0.1688584130621484,0.2126995501931263,0.019609047334412558,4,6,1,5,0.0440673603332349,0.19569935178311354,0.04451423305571732,6.72
LOW,0.24017519100056867,0.2373484268170528,0.21231126146868415,0.30669983279927415,0.28435629048151356,0.2389401372706682,0.3301026016419316,0.0,0.20439288142754633,2,7,2,5,0.2373484268170528,0.21231126146868415,0.28435629048151356,12.37
LOW,0.2540464184028063,0.23361550545446486,0.3210596877530443,0.2652352648635611,0.12053534632802697,0.11590587274237127,0.11503576604498084,0.141023484442162,0.09339858113475187,4,5,1,4,0.23361550545446486,0.3210596877530443,0.12053534632802697,5.16
MEDIUM,0.2816412017814347,0.2671845140702338,0.22564298702629648,0.2036074001512476,0.1484697695711666,0.6060848986853702,0.8155851413555473,0.3786740340159007,0.20499503534430852,5,4,3,1,0.2671845140702338,0.22564298702629648,0.1484697695711666,44.71
HIGH,0.6775949293765514,0.4958202253416833,0.6702604017728288,0.7598133113883201,0.6366005753000055,0.6365092618670223,0.7484443081666289,0.4897214481521689,0.4474919366830558,13,8,6,2,0.4958202253416833,0.6702604017728288,0.6366005753000055,76.36
LOW,0.18768537107007885,0.31510246977270107,0.186401561143411,0.21970964358997394,0.05629993241985026,0.08410823210911697,0.035539752193473995,0.03896383684957693,0.27495806711558596,1,9,0,9,0.31510246977270107,0.186401561143411,0.05629993241985026,0.0
MEDIUM,0.28707680708234506,0.16171229110775456,0.24236583725181338,0.4434360800392609,0.3907431881969027,0.353052026756097,0.48231446076241846,0.21516019636040312,0.10315655513282641,8,8,4,4,0.16171229110775456,0.24236583725181338,0.3907431881969027,28.28
LOW,0.1802578082335367,0.22474003821430347,0.12420669880581382,0.22322121090239155,0.07545725794501981,0.20175189766644785,0.25513502191603254,0.13785013252853653,0.10550429005560515,4,10,3,7,0.22474003821430347,0.12420669880581382,0.07545725794501981,3.25
HIGH,0.5556736612326677,0.5231245000682913,0.5257032376264636,0.6604483641660032,0.4032249330920136,0.8286235938938854,0.9823543660851103,0.7103349437619436,0.4857199274521522,19,8,8,0,0.5231245000682913,0.5257032376264636,0.4032249330920136,84.63
HIGH,0.5352489356147055,0.3978247550209534,0.5091359268053546,0.3482168155228677,0.5541847015039769,0.7565945724710863,0.9477546585119787,0.522866598100551,0.4168422887189446,16,10,9,1,0.3978247550209534,0.5091359268053546,0.5541847015039769,66.08
HIGH,0.7114087414574325,0.7610725365892244,0.8068225201306856,0.7950064453731687,0.4980634899436769,0.7584442858341623,0.9816417579005067,0.515800077204728,0.33149607826456406,14,7,7,0,0.7610725365892244,0.8068225201306856,0.4980634899436769,76.97
LOW,0.1538890422420288,0.20349041936951504,0.29110961045503453,0.015861324301306934,0.0,0.115051547832735,0.10502644895261991,0.1765741877436593,0.08360420456215603,4,7,1,6,0.20349041936951504,0.29110961045503453,0.0,9.41
LOW,0.11837807733794563,0.14000044271677706,0.09971662066174028,0.09909701783510878,0.03162463227637831,0.24816761244396035,0.31099798967865067,0.1249880226326794,0.18285607055117042,5,11,3,8,0.14000044271677706,0.09971662066174028,0.03162463227637831,5.96
LOW,0.24656647022783545,0.4548358923724466,0.27137470130741037,0.3023815133489622,0.20163891828908798,0.15239697190828122,0.18810816897582583,0.07412084504124336,0.12353950757268535,4,9,2,7,0.4548358923724466,0.27137470130741037,0.20163891828908798,11.26
HIGH,0.6673146003401016,0.5614796449078472,0.8002117078258864,0.6240207112584337,0.5638642662518618,0.8026049653842819,0.9221240685954027,0.7107463661678814,0.5359062549673196,14,6,6,0,0.5614796449078472,0.8002117078258864,0.5638642662518618,91.02
HIGH,0.812526774618765,0.9233193296303851,0.7796590202108279,0.8464072358929925,0.5732698197822702,0.7311346965847606,0.8074228957586489,0.6129040048191489,0.6205007908287073,15,7,6,1,0.9233193296303851,0.7796590202108279,0.5732698197822702,76.08
MEDIUM,0.2299141275474673,0.270045591469648,0.2096470013672941,0.1786617348672726,0.13315231856760054,0.5535092166442646,0.6501064365750134,0.49490471880411213,0.32232205469217035,16,10,7,3,0.270045591469648,0.2096470013672941,0.13315231856760054,47.03
LOW,0.24944415492128766,0.2893802076523732,0.18419364022956353,0.12388904339694701,0.0,0.15208188434297465,0.20838265881345822,0.12980397148669182,0.005457473787806858,4,10,2,8,0.2893802076523732,0.18419364022956353,0.0,18.59
HIGH,0.5933666428120848,0.6300291398752967,0.646975498401853,0.5495567559411244,0.2711473502374719,0.7716817295875369,0.9080236851445285,0.44983107293676305,0.6845065195673359,18,7,6,1,0.6300291398752967,0.646975498401853,0.2711473502374719,60.91
HIGH,0.842939264010132,0.7717149187391482,0.8302031891599692,0.8106964068610084,0.521680720591864,0.7372617719815959,0.9195698112891425,0.39091567980017927,0.536683746240373,16,9,8,1,0.7717149187391482,0.8302031891599692,0.521680720591864,77.66
HIGH,0.7730256961616849,0.6897307224573856,0.6694970909598816,0.696871742882179,0.595645303861901,0.817003202414816,0.9220458319170036,0.8080165424891429,0.5108619738339263,19,6,6,0,0.6897307224573856,0.6694970909598816,0.595645303861901,83.41
MEDIUM,0.2640090193061551,0.21842418536033117,0.3447607249814762,0.2067070539725665,0.26625669565945853,0.22372004945625998,0.200347045571771,0.23812166807136276,0.2794374424946241,4,11,2,9,0.21842418536033117,0.3447607249814762,0.26625669565945853,17.89
HIGH,0.6278510352755725,0.5979691193737573,0.6391813371805248,0.5093322379001701,0.39398540350676503,0.857144161486979,1.0,0.7545309621728842,0.531189845262011,20,8,8,0,0.5979691193737573,0.6391813371805248,0.39398540350676503,86.86
HIGH,0.8534720943279669,0.9587799504243397,0.907652704756224,0.7860353050602956,0.4954080753525175,0.7243098168957227,0.8738716962722726,0.6621530195288822,0.3377809761329138,21,9,8,1,0.9587799504243397,0.907652704756224,0.4954080753525175,89.07
LOW,0.12055966025995095,0.14454784779387725,0.10829536303289657,0.1560029542004236,0.14456389944252912,0.22216202124600465,0.33102686346735943,0.0,0.11772951582794497,3,7,2,5,0.14454784779387725,0.10829536303289657,0.14456389944252912,12.79
LOW,0.33984436503836546,0.3738915850678269,0.3310430217779019,0.3196140874823348,0.0644155552873889,0.25811730791703263,0.36076820538783244,0.067810158621433,0.14047176480023285,3,9,3,6,0.3738915850678269,0.3310430217779019,0.0644155552873889,14.1
MEDIUM,0.4848522618820253,0.43840540873814404,0.4747445009918218,0.5717512142686524,0.4328280312908481,0.4166115478892762,0.3300877356640536,0.6768567687343785,0.41593776371984154,8,8,3,5,0.43840540873814404,0.4747445009918218,0.4328280312908481,41.93
LOW,0.054220162192223476,0.03565391616355331,0.30431399761562256,0.0555403027853772,0.0,0.1363943744797533,0.07898040496320315,0.27720989834294196,0.16782075916621506,4,11,1,10,0.03565391616355331,0.30431399761562256,0.0,7.73
HIGH,0.7162590980915058,0.7392233792893247,0.8268548526415235,0.7417665413027422,0.43883019449043253,0.6603157665712819,0.90512590711363,0.3147173595079519,0.27148375200756797,16,10,9,1,0.7392233792893247,0.8268548526415235,0.43883019449043253,73.42
LOW,0.33970103850445993,0.3824600748906666,0.4939468649218849,0.37991616922904214,0.2680120733111214,0.17260397291057308,0.2288466587005519,0.0,0.1764798884512098,1,3,1,2,0.3824600748906666,0.4939468649218849,0.2680120733111214,24.32
MEDIUM,0.39578928923126144,0.5429393345294398,0.4841112000937957,0.34092307476672234,0.23009585136464536,0.3672755772607282,0.3584494077172235,0.4909987572012274,0.2700309059507429,7,4,1,3,0.5429393345294398,0.4841112000937957,0.23009585136464536,41.71
LOW,0.19266452054232253,0.162850827519412,0.35156569498148477,0.19319141303028667,0.20682134753941925,0.11495133870962604,0.135255242794849,0.1689909651635833,0.0,2,7,1,6,0.162850827519412,0.35156569498148477,0.20682134753941925,2.31
LOW,0.13876741106963023,0.19622790110755697,0.26014862563419344,0.13656122598136472,0.19651389825436916,0.21257197702672617,0.26373031497664107,0.11164369305835328,0.16002524714535435,4,12,3,9,0.19622790110755697,0.26014862563419344,0.19651389825436916,2.19
MEDIUM,0.5693313563683866,0.6596807662186548,0.5263684017016718,0.3984502724132388,0.33105627546556204,0.5109662963654451,0.6321781266710494,0.3366553722034334,0.321641729610644,11,7,4,3,0.6596807662186548,0.5263684017016718,0.33105627546556204,56.46
MEDIUM,0.4690878819632018,0.5110373350520693,0.5057736170176786,0.39484191171233923,0.36566782691175403,0.5874279656817896,0.668726225791978,0.5810282932389688,0.34993285779404554,8,6,4,2,0.5110373350520693,0.5057736170176786,0.36566782691175403,52.37
HIGH,0.6877763898692406,0.5978778246187675,0.5973987871240365,0.5198946478767059,0.1694959805216673,0.886797181069158,0.889457454163606,1.0,0.7656135428549712,17,6,5,1,0.5978778246187675,0.5973987871240365,0.1694959805216673,77.12
LOW,0.08025274023696204,0.06221284548161539,0.06565597142000394,0.10046889790151074,0.12249855713630171,0.11896761282175783,0.15957428919258101,0.10362019706626281,0.012494999464783255,2,5,1,4,0.06221284548161539,0.06565597142000394,0.12249855713630171,4.71
MEDIUM,0.22546556846107166,0.22041845224638287,0.12555986191818497,0.3582958739789094,0.09994372576406751,0.5419757769577513,0.6522258978728682,0.5677926054769975,0.18540858569315505,12,8,5,3,0.22041845224638287,0.12555986191818497,0.09994372576406751,43.11
LOW,0.06703706064408464,0.11135995822124659,0.028143925110267913,0.0949931585068159,0.13892482700600567,0.22540265979005747,0.28025702090219284,0.13487197254894737,0.15137026369476134,6,9,3,6,0.11135995822124659,0.028143925110267913,0.13892482700600567,5.4
HIGH,0.7932066808976111,0.7539756721165302,0.6863852830833723,0.8326650948642328,0.5346423081667333,0.7764075537726458,0.8033978070612506,0.7501083858759675,0.7217359618035099,17,5,4,1,0.7539756721165302,0.6863852830833723,0.5346423081667333,63.45
HIGH,0.8840515912242579,0.8577856673432286,0.8912466628899373,0.9450808872861424,0.4471887624509152,0.8307247766767304,0.9057675840671805,0.6628426143922617,0.7734785167898488,14,6,5,1,0.8577856673432286,0.8912466628899373,0.4471887624509152,84.72
LOW,0.3127402727064579,0.3148723928665233,0.2682948969923362,0.271312600615055,0.1625954831999809,0.10174649854560285,0.14314361871107675,0.0,0.079301636594784,1,7,1,6,0.3148723928665233,0.2682948969923362,0.1625954831999809,10.41
MEDIUM,0.3832023342849951,0.3716716022236947,0.5558922324370636,0.5528369949731661,0.16283261498652302,0.3606928824866836,0.41283286501171623,0.13811934460160066,0.4268464727966687,7,7,3,4,0.3716716022236947,0.5558922324370636,0.16283261498652302,37.88
LOW,0.27062487217573206,0.3122585321197635,0.2235674840400561,0.35535781071508077,0.10446732961299385,0.23707484179122076,0.3607855743733011,0.041254903479088036,0.06176258235711244,2,6,2,4,0.3122585321197635,0.2235674840400561,0.10446732961299385,13.17
HIGH,0.6766667658824403,0.636028826903119,0.7398676537713869,0.7105052249509864,0.40290299300777854,0.7842677993141409,0.8633159392459274,0.6030763922958204,0.7283147865371019,14,6,5,1,0.636028826903119,0.7398676537713869,0.40290299300777854,71.58
LOW,0.23070036236254948,0.24693262884840628,0.33332131058937764,0.31401308298070385,0.40120192510696545,0.12947056946111696,0.19113526789506852,0.0739470436203793,0.0,3,9,2,7,0.24693262884840628,0.33332131058937764,0.40120192510696545,12.09
MEDIUM,0.49219250268320397,0.5086084721195193,0.5033153058746989,0.43753123002796207,0.4634672167335826,0.6174045765663474,0.8575461368467018,0.12793119474047687,0.38645327755115494,8,3,3,0,0.5086084721195193,0.5033153058746989,0.4634672167335826,49.79
LOW,0.06869753382457496,0.05144861422862328,0.13580102969400126,0.0,0.012140304725638582,0.16156659844828597,0.1383957477420732,0.25810486838718744,0.13454088062802283,4,6,1,5,0.05144861422862328,0.13580102969400126,0.012140304725638582,11.82
HIGH,0.6081766537594578,0.5868110106888107,0.589367921886806,0.5651380995869935,0.25470244199945147,0.7938946622064282,0.8457902627688025,0.9278398611730749,0.504262661552659,19,8,7,1,0.5868110106888107,0.589367921886806,0.25470244199945147,86.72
LOW,0.30939453535835115,0.26154012159425544,0.28864259451815183,0.31039875320717397,0.1391628805659073,0.15028750553538234,0.1755538663276451,0.18880509358132697,0.035970835112649334,4,8,1,7,0.26154012159425544,0.28864259451815183,0.1391628805659073,8.13
MEDIUM,0.4587460175653587,0.4455362124982155,0.29809419310134155,0.42885702220428085,0.3582814539102813,0.6668258074193669,0.8118017528203701,0.46357783082232257,0.4351459478134018,11,6,5,1,0.4455362124982155,0.29809419310134155,0.3582814539102813,65.51
LOW,0.29652226289731026,0.3551876920653369,0.31850015477329585,0.27022605288643226,0.10893606857087365,0.30591441752472637,0.41304551529239764,0.16318625177240306,0.12724928997403592,5,7,3,4,0.3551876920653369,0.31850015477329585,0.10893606857087365,21.87
MEDIUM,0.5381208346166321,0.47552311254822477,0.4207930773776717,0.5448633027185119,0.20196285049916624,0.42230487385894216,0.5014508507509544,0.2481620339776474,0.3590097830642003,7,12,6,6,0.47552311254822477,0.4207930773776717,0.20196285049916624,50.93
LOW,0.23478086821725802,0.1215942956073607,0.31453059383536364,0.23809867112539596,0.1581998666332519,0.05500918945801374,0.0,0.10737968138474274,0.16766626590532593,3,8,0,8,0.1215942956073607,0.31453059383536364,0.1581998666332519,9.81
HIGH,0.8595113858797392,0.8631349830257458,0.8634910059427656,0.8674298836879577,0.6085895452099299,0.6135986276329038,0.6895893314673194,0.6128987203620558,0.38632642340050555,21,11,8,3,0.8631349830257458,0.8634910059427656,0.6085895452099299,79.05
HIGH,0.5991985063396301,0.5465920262375817,0.7546098588537128,0.5438227154180333,0.18387941899913465,0.9292892454440111,0.9824132406788315,0.9501006227235788,0.7491058824599827,24,10,10,0,0.5465920262375817,0.7546098588537128,0.18387941899913465,84.66
LOW,0.20278810415000137,0.2525139259435547,0.19196649962470133,0.18832121465083215,0.0455398690031687,0.15462732269781782,0.0797913508073569,0.283814851476607,0.24994770959041138,4,8,1,7,0.2525139259435547,0.19196649962470133,0.0455398690031687,1.54
LOW,0.37596491716142,0.25362645476584456,0.4130755811376115,0.4190866965730232,0.31593609350191976,0.31526749748255023,0.3971381201418163,0.30360182121711526,0.08132130577018702,7,9,4,5,0.25362645476584456,0.4130755811376115,0.31593609350191976,21.99
HIGH,0.7671499528500247,0.7845042476833836,0.6966554560911353,0.7300651016615706,0.4914142249775516,0.7621389637385868,0.8326044836055436,0.7127079163211337,0.6001734515551693,16,10,8,2,0.7845042476833836,0.6966554560911353,0.4914142249775516,73.89
MEDIUM,0.4302604963112496,0.43267097865138027,0.4162521985995976,0.5209029618089811,0.4183632154893776,0.5403129700475622,0.7169812150883272,0.35531352227150953,0.1953076827013198,16,12,9,3,0.43267097865138027,0.4162521985995976,0.4183632154893776,48.02
LOW,0.1464391084740905,0.259295380729183,0.2647018756248498,0.07272048673960603,0.16068320623395943,0.2567390967948006,0.29386288447535946,0.3614909199586332,0.04061591058929144,6,11,3,8,0.259295380729183,0.2647018756248498,0.16068320623395943,5.05
MEDIUM,0.45029577133196486,0.36558455588274175,0.4752696608400872,0.5269205117718514,0.3390271053385766,0.40518610865648963,0.46872338659301854,0.3203055863186068,0.29945479718478585,11,8,4,4,0.36558455588274175,0.4752696608400872,0.3390271053385766,34.6
MEDIUM,0.38252147136135706,0.39580315543308797,0.4724514301576862,0.4863491866842812,0.44523356411169546,0.46738058597656595,0.5695921596368958,0.5026618351004987,0.12546461587164368,9,9,5,4,0.39580315543308797,0.4724514301576862,0.44523356411169546,34.94
LOW,0.230355423619043,0.16125036608461668,0.26297854409567545,0.18898940869189462,0.06517438521757495,0.33829087292938304,0.45237674400686007,0.2066812026266753,0.1276429299996596,5,7,3,4,0.16125036608461668,0.26297854409567545,0.06517438521757495,29.19
HIGH,0.3917194857051186,0.5853945669578255,0.4063644742629014,0.419189006163904,0.38287312133706264,0.8220463172028704,0.937232226184927,0.799381723543362,0.49915318391620905,18,6,6,0,0.5853945669578255,0.4063644742629014,0.38287312133706264,78.51
HIGH,0.6271976005180223,0.7248791413484174,0.590617984106735,0.5943528074112702,0.4017238930679914,0.7009912263753764,0.8948015215207616,0.3352723808195922,0.48527918649500484,15,8,7,1,0.7248791413484174,0.590617984106735,0.4017238930679914,78.95
HIGH,0.8512483446664403,0.924420535392355,0.8393495774050637,0.8014028190698899,0.5976616845173484,0.8559393504833062,0.9468463015818319,0.8143875596491336,0.624770288021902,21,8,8,0,0.924420535392355,0.8393495774050637,0.5976616845173484,99.35
MEDIUM,0.4461584333803921,0.3794505379799116,0.3775530390293435,0.3916610234930176,0.33801842323376746,0.43810516250152065,0.6279705630333451,0.06709353641119398,0.23952058699637388,6,8,5,3,0.3794505379799116,0.3775530390293435,0.33801842323376746,46.86
MEDIUM,0.3631895673996892,0.367446001995601,0.39457199376601726,0.295307254258095,0.22997145919837766,0.43182128245479545,0.6201517565960663,0.19758196333664646,0.10106917914913179,6,5,3,2,0.367446001995601,0.39457199376601726,0.22997145919837766,33.61
LOW,0.3664942851172679,0.2562064141021734,0.3438858969990518,0.5370786494589787,0.2973590078796585,0.13725607074566454,0.15587320550292807,0.08431173654807617,0.13434900067146224,3,11,2,9,0.2562064141021734,0.3438858969990518,0.2973590078796585,9.34
MEDIUM,0.4623715239011765,0.34991653431574343,0.4252689139154329,0.3896768486123483,0.4310724177542341,0.39162333021668666,0.47374054189497916,0.4293860656011232,0.10750895979737245,8,8,4,4,0.34991653431574343,0.4252689139154329,0.4310724177542341,31.81
LOW,0.29321743772408837,0.2829444310975838,0.549132790506744,0.22000346249422295,0.32177384461439795,0.02476898395404882,0.016079065178346282,0.07560772423520526,0.0,1,9,0,9,0.2829444310975838,0.549132790506744,0.32177384461439795,3.05
LOW,0.14329010269972098,0.1694382425243069,0.20893449792142807,0.024632405988026324,0.025461637722366315,0.19922086229005098,0.20646331607790008,0.16301534194283188,0.21369902127372267,4,8,2,6,0.1694382425243069,0.20893449792142807,0.025461637722366315,1.95
HIGH,0.6702882426301908,0.6483656616041333,0.6627771621591102,0.714418487597418,0.41282871452320746,0.6875879815325546,0.8382273528872877,0.7363448372268206,0.18691301177408987,14,7,6,1,0.6483656616041333,0.6627771621591102,0.41282871452320746,78.7
HIGH,0.6439283884732768,0.640038589653015,0.5962985941960838,0.6117165358209941,0.46046091297361,0.7183295768837462,0.8662367652394986,0.5641565095455926,0.42878107915464303,14,6,5,1,0.640038589653015,0.5962985941960838,0.46046091297361,76.74
MEDIUM,0.5411929698457018,0.6023167810316815,0.6191681009079916,0.5651840966249496,0.4425432889208908,0.6194948659556079,0.8777538766867483,0.2896956798245413,0.1745170198932532,13,5,4,1,0.6023167810316815,0.6191681009079916,0.4425432889208908,75.91
LOW,0.12726791873214435,0.10134863572965058,0.22520846850382303,0.024283742853719537,0.0,0.32957912094557407,0.46010173718745934,0.13123732869200755,0.13635306447348486,6,8,4,4,0.10134863572965058,0.22520846850382303,0.0,5.4
MEDIUM,0.46261894614271265,0.28094767471069326,0.4384175370375743,0.4334857965159601,0.2935642391048627,0.3268381958546297,0.46733772882685287,0.15082161482510054,0.08135617796748962,7,8,4,4,0.28094767471069326,0.4384175370375743,0.2935642391048627,21.59
HIGH,0.6705049804927293,0.6336230643597601,0.4979533895481333,0.7251263814773607,0.3460483823339975,0.7413767980739202,0.9050616203872993,0.48834631131346146,0.5033528178942418,19,10,9,1,0.6336230643597601,0.4979533895481333,0.3460483823339975,83.47
MEDIUM,0.4975372301208937,0.35504611010279946,0.47213523061156937,0.47954451557300504,0.4706425431198231,0.4304519170846554,0.4740656008139608,0.40297190181122444,0.32709088117017027,10,10,5,5,0.35504611010279946,0.47213523061156937,0.4706425431198231,41.63
LOW,0.038598056705605836,0.0,0.10147685471627249,0.0924914117287047,0.11670139708385231,0.09802223239586381,0.11871657971525686,0.04364523424653338,0.09031618858701515,4,11,1,10,0.0,0.10147685471627249,0.11670139708385231,1.76
MEDIUM,0.6102459237240151,0.5897785271520504,0.5789706012854315,0.5999241540749102,0.32930070966485275,0.4241530231087871,0.5237485953442581,0.12651839124321193,0.4230009382679494,12,9,5,4,0.5897785271520504,0.5789706012854315,0.32930070966485275,30.03
LOW,0.04275245862065598,0.0,0.0,0.14737011397824518,0.05248407075731652,0.10659174526954363,0.1707404899374114,0.02073725653548395,0.0,4,10,2,8,0.0,0.0,0.05248407075731652,6.33
LOW,0.0,0.0,0.0371897044677367,0.0,0.0,0.10681854647487368,0.06761278821325657,0.19475895674145405,0.13649541099314463,2,9,1,8,0.0,0.0371897044677367,0.0,0.0
HIGH,0.6870172019153806,0.4847828356279319,0.5615679107846162,0.6612322543752197,0.7184238559682596,0.6490237038946395,0.7559405541260109,0.4012838814920274,0.5760129756031372,17,12,9,3,0.4847828356279319,0.5615679107846162,0.7184238559682596,70.49
MEDIUM,0.3887254093272748,0.3953001574926953,0.3360622580771864,0.4466669564246944,0.11148059663453394,0.5365180525767045,0.6834980548850251,0.3578626024605504,0.27423349576789635,6,5,3,2,0.3953001574926953,0.3360622580771864,0.11148059663453394,55.35
MEDIUM,0.4834078159047385,0.4130452548395108,0.48108344500670247,0.37363565205514015,0.3483736965621057,0.4844962339099553,0.6055961345905307,0.4141229454370035,0.19156982034118059,10,7,4,3,0.4130452548395108,0.48108344500670247,0.3483736965621057,48.85
HIGH,0.8903467608625556,0.8142676313532656,0.9767802383096742,0.7979723077821612,0.6887208411809304,0.7643572721189783,0.9566522046499178,0.5479269689885908,0.4039027776565473,12,4,4,0,0.8142676313532656,0.9767802383096742,0.6887208411809304,91.94
LOW,0.20969485809237282,0.09158047425950518,0.19098380272405568,0.11793134575647435,0.13898835047521824,0.09338030254203465,0.13987046364709618,0.0,0.04729012176888476,1,6,1,5,0.09158047425950518,0.19098380272405568,0.13898835047521824,11.06
MEDIUM,0.1857329461111602,0.13587048150358536,0.25890988321662134,0.12482425545057009,0.27978745009117506,0.4279160633162995,0.42150069175576166,0.45068161116329103,0.4243966301509214,7,9,4,5,0.13587048150358536,0.25890988321662134,0.27978745009117506,16.34
HIGH,0.6195388543668022,0.6975929754789786,0.5851160766216067,0.6308538399043343,0.2950664703546664,0.7212052928096073,0.8513385940230002,0.47493872391205566,0.5770719580669809,17,8,7,1,0.6975929754789786,0.5851160766216067,0.2950664703546664,69.74
LOW,0.2182729085544308,0.13590579631386804,0.30454671066823785,0.20911111762730178,0.12017752501760592,0.17174935484938086,0.25546107473002533,0.09236355005682836,0.0,5,6,2,4,0.13590579631386804,0.30454671066823785,0.12017752501760592,10.65
MEDIUM,0.49225344800581994,0.44751274241624006,0.42229345180511735,0.4006636299551123,0.4445703607359427,0.25248690592380874,0.25517524419919757,0.18249358511210192,0.31441521190934907,8,11,3,8,0.44751274241624006,0.42229345180511735,0.4445703607359427,20.32
LOW,0.06448766002950275,0.0857145532579151,0.10351043168967994,0.0,0.11490066720947731,0.1169027592666102,0.13833318452708487,0.16951424275179644,0.0,3,9,1,8,0.0857145532579151,0.10351043168967994,0.11490066720947731,7.18
MEDIUM,0.5999075440464143,0.6405165652490585,0.5897068673225617,0.6629210888155579,0.4993411272852022,0.4088904486258637,0.6207865006736821,0.0,0.18209274110827225,7,11,7,4,0.6405165652490585,0.5897068673225617,0.4993411272852022,44.93
LOW,0.12742476384179707,0.0,0.08191175600596295,0.293665967332438,0.002869605468322489,0.10229837460744833,0.10468911864808757,0.00024175896901732497,0.19718275812396158,1,8,1,7,0.0,0.08191175600596295,0.002869605468322489,8.87
LOW,0.10807097582897406,0.01018426294403163,0.2007245730193719,0.10941402892831133,0.0,0.00016824659035152292,0.0,0.0,0.0008412329517576146,0,4,0,4,0.01018426294403163,0.2007245730193719,0.0,0.0
MEDIUM,0.6531492054153255,0.6318017436474636,0.6397432183957883,0.6938896345192409,0.4334726366840718,0.510180487402255,0.6100229445830063,0.40612297539034664,0.3147106278719092,16,14,9,5,0.6318017436474636,0.6397432183957883,0.4334726366840718,41.92
MEDIUM,0.35499158320083357,0.39069164432562187,0.24497658983217196,0.2663692273541153,0.2828848644895962,0.5903948102027881,0.6996503670397038,0.45052886975060263,0.40249408014422616,12,9,6,3,0.39069164432562187,0.24497658983217196,0.2828848644895962,46.21
HIGH,0.802487923282664,0.797438667976282,0.7931338399403715,0.929800388220443,0.5596993683162425,0.8006546079447826,0.9060548696292775,0.746845181550579,0.5382632492855016,16,6,5,1,0.797438667976282,0.7931338399403715,0.5596993683162425,86.49
MEDIUM,0.5446138260350851,0.496975243119645,0.6029386435703151,0.5692430928135636,0.5121723084191109,0.4179679192015477,0.47133186807564414,0.3877352296719049,0.2881087621089009,7,8,4,4,0.496975243119645,0.6029386435703151,0.5121723084191109,41.72
HIGH,0.8285223616921795,0.8277202935332371,0.7955752010323287,0.8916659119277025,0.5005452150245572,0.9055676312078039,0.9867987628067167,0.8665683994827407,0.700873468136129,19,9,9,0,0.8277202935332371,0.7955752010323287,0.5005452150245572,93.98
MEDIUM,0.3827830025774549,0.48943230569147217,0.42918973598293836,0.3114051661516945,0.4562354694507961,0.4050748141053819,0.5646083912755265,0.1311793914300027,0.2003695052703271,14,11,6,5,0.48943230569147217,0.42918973598293836,0.4562354694507961,36.01
LOW,0.3216615458798611,0.36621483810098643,0.34798488890473517,0.36485060143798975,0.2987646264302322,0.14458198767309383,0.11100823921683223,0.17319587293121103,0.21668934778376142,3,8,1,7,0.36621483810098643,0.34798488890473517,0.2987646264302322,14.9
HIGH,0.5683181383372493,0.6601356615456635,0.5322420375353747,0.5697940246348661,0.33681019273526797,0.8683492973436717,1.0,0.8206352316568029,0.521111255061556,16,6,6,0,0.6601356615456635,0.5322420375353747,0.33681019273526797,83.91
MEDIUM,0.46309176533423846,0.4800276660918234,0.5237954638540913,0.4597430290090349,0.3691655807799172,0.4665186787183641,0.4019621188382353,0.8607701553950651,0.26593688168204943,12,8,3,5,0.4800276660918234,0.5237954638540913,0.3691655807799172,36.68
HIGH,0.6995675274656775,0.6264444800598074,0.7346546815088486,0.567629780404979,0.6649681134676356,0.8019480860867002,0.9634376707982715,0.7778244715306754,0.34160294650801104,20,6,6,0,0.6264444800598074,0.7346546815088486,0.6649681134676356,100.0
MEDIUM,0.5744332092301141,0.6164311474792491,0.5066334335733005,0.6540471358861405,0.291982512751387,0.3235235056359118,0.368412225229022,0.095294134912302,0.41708671758019117,7,8,3,5,0.6164311474792491,0.5066334335733005,0.291982512751387,32.17
LOW,0.1329269093982596,0.0832928128979834,0.020505193620230747,0.0925901017742315,0.0,0.19481206655775996,0.2693210754640391,0.16609710639668243,0.0,6,7,2,5,0.0832928128979834,0.020505193620230747,0.0,2.01
LOW,0.21055219340028844,0.297983198027561,0.23418954070888096,0.17604855516638843,0.15406294752749042,0.1440247323190125,0.20976439327444832,0.09083048177171762,0.0,5,10,2,8,0.297983198027561,0.23418954070888096,0.15406294752749042,1.91
HIGH,0.6774914330645784,0.5849699290246118,0.528147731643597,0.6238440209115915,0.43860376912008564,0.7458084618415384,0.7847013333308785,0.6853955528170957,0.6895427563979608,18,10,8,2,0.5849699290246118,0.528147731643597,0.43860376912008564,60.64
LOW,0.21463921690645582,0.24858730564389744,0.3695274409306569,0.14865428654400353,0.0,0.09430298619102258,0.07358545066282918,0.1486045068267821,0.10215407213984325,1,6,0,6,0.24858730564389744,0.3695274409306569,0.0,2.85
LOW,0.25206334182545254,0.21914919073535102,0.20189391107891558,0.19140122959161202,0.2027566119358762,0.16998908060886744,0.2051131068512043,0.1201957269862594,0.11441035550446493,3,8,2,6,0.21914919073535102,0.20189391107891558,0.2027566119358762,6.51
MEDIUM,0.6978234285705986,0.5899165229372537,0.6643053083052474,0.7056847933794378,0.4581431246721697,0.5386883479296671,0.7110954312156607,0.28830041389942673,0.27185503210192685,16,10,7,3,0.5899165229372537,0.6643053083052474,0.4581431246721697,70.42
LOW,0.17448835581709343,0.16355604508836194,0.17052721887850117,0.17822589539982975,0.13684178991822393,0.12102855778763069,0.09831822627826223,0.1936593798855439,0.11652873021782294,2,8,1,7,0.16355604508836194,0.17052721887850117,0.13684178991822393,5.15
HIGH,0.6418350655967767,0.5967872490784408,0.6647946810437863,0.7922230675924004,0.5064752924842875,0.8928097706766458,1.0,0.7790424346207154,0.6850064187625139,22,12,12,0,0.5967872490784408,0.6647946810437863,0.5064752924842875,79.21
MEDIUM,0.44955858551253053,0.46718689213708736,0.4296652341439417,0.4018578881505531,0.4767674767362739,0.4010496689834003,0.3850208329270129,0.4872784518483088,0.36290739428765395,6,5,2,3,0.46718689213708736,0.4296652341439417,0.4767674767362739,38.85
LOW,0.1632964894069449,0.15644930487808048,0.0466847008481667,0.34936942674417004,0.12142710445881114,0.17467351760098992,0.2598801076756333,0.04593745114347776,0.047789813834571905,3,12,3,9,0.15644930487808048,0.0466847008481667,0.12142710445881114,9.04
MEDIUM,0.4013998614723594,0.3503523040584377,0.32252164679881956,0.4042351998488656,0.024176988300045,0.39537180049957393,0.5026767277121954,0.331942004930005,0.13688681443127848,10,11,6,5,0.3503523040584377,0.32252164679881956,0.024176988300045,29.9
HIGH,0.6918433879569413,0.7964949154374252,0.8896846522708193,0.751494524252994,0.593089748267036,0.8876408640373432,1.0,0.6997742153532914,0.7384301048334244,20,10,10,0,0.7964949154374252,0.8896846522708193,0.593089748267036,87.42
MEDIUM,0.485054311253538,0.3615545096178343,0.35503277912464937,0.5004846063755559,0.22813015835747114,0.46929033357630184,0.5489329373044934,0.37768690386997295,0.3219659520980562,10,6,3,3,0.3615545096178343,0.35503277912464937,0.22813015835747114,47.78
MEDIUM,0.3064272463263604,0.2921610417826815,0.39421080498797,0.3840414568710565,0.1347698041360129,0.35559838360745,0.4681662714137732,0.1522626539872362,0.2212304498086942,6,5,2,3,0.2921610417826815,0.39421080498797,0.1347698041360129,37.36
LOW,0.1909393717338823,0.17329949912337378,0.2753488702617398,0.14201202478952862,0.07613594944863245,0.08755343862610152,0.09847746460491666,0.0,0.1423347993157576,2,8,1,7,0.17329949912337378,0.2753488702617398,0.07613594944863245,10.4
LOW,0.03537656921651966,0.08720334306416505,0.05342832327341479,0.0,0.057531967154358,0.07749195240867851,0.0,0.24626423427763994,0.14119552776575262,1,6,0,6,0.08720334306416505,0.05342832327341479,0.057531967154358,0.0
HIGH,0.6517268022759417,0.5457179713060409,0.7138629809727239,0.7538705774514998,0.45347271258871136,0.7822569986087651,0.8755482493722906,0.7369969204263588,0.5476433245005948,14,6,5,1,0.5457179713060409,0.7138629809727239,0.45347271258871136,76.99
LOW,0.20093367178764682,0.2177632221866161,0.07894743312493308,0.25415109131444114,0.14099515865220397,0.34121770041703275,0.5063250864980184,0.0612365629823587,0.1258766796087498,8,14,7,7,0.2177632221866161,0.07894743312493308,0.14099515865220397,17.91
HIGH,0.8528266367208984,0.7600985098267729,0.8869963100687481,0.8149422110162279,0.5780450194468266,0.7587092046340345,0.7860854185111954,0.9186254443467791,0.5166643232898068,20,6,5,1,0.7600985098267729,0.8869963100687481,0.5780450194468266,79.23
HIGH,0.7841416382134365,0.8220643846593821,0.6084107941735137,0.8397701742916595,0.5388377704828927,0.7212028375398453,0.8736777042557334,0.6281850102049555,0.35679606472707026,14,8,7,1,0.8220643846593821,0.6084107941735137,0.5388377704828927,80.36
LOW,0.2796172858988348,0.3655402529378439,0.2140482331100576,0.3957442756465139,0.29041742548069904,0.08908249854068141,0.1484708309011357,0.0,0.0,1,9,1,8,0.3655402529378439,0.2140482331100576,0.29041742548069904,14.98
LOW,0.10993290199480278,0.12862301009434787,0.05504915342204892,0.11061690146430705,0.1755519644022141,0.1741421484367373,0.2140675198002469,0.11209644607027242,0.11641173671267345,3,5,1,4,0.12862301009434787,0.05504915342204892,0.1755519644022141,5.66
HIGH,0.7605810801137118,0.7444251895852707,0.8431725114345671,0.7371706243046942,0.5571224664873687,0.7744993847506132,0.8751080455616516,0.7423515609846424,0.5048212260834686,24,11,10,1,0.7444251895852707,0.8431725114345671,0.5571224664873687,88.76
LOW,0.046078551914095295,0.0,0.020353706583598252,0.04937702913480549,0.012434244529900124,0.09926526788661127,0.002943770044045593,0.21515917063236467,0.2723358586685549,3,11,0,11,0.0,0.020353706583598252,0.012434244529900124,0.0
MEDIUM,0.45870336631631614,0.6271504092636364,0.43054431731575166,0.4223067864904008,0.4318227223318126,0.5254400416184134,0.7260529076118394,0.18041963884503925,0.26862184641150927,9,7,5,2,0.6271504092636364,0.43054431731575166,0.4318227223318126,56.73
LOW,0.3089664812236937,0.31709858113739836,0.4950618521288359,0.3344729519733636,0.20658467989365906,0.17463653559460723,0.2689657672539191,0.06628537621127899,0.0,3,8,2,6,0.31709858113739836,0.4950618521288359,0.20658467989365906,4.76
MEDIUM,0.20194677304687234,0.174131826234434,0.22143445241044613,0.20970646721793093,0.10025579384412882,0.42119928279170116,0.5371704397077893,0.19318711250443382,0.30129798233070415,6,8,4,4,0.174131826234434,0.22143445241044613,0.10025579384412882,23.9
MEDIUM,0.4300548103702715,0.6237385732732169,0.4187986194355268,0.40771607074043004,0.25879905633841677,0.38358143708439335,0.4043591165385401,0.48717947196868067,0.21765036383766598,8,7,3,4,0.6237385732732169,0.4187986194355268,0.25879905633841677,25.99
LOW,0.15370601328408065,0.22357283830106395,0.16946439772130018,0.27855203489913066,0.1826898397977748,0.2338241172727341,0.26287577723288535,0.2882649022652715,0.0922283523997431,5,8,2,6,0.22357283830106395,0.16946439772130018,0.1826898397977748,20.17
MEDIUM,0.3722067151107475,0.41922075814777565,0.30690593022618523,0.4148844361198615,0.3019287939917067,0.42987926445348795,0.5215895998290256,0.46316231441736533,0.12146520836299779,9,8,4,4,0.41922075814777565,0.30690593022618523,0.3019287939917067,49.73
MEDIUM,0.37843295402598753,0.26816881514174096,0.48286544976952883,0.3504303364640853,0.1857678611106493,0.5314705529140702,0.6004448821013589,0.4799437662811307,0.37607435198514344,11,8,5,3,0.26816881514174096,0.48286544976952883,0.1857678611106493,48.52
HIGH,0.7424885195901482,0.8300447396945918,0.7470017085522161,0.6771442583237193,0.5053127934027002,0.7019823082749589,0.9603024654987997,0.29269440832303084,0.3363097365553647,21,10,10,0,0.8300447396945918,0.7470017085522161,0.5053127934027002,70.5
MEDIUM,0.40205458644995823,0.38118817747062833,0.4264970671504715,0.29862496812909833,0.17071646046573064,0.4000494479849032,0.5048123240618163,0.32092488042116796,0.16488538731789942,9,10,5,5,0.38118817747062833,0.4264970671504715,0.17071646046573064,28.87
MEDIUM,0.4345310068719001,0.5015291519043652,0.3598572038478468,0.32274007910682223,0.2731929484304693,0.38248493231944414,0.559035425940252,0.10184881118049588,0.1334695725959689,6,8,4,4,0.5015291519043652,0.3598572038478468,0.2731929484304693,22.6
LOW,0.13682053270729078,0.2288054610165194,0.13909819599604495,0.16040124167171504,0.07462439828541825,0.01798864864450041,0.0,0.0,0.08994324322250205,0,9,0,9,0.2288054610165194,0.13909819599604495,0.07462439828541825,0.0
MEDIUM,0.4781544198107585,0.4766023569547725,0.5376345480051244,0.56350025422576,0.3806070837949338,0.5911765418408097,0.6790590383455862,0.27993150481523227,0.6387740893520575,8,6,4,2,0.4766023569547725,0.5376345480051244,0.3806070837949338,58.09
LOW,0.2487389019142349,0.30276439455368354,0.08205432954575162,0.3758827974772616,0.15372813545330294,0.2338094771792004,0.34950730187250223,0.0,0.12052548027849529,4,7,2,5,0.30276439455368354,0.08205432954575162,0.15372813545330294,15.93
HIGH,0.5941058311768508,0.589548301511362,0.5796924673425035,0.6337306345134454,0.5148037813671422,0.7387578441504721,0.9120380737606892,0.3947655423222803,0.5629094571480122,23,13,12,1,0.589548301511362,0.5796924673425035,0.5148037813671422,54.55
LOW,0.29321195252553445,0.2786257915200961,0.25640467891402374,0.27185481531885536,0.2604673153113393,0.10018804701001768,0.062183603074998955,0.21886886516093707,0.09552056066415447,3,6,0,6,0.2786257915200961,0.25640467891402374,0.2604673153113393,0.0
MEDIUM,0.38139899216578027,0.5529143472246707,0.3265973306746248,0.20900177452577187,0.20879778298813204,0.5869998657724008,0.6183325521107168,0.5068169093167209,0.5731847632131326,13,11,7,4,0.5529143472246707,0.3265973306746248,0.20879778298813204,33.92
HIGH,0.6631436449673768,0.6104910660702084,0.6297777407950512,0.562960585855632,0.41769854236006615,0.7887229443510965,0.8813513336017268,0.7961313211624237,0.5034293997878778,12,5,4,1,0.6104910660702084,0.6297777407950512,0.41769854236006615,81.41
HIGH,0.6445687288786832,0.6071722120393176,0.6756476835026168,0.7558124291738311,0.3731836518006794,0.8039714093338197,0.9071122268972346,0.8416540808010647,0.45686628517633004,18,8,7,1,0.6071722120393176,0.6756476835026168,0.3731836518006794,72.8
MEDIUM,0.4537853614325318,0.4981921014002164,0.3588344434596748,0.4545829922534298,0.45582315936835305,0.6699304394953643,0.861624974786843,0.6060258537943218,0.15875141932197093,14,9,8,1,0.4981921014002164,0.3588344434596748,0.45582315936835305,67.16
LOW,0.02865265581476999,0.0010912767187833752,0.08646087154357121,0.051692636252674895,0.060351645061774345,0.19213996089681668,0.22596203875752535,0.1404527474845711,0.14236094072693617,4,7,2,5,0.0010912767187833752,0.08646087154357121,0.060351645061774345,12.48
LOW,0.20425634964539183,0.21248711022350378,0.18682366818009424,0.1694278725477276,0.16384729718831742,0.10802997156497623,0.13931417576490188,0.08544850705227845,0.03675882347789703,4,8,1,7,0.21248711022350378,0.18682366818009424,0.16384729718831742,4.26
LOW,0.2590371544055472,0.268651861826328,0.17957863840447041,0.3208987737914091,0.041483488012298286,0.2141220159104174,0.32544891383893615,0.09426333803527871,0.0,5,8,3,5,0.268651861826328,0.17957863840447041,0.041483488012298286,11.12
LOW,0.18727842091401273,0.14846332642064142,0.03874320145894189,0.28904385184818915,0.10665912904362837,0.0996323919360118,0.11216779809460843,0.0,0.16165856539623372,2,5,1,4,0.14846332642064142,0.03874320145894189,0.10665912904362837,0.0
LOW,0.08964404690241001,0.040018492300677194,0.09034903822295864,0.10846902501032946,0.0,0.15122181164391466,0.18908787170751035,0.1888454430970422,0.0,3,8,2,6,0.040018492300677194,0.09034903822295864,0.0,0.0
LOW,0.14547485313324407,0.04813060303443607,0.2514175084988431,0.2190820142797904,0.0,0.06115233488162525,0.02306862463975187,0.1593457071318682,0.07721009335700244,3,11,0,11,0.04813060303443607,0.2514175084988431,0.0,1.93
MEDIUM,0.5089728353837366,0.40691171900369927,0.6133923980565421,0.542743922505196,0.27379792709285633,0.616859153701935,0.6707016142198472,0.7983049778272671,0.27388594802286587,13,9,6,3,0.40691171900369927,0.6133923980565421,0.27379792709285633,60.23
HIGH,0.6999470486494135,0.7034332350358624,0.8438668707969934,0.5563467996331455,0.4618745881438115,0.8262169433764098,1.0,0.6016457008402487,0.5294390160418003,14,6,6,0,0.7034332350358624,0.8438668707969934,0.4618745881438115,72.21
HIGH,0.6010644944887876,0.6105076011813535,0.5380510382948891,0.562697215684907,0.37552460683638533,0.7310643148353774,0.8961467854167703,0.5442955487190319,0.4225856692075442,18,8,7,1,0.6105076011813535,0.5380510382948891,0.37552460683638533,74.46
LOW,0.1876853594906375,0.023634737862114397,0.1765331395275283,0.15565700996339965,0.03803371584279501,0.11352356101740924,0.10974819772016385,0.05897654984603532,0.17939666208051927,1,10,1,9,0.023634737862114397,0.1765331395275283,0.03803371584279501,0.96
HIGH,0.7809545515550124,0.7925950757655417,0.7883777405662957,0.8238555606287076,0.48702684524741546,0.819388314994586,1.0,0.6496510685159597,0.44729050645697044,20,8,8,0,0.7925950757655417,0.7883777405662957,0.48702684524741546,84.57
MEDIUM,0.37495850486741744,0.3137054091252329,0.4277262977149608,0.30504070001575817,0.34472497842336175,0.4549879566775337,0.6027438998535024,0.1752812131064816,0.2914268707206799,9,7,4,3,0.3137054091252329,0.4277262977149608,0.34472497842336175,53.38
MEDIUM,0.5140531528630209,0.5160084041964221,0.5159777691080754,0.500836743204499,0.2740954623689592,0.456897723428916,0.6002709923923683,0.29225165001612224,0.19142398995135287,11,10,6,4,0.5160084041964221,0.5159777691080754,0.2740954623689592,38.11
MEDIUM,0.2296702157360403,0.33149588003436736,0.15925517980514292,0.2465928188892819,0.10196277560315709,0.47403456501550606,0.41154984393213645,0.6127773051936869,0.5227459880874341,11,8,3,5,0.33149588003436736,0.15925517980514292,0.10196277560315709,26.89
HIGH,0.48868495525464645,0.518854830556264,0.4305148501231318,0.30020783353695213,0.3060264589353284,0.8327364045415347,1.0,0.51879016191992,0.6448918607877533,19,10,10,0,0.518854830556264,0.4305148501231318,0.3060264589353284,73.72
HIGH,0.6283836136827353,0.700944223629135,0.6332379414457008,0.6577709289982299,0.45318428754621976,0.8613090477841274,1.0,0.5638960337622798,0.7426492051583572,20,8,8,0,0.700944223629135,0.6332379414457008,0.45318428754621976,73.1
MEDIUM,0.40275758592918365,0.4139153727971868,0.5005476869424739,0.43306235435781926,0.40396857915312234,0.3671532450596907,0.44946683600890824,0.18543310849525674,0.30193260877647193,8,8,4,4,0.4139153727971868,0.5005476869424739,0.40396857915312234,22.39
LOW,0.16371627993665125,0.2778025297136658,0.1647357491529759,0.2155905944017748,0.17037236025202412,0.13884960423726211,0.10108703115789773,0.1367202921552489,0.2542666355573685,4,9,1,8,0.2778025297136658,0.1647357491529759,0.17037236025202412,8.39
LOW,0.21864787177247466,0.2624331165021787,0.2797104754905237,0.11047474720838883,0.17778379915037773,0.15965128577761617,0.17791065431032196,0.060847315634829154,0.20367715032228587,1,7,1,6,0.2624331165021787,0.2797104754905237,0.17778379915037773,12.77
MEDIUM,0.2186468306449724,0.2913082458441696,0.23134461068997145,0.25646440083447447,0.10881002397351844,0.28143942602413075,0.3423390802586472,0.11284255727646647,0.26733733206824595,7,5,2,3,0.2913082458441696,0.23134461068997145,0.10881002397351844,22.08
LOW,0.2155148128226431,0.24645877717660525,0.255473415005763,0.1880027655603035,0.1692572956392332,0.16733699718000442,0.22832097541042096,0.0,0.15172205966875923,4,8,2,6,0.24645877717660525,0.255473415005763,0.1692572956392332,0.73
LOW,0.09084705434344197,0.15041516444047198,0.0,0.01655467178965629,0.11702435086760749,0.11062473141289991,0.12447505612673028,0.007160934321094137,0.17253755436321463,3,10,1,9,0.15041516444047198,0.0,0.11702435086760749,4.51
LOW,0.17954070253633847,0.12769420025365025,0.19295903595361666,0.13730883635027064,0.0823718711827392,0.23325578022537793,0.271988052077948,0.218453924551438,0.1318608203416076,4,12,3,9,0.12769420025365025,0.19295903595361666,0.0823718711827392,0.51
HIGH,0.6228166447353268,0.6009212653932977,0.48123292392563694,0.5508798249476607,0.2857489096568051,0.7455304334776645,0.8652557389263758,0.57108970122341,0.5607952493857851,19,10,9,1,0.6009212653932977,0.48123292392563694,0.2857489096568051,64.95
HIGH,0.7111754697441459,0.7033493551812581,0.7093595073491679,0.7275396639910463,0.4286341497195456,0.8017109849682778,0.8854119313980288,0.8867878247783668,0.46553130586893604,16,6,5,1,0.7033493551812581,0.7093595073491679,0.4286341497195456,76.84
HIGH,0.6655532822925183,0.7814430330576322,0.6624649546223669,0.6798394498483754,0.2528724617896502,0.7888067022166128,0.9350500393952758,0.6686731722619584,0.4702102206352775,17,8,7,1,0.7814430330576322,0.6624649546223669,0.2528724617896502,73.7
MEDIUM,0.5936562507032586,0.5754209326653772,0.5242487145082899,0.5794498451191203,0.5010206949987238,0.35650128781012125,0.36605217410540924,0.4657116517568362,0.2186382649775423,8,8,3,5,0.5754209326653772,0.5242487145082899,0.5010206949987238,34.2
HIGH,0.5590913409466508,0.5979206351502944,0.6975972938203537,0.6139330950644766,0.2582542367587374,0.6922089103826815,0.7974735592867676,0.4996749246707197,0.568948949382385,12,8,6,2,0.5979206351502944,0.6975972938203537,0.2582542367587374,58.17
LOW,0.18192531918851074,0.3407009557717967,0.10727035393863493,0.10376869253764769,0.014033693917573087,0.19059275243161936,0.27626534854906787,0.09586584036448981,0.028301876146403324,3,7,2,5,0.3407009557717967,0.10727035393863493,0.014033693917573087,11.21
HIGH,0.7550864405692236,0.7476473593606345,0.7018884015701874,0.6476144340184355,0.60192948153876,0.823084976284574,0.9543483342693057,0.5567798006618387,0.6956000779531143,19,8,8,0,0.7476473593606345,0.7018884015701874,0.60192948153876,85.99
MEDIUM,0.431122294718194,0.35473152581359507,0.41947936732918034,0.4984863482297818,0.2509720951127931,0.4749886903904545,0.6159612093404768,0.13345282359519928,0.39360700033564294,8,9,6,3,0.35473152581359507,0.41947936732918034,0.2509720951127931,43.58
HIGH,0.5740967459346775,0.48842072684468274,0.568536989551758,0.744763204369253,0.33460991375032445,0.8000300906777849,0.9396219199668396,0.7020270815202703,0.47925761196813477,17,8,8,0,0.48842072684468274,0.568536989551758,0.33460991375032445,74.5
MEDIUM,0.4470676518160414,0.5189951323458455,0.45166171379841624,0.5343082726818358,0.37098010086573074,0.41785393114133385,0.5410688040504671,0.22441488939863624,0.2416483541566315,6,5,3,2,0.5189951323458455,0.45166171379841624,0.37098010086573074,44.51
HIGH,0.7528320323278876,0.6836437139168495,0.6376825702863832,0.7363078653515218,0.6081588673122963,0.7867427720568408,0.882350693064449,0.7583968350011191,0.5282649460897374,16,9,8,1,0.6836437139168495,0.6376825702863832,0.6081588673122963,93.4
LOW,0.2793732329729777,0.2575985133994613,0.27010700094362566,0.2600850804953659,0.22112172158623372,0.2366361794742439,0.25490294519370743,0.20583615118230683,0.21263591060779027,6,9,2,7,0.2575985133994613,0.27010700094362566,0.22112172158623372,16.2
MEDIUM,0.5014463607487377,0.45750999023470845,0.5159450930991252,0.5417001109494677,0.3477926393838557,0.5312106495849543,0.6119284776996334,0.5230725918653789,0.29719522296049283,11,3,2,1,0.45750999023470845,0.5159450930991252,0.3477926393838557,51.53
LOW,0.08758897043471824,0.06067329824802665,0.04256914392935967,0.02862821332394294,0.0,0.25187789772060765,0.2635691388871787,0.30303634410031016,0.1656457278411921,6,10,3,7,0.06067329824802665,0.04256914392935967,0.0,9.17
HIGH,0.6340442106357229,0.5999858049917935,0.7024083673023691,0.7212676310437316,0.4505719743965318,0.6762168287657739,0.8043874255377019,0.5908816033564684,0.37704026385929545,17,8,6,2,0.5999858049917935,0.7024083673023691,0.4505719743965318,65.81
HIGH,0.7416901239083838,0.7622390873409538,0.6455677005246294,0.7214289778673683,0.5601673845624955,0.8423431348012067,1.0,0.5956148499522605,0.6161008240537732,20,10,10,0,0.7622390873409538,0.6455677005246294,0.5601673845624955,92.28
HIGH,0.838038473406119,0.8747130469249615,1.0,0.7888158243849718,0.7990346900021772,0.8628129626676725,0.9614639590926747,0.9180774666053437,0.5115954694549947,25,10,10,0,0.8747130469249615,1.0,0.7990346900021772,86.17
HIGH,0.4858747311768812,0.4716080930289486,0.4205940757000743,0.4684533161395424,0.6324766475842827,0.7957598177703604,1.0,0.3621104926598736,0.6166885961919286,17,10,10,0,0.4716080930289486,0.4205940757000743,0.6324766475842827,71.45
LOW,0.06533886271381398,0.0,0.0791226001890932,0.07329106495235534,0.0,0.11518774818483143,0.10467486321753866,0.0910220750328794,0.17089207623866184,5,8,1,7,0.0,0.0791226001890932,0.0,0.0
MEDIUM,0.4074845485075193,0.4545214242205681,0.3449575179295036,0.5616763688270198,0.11617794364766287,0.6312509502975013,0.8073220359520369,0.36799769382176656,0.36629094980962956,16,11,9,2,0.4545214242205681,0.3449575179295036,0.11617794364766287,49.56
MEDIUM,0.674096876716154,0.6031135397432883,0.8435711576116722,0.7049530755936392,0.4285450365092821,0.32374579246323426,0.4160065923087619,0.30534258511834506,0.06536660027154056,7,7,3,4,0.6031135397432883,0.8435711576116722,0.4285450365092821,33.36
LOW,0.17812337122106128,0.12725980765190706,0.1520966564155778,0.20653196908632904,0.1320084809014423,0.11123204781744318,0.11588298942949068,0.11256534740404442,0.09594592339469941,3,6,1,5,0.12725980765190706,0.1520966564155778,0.1320084809014423,7.72
HIGH,0.6770035667596606,0.7311453903425387,0.5986071270008908,0.6010845397041945,0.4487770004023943,0.8399212856295497,1.0,0.6826503253076411,0.5169561028401074,20,11,11,0,0.7311453903425387,0.5986071270008908,0.4487770004023943,96.7
HIGH,0.5988271270748698,0.5855181690867198,0.5789003862079085,0.5342095289669272,0.6793763967682526,0.8027789557902294,0.92549012542442,0.7428499147343167,0.4945744879435695,18,7,6,1,0.5855181690867198,0.5789003862079085,0.6793763967682526,67.9
LOW,0.07185826052097581,0.05207358007237144,0.17994204497172075,0.041896902683417905,0.09191593809210272,0.16792163317467879,0.203327441526571,0.22962584129368085,0.0,4,9,2,7,0.05207358007237144,0.17994204497172075,0.09191593809210272,9.34
LOW,0.20243930698628385,0.19423877011326912,0.12224446928065083,0.10000626595052674,0.08366637870408443,0.14893561979310502,0.21559173547939994,0.024308777569550723,0.07359411495777457,2,4,1,3,0.19423877011326912,0.12224446928065083,0.08366637870408443,23.53
MEDIUM,0.4395693675567428,0.45906158555787585,0.3733085359092102,0.5695244622200548,0.5144748079411104,0.5621371832891492,0.5747235446058961,0.8681371672122985,0.21837811541575894,10,5,3,2,0.45906158555787585,0.3733085359092102,0.5144748079411104,52.69
HIGH,0.671884087259404,0.6031116222350823,0.6000073784932091,0.7630858562228664,0.5700490359124863,0.6545794373389177,0.8611617450917112,0.27484317678456893,0.4145687746348859,18,11,9,2,0.6031116222350823,0.6000073784932091,0.5700490359124863,71.96
MEDIUM,0.684999152737382,0.6821239845804781,0.6835934118948487,0.6384354181684159,0.4510390781676539,0.2252714842768851,0.3270512536299819,0.05192272476318798,0.09328093573129181,3,10,3,7,0.6821239845804781,0.6835934118948487,0.4510390781676539,45.22
LOW,0.37373499067825366,0.3445306432490157,0.2484400490046155,0.4764373025234912,0.40180105623810003,0.07363854766385056,0.09127387996795872,0.06683477334025495,0.027536325075121673,2,8,1,7,0.3445306432490157,0.2484400490046155,0.40180105623810003,9.04
HIGH,0.6419120684909977,0.6981935695753211,0.6252001050833244,0.6157168182860612,0.3562607934406219,0.7797208043785423,0.8511958904641906,0.9317896213163921,0.4132267291837471,20,9,8,1,0.6981935695753211,0.6252001050833244,0.3562607934406219,81.19
LOW,0.1648222633952083,0.1643646489814517,0.12316890622647261,0.19133683171813226,0.1611194859889529,0.30199867748788173,0.4607247948343905,0.12781900293623713,0.0,7,10,5,5,0.1643646489814517,0.12316890622647261,0.1611194859889529,27.53
LOW,0.14947326162884336,0.20722548433853738,0.10195684980901235,0.14968852774201888,0.17222976457558575,0.2592399655236788,0.3335600247255812,0.189520582888624,0.10599917055302624,6,13,4,9,0.20722548433853738,0.10195684980901235,0.17222976457558575,2.13
LOW,0.3474007730122343,0.34126853942449,0.3601253728565617,0.30399886261828735,0.19791029317864503,0.11119403559765895,0.10554849668608464,0.14711508133300888,0.09220960659703195,3,9,1,8,0.34126853942449,0.3601253728565617,0.19791029317864503,9.44
LOW,0.04542004040006425,0.28755216773566955,0.16367391595392905,0.15263464575136138,0.0,0.12437744498328125,0.20114116805157445,0.018463720761682925,0.0,3,7,1,6,0.28755216773566955,0.16367391595392905,0.0,4.41
LOW,0.16851839498425247,0.22844824873917896,0.12284068336926549,0.1748852945708709,0.15814762119545792,0.18277075350606298,0.24691166622129573,0.12541454276902858,0.047704226097399195,3,7,2,5,0.22844824873917896,0.12284068336926549,0.15814762119545792,0.0
MEDIUM,0.547951153750463,0.43752856221814723,0.5697890132804035,0.6107216508211346,0.19989243074318946,0.5147426934322522,0.5094128349795672,0.6792420400916747,0.36623292213088476,10,4,2,2,0.43752856221814723,0.5697890132804035,0.19989243074318946,50.02
LOW,0.13099182333992263,0.12674922778696543,0.08798840185488668,0.13124444115900308,0.03496625894684466,0.13175580013470148,0.17317541101346268,0.0,0.1392527676331193,1,8,1,7,0.12674922778696543,0.08798840185488668,0.03496625894684466,8.61
LOW,0.216176239623591,0.2773411733859259,0.24243561901238972,0.30939249230046295,0.1219938155159726,0.24505954295660032,0.32413152634724474,0.1122924617807321,0.1406106739605353,6,9,3,6,0.2773411733859259,0.24243561901238972,0.1219938155159726,17.79
HIGH,0.6358732956000152,0.6318929637924285,0.5750651803136754,0.5516979194939073,0.23230605999020637,0.7598793816331072,0.7760589793737032,1.0,0.4712199700444268,22,12,9,3,0.6318929637924285,0.5750651803136754,0.23230605999020637,72.83
HIGH,0.7004668895576048,0.8518415909150632,0.8250778290789439,0.7224059817734112,0.3754599860998218,0.7306281079490471,0.8234267723800678,0.47948163132150795,0.7033785912835241,18,11,9,2,0.8518415909150632,0.8250778290789439,0.3754599860998218,69.23
HIGH,0.6021426459135044,0.6062885121215337,0.6391799258771949,0.5331185973393925,0.35790843000032235,0.8483544850878887,0.8429009936649918,0.9333453711976172,0.7797240732468506,18,8,7,1,0.6062885121215337,0.6391799258771949,0.35790843000032235,70.9
HIGH,0.6449778248563209,0.6372154054679032,0.6780364506966348,0.6125527894330914,0.4325256711380149,0.7478008982790947,0.8851636411942156,0.5864873130547722,0.49702625475805473,15,10,9,1,0.6372154054679032,0.6780364506966348,0.4325256711380149,85.73
MEDIUM,0.5232021091183818,0.5812083317702919,0.46655737631593613,0.4500534246240425,0.2630145479174845,0.45172177637216837,0.5129397955257118,0.48984093831020575,0.2299485569735011,8,9,5,4,0.5812083317702919,0.46655737631593613,0.2630145479174845,37.68
MEDIUM,0.42948344531604776,0.36315195442275444,0.37693598754504,0.18724164027059065,0.19945821468004132,0.5206985481622537,0.7085862058768874,0.23347944662075365,0.24425467655985292,3,3,2,1,0.36315195442275444,0.37693598754504,0.19945821468004132,55.99
LOW,0.07025609685605687,0.019810305530199253,0.06792230941615422,0.0,0.0,0.16945874046350473,0.18089475350726772,0.1572608562173241,0.14734858557839633,3,10,2,8,0.019810305530199253,0.06792230941615422,0.0,2.94
HIGH,0.6912779314502807,0.6743354007595497,0.6384420770016794,0.44985469511303233,0.6000774540722639,0.74782309611317,0.9263992132380071,0.3531420424926985,0.6067757983591306,13,7,6,1,0.6743354007595497,0.6384420770016794,0.6000774540722639,72.25
HIGH,0.62001764284838,0.532270867961132,0.7105572276968597,0.605707130067042,0.4192637109946452,0.7752991335959076,0.9553971296221332,0.5164826598307648,0.4938216192823738,15,9,9,0,0.532270867961132,0.7105572276968597,0.4192637109946452,77.88
HIGH,0.7855472592455148,0.8292803253935075,0.8187111278035172,0.6569905673611502,0.5395435419544784,0.66644993673568,0.8058186751668578,0.6426272194045948,0.2721664387732314,16,5,4,1,0.8292803253935075,0.8187111278035172,0.5395435419544784,76.77
LOW,0.10912566773137775,0.0223853543244103,0.12513812813845981,0.08163508296399007,0.2310526857436921,0.12787142200414547,0.177828353598758,0.10587204922445335,0.0,3,7,1,6,0.0223853543244103,0.12513812813845981,0.2310526857436921,0.49
MEDIUM,0.4892291550738388,0.610415017598718,0.500826704698465,0.5807640577516898,0.40462064630356537,0.5282367469066154,0.7126530062001777,0.22805601533067243,0.27516870060187176,11,8,6,2,0.610415017598718,0.500826704698465,0.40462064630356537,56.51
HIGH,0.7876706577375864,0.7426041395790766,0.8585008619695164,0.8689354131124558,0.6191190950087767,0.7935169757375731,0.910733582678497,0.7926646664809933,0.4427194641713813,19,8,7,1,0.7426041395790766,0.8585008619695164,0.6191190950087767,78.45
MEDIUM,0.3001417529181822,0.2659082890854277,0.30332262966028606,0.24168284214755764,0.21835463090475932,0.44681425057669016,0.5599835485654331,0.18596367212823178,0.36815693505891967,12,6,3,3,0.2659082890854277,0.30332262966028606,0.21835463090475932,37.08
HIGH,0.9170451981853279,0.8233416665861253,0.8382978568882262,1.0,0.601016473757884,0.7387140738025982,0.7908988953736026,0.8207425494255534,0.5001311334666301,20,9,7,2,0.8233416665861253,0.8382978568882262,0.601016473757884,85.41
MEDIUM,0.24303090084801315,0.17759489482626847,0.22255490047969656,0.4239247831366629,0.3499218776038304,0.5279568666811258,0.7433036301090875,0.19117521185081793,0.21869823122754842,6,6,4,2,0.17759489482626847,0.22255490047969656,0.3499218776038304,49.87
HIGH,0.6888501835356057,0.7508011264894802,0.5557679456128877,0.6930618492371368,0.3725079556076319,0.7270997181500821,0.8764468063553346,0.5327158612081575,0.4734423104762492,16,8,7,1,0.7508011264894802,0.5557679456128877,0.3725079556076319,75.71
HIGH,0.613138545914645,0.6676654154377992,0.5966426241420365,0.5744454609436133,0.34972110096995335,0.8368933914151371,0.8806882031626655,1.0,0.5424023475876892,19,6,5,1,0.6676654154377992,0.5966426241420365,0.34972110096995335,78.3
MEDIUM,0.37732073394881066,0.47978259924026423,0.33005995341713357,0.48914937223501354,0.15919845531128882,0.49367443811663025,0.5060640421426781,0.6299991571813562,0.32018090697376067,13,13,7,6,0.47978259924026423,0.33005995341713357,0.15919845531128882,37.28
MEDIUM,0.26832921399092785,0.13730921133640484,0.2046885598141752,0.33339902914879394,0.02684533146045559,0.5831480484669845,0.6395573584843031,0.45534133889777867,0.5417268279842348,13,10,6,4,0.13730921133640484,0.2046885598141752,0.02684533146045559,42.15
LOW,0.1539929945372798,0.06242453237337087,0.10844374624183334,0.1507870845735104,0.12529693671105624,0.03606610161431123,0.0,0.07804396650760057,0.10228654156395559,3,9,0,9,0.06242453237337087,0.10844374624183334,0.12529693671105624,0.0
MEDIUM,0.23183047396782336,0.2867913506168139,0.16230348520963028,0.3011774321407311,0.30202334699373323,0.3742119112603771,0.31838878510312396,0.4607785117517925,0.4551146892407213,6,10,3,7,0.2867913506168139,0.16230348520963028,0.30202334699373323,15.64
HIGH,0.752347275514705,0.7854134053935449,0.536515925279455,0.7282807458084777,0.6067150758944042,0.7841936758775033,0.9118380792979298,0.6792533838999723,0.5062007575937547,15,6,5,1,0.7854134053935449,0.536515925279455,0.6067150758944042,83.8
HIGH,0.7696499924295461,0.7765189059626054,0.8572426615963327,0.7396560189786845,0.39435253771270884,0.8198801146839608,0.9381642935534564,0.675275910877851,0.6096317818815836,19,5,5,0,0.7765189059626054,0.8572426615963327,0.39435253771270884,89.91
MEDIUM,0.5676601399729665,0.5446203886930364,0.4928238882957948,0.6538324128075464,0.28718511977469086,0.6802867617858476,0.8892047237188104,0.22735901202013378,0.5064606257526733,14,8,7,1,0.5446203886930364,0.4928238882957948,0.28718511977469086,63.2
HIGH,0.7804749330170566,0.8334411039527224,0.8685358797096873,0.7414771638329314,0.5548132903969206,0.8254534170459911,0.9998710860798458,0.5089488996562097,0.6187049273342082,17,8,8,0,0.8334411039527224,0.8685358797096873,0.5548132903969206,86.35
LOW,0.17393068078775525,0.18552526095389174,0.16571276089078496,0.2997495567712944,0.2227470322330648,0.15243130276677447,0.2347976598192196,0.02368538172804977,0.03407815264816374,3,12,3,9,0.18552526095389174,0.16571276089078496,0.2227470322330648,7.25
MEDIUM,0.4126411618220033,0.33246486065581454,0.34984943070148433,0.368920761637681,0.21789952636562437,0.5665585692198359,0.7491580589771396,0.34817480130547424,0.23714386786228653,12,8,6,2,0.33246486065581454,0.34984943070148433,0.21789952636562437,49.13
LOW,0.07288532256434413,0.16658961313365722,0.07216913538256647,0.06904433442420585,0.0,0.03939036389983766,0.0526579843383904,0.0,0.03897786648401711,0,9,0,9,0.16658961313365722,0.07216913538256647,0.0,0.0
LOW,0.1615166682495685,0.13387657043658027,0.15120523559014734,0.2441251759337188,0.2379871115838469,0.2706991576626498,0.44065550064671866,0.0,0.031529286373093234,5,9,4,5,0.13387657043658027,0.15120523559014734,0.2379871115838469,18.01
LOW,0.35792042100367993,0.4413377101182948,0.4428017511283985,0.32497069230818426,0.24079821010574876,0.1415700591430789,0.1633695850919173,0.0,0.21774154043964264,2,9,1,8,0.4413377101182948,0.4428017511283985,0.24079821010574876,20.74
LOW,0.016186553154472438,0.09677613338596161,0.0,0.0005245159045537649,0.03194289128650673,0.214015148765547,0.24625584136865145,0.1848401056203796,0.14646811410140098,3,9,2,7,0.09677613338596161,0.0,0.03194289128650673,4.62
LOW,0.35621376984528297,0.24400858393982505,0.3284985827447754,0.2507038307231403,0.17633301030513288,0.1686996240711176,0.20161140985184614,0.04712419014839982,0.19153970065164974,3,8,2,6,0.24400858393982505,0.3284985827447754,0.17633301030513288,13.95
LOW,0.2908870883284466,0.19978541680721373,0.23643495119727823,0.32887027382319634,0.2389576204326166,0.08510107456243923,0.0739542150321485,0.17491265893066238,0.028730068785088325,4,11,1,10,0.19978541680721373,0.23643495119727823,0.2389576204326166,1.65
HIGH,0.6453539385471375,0.658144076251324,0.6290357867061382,0.5537148254765949,0.3123218423607387,0.8203354960065846,0.9439218667518289,0.7072473729128327,0.5626645068646039,17,9,8,1,0.658144076251324,0.6290357867061382,0.3123218423607387,81.6
HIGH,0.6738023003988257,0.8768827455975672,0.7677676700585971,0.6507296243220387,0.41932443556905397,0.7043252035303883,0.6711648482006747,0.8637388305969397,0.6443926424529776,13,7,5,2,0.8768827455975672,0.7677676700585971,0.41932443556905397,63.06
MEDIUM,0.4392791119604983,0.4946064733690808,0.446194563029953,0.5166198185298171,0.3444528924115735,0.43496729052252225,0.6743193070241021,0.0,0.1518785315403048,10,7,5,2,0.4946064733690808,0.446194563029953,0.3444528924115735,55.41
HIGH,0.638841993611182,0.4824445100705578,0.7079270947370351,0.5948267475956238,0.7430228624636429,0.8324694290444427,0.840847686397239,1.0,0.6398040860304961,17,6,5,1,0.4824445100705578,0.7079270947370351,0.7430228624636429,81.0
HIGH,0.7837982710552298,0.8490748438031226,0.8315053511027604,0.7824804016114294,0.4311647808080481,0.7383316676209147,0.8938571699619814,0.6852129327431686,0.3248738954754611,17,8,7,1,0.8490748438031226,0.8315053511027604,0.4311647808080481,75.68
MEDIUM,0.41257843837988417,0.5669860010593577,0.43018790607407353,0.4954620584850521,0.27702337641685404,0.3024447059276064,0.2689125224747375,0.48446836976432467,0.221017592449495,6,7,2,5,0.5669860010593577,0.43018790607407353,0.27702337641685404,26.79
MEDIUM,0.5619285730169551,0.6888237336397682,0.700165329653284,0.3982586345962972,0.2739879450189553,0.3059060115550142,0.2787712632510171,0.476386082077918,0.21683018594410167,8,7,2,5,0.6888237336397682,0.700165329653284,0.2739879450189553,35.57
MEDIUM,0.2989363844839096,0.2990400810063981,0.394836059376267,0.2969045922238228,0.13008949850053345,0.2871058825866524,0.22776869794935461,0.5405351170120558,0.21168820207314237,4,6,1,5,0.2990400810063981,0.394836059376267,0.13008949850053345,11.96
MEDIUM,0.4213381516567019,0.32463881527584937,0.4361947946605129,0.40162233246325374,0.517135935078144,0.31723541647413867,0.2943335325411008,0.38229588606247633,0.3208805986849148,7,6,2,4,0.32463881527584937,0.4361947946605129,0.517135935078144,31.22
HIGH,0.8384462884819838,0.6642312790343566,0.7710676154577661,0.9564507722604594,0.6781150352637736,0.8092757893127178,0.9432409369013031,0.8966430813038919,0.32001305455578766,22,10,9,1,0.6642312790343566,0.7710676154577661,0.6781150352637736,86.84
HIGH,0.7196348964062057,0.5442133730055224,0.750136656240906,0.6620460940070538,0.6202439548772958,0.8184432767500442,0.9438355226713039,0.5304155855447619,0.7302942301915476,16,10,9,1,0.5442133730055224,0.750136656240906,0.6202439548772958,81.11
MEDIUM,0.4062884084672854,0.37953645615950504,0.4092264107284442,0.3210245217442943,0.06112535206940295,0.38768920873441015,0.5858702293498057,0.0,0.1808353556226335,2,4,2,2,0.37953645615950504,0.4092264107284442,0.06112535206940295,42.25
HIGH,0.6741599544531875,0.5688878117632667,0.6216920273461026,0.7042763671900025,0.46670324158658116,0.8520387588168549,0.9658139248833588,0.8430184024251829,0.5197336170090148,13,4,4,0,0.5688878117632667,0.6216920273461026,0.46670324158658116,83.8
MEDIUM,0.32344509463994964,0.32902527737782855,0.5178693428586121,0.2843900496770396,0.22613098099878726,0.41264664629130576,0.35319461841535177,0.5986802110083027,0.40496916520217074,14,10,4,6,0.32902527737782855,0.5178693428586121,0.22613098099878726,25.36
LOW,0.370987853188665,0.4216061014242297,0.19345010748113212,0.4073735312396258,0.20152169115510582,0.21283218076368282,0.3077806189587989,0.14081904694201736,0.0,5,9,3,6,0.4216061014242297,0.19345010748113212,0.20152169115510582,21.76
MEDIUM,0.6295159151786077,0.6626270343477516,0.6313477920165649,0.7213533195136657,0.6649352129840022,0.5609853461419056,0.6872606131252134,0.39124122536161804,0.35190366597227024,11,9,6,3,0.6626270343477516,0.6313477920165649,0.6649352129840022,73.0
MEDIUM,0.588588699389124,0.578520143973078,0.470155165778026,0.5735232799022034,0.35733450619699525,0.4911053228363809,0.6366365977626489,0.3682600445317141,0.17735677636224373,14,11,7,4,0.578520143973078,0.470155165778026,0.35733450619699525,54.7
HIGH,0.696426693171931,0.7527115317814206,0.6502286914982588,0.7068314575495178,0.4699308952882151,0.7043853675666075,0.7831172546248064,0.6754911009678145,0.4970839729908038,17,8,6,2,0.7527115317814206,0.6502286914982588,0.4699308952882151,79.0
HIGH,0.6663441784870643,0.6051375627782795,0.599929731463145,0.6187786629950824,0.4467958966594255,0.7955751021435158,0.9468697325502003,0.7140891529569676,0.4231771601100101,22,11,10,1,0.6051375627782795,0.599929731463145,0.4467958966594255,75.55
LOW,0.23269384125962764,0.22017741702560792,0.26134024481797263,0.23063217760958588,0.21739355432988,0.14673819661999998,0.22247786277574008,0.06625739477277971,0.0,3,9,2,7,0.22017741702560792,0.26134024481797263,0.21739355432988,13.92
HIGH,0.665233578884399,0.7470726341705859,0.6816209118313247,0.678325006674646,0.4518524365427651,0.8037251419371564,1.0,0.5073466541808683,0.5112790555049135,16,6,6,0,0.7470726341705859,0.6816209118313247,0.4518524365427651,76.61
LOW,0.14830633678428193,0.15332409006927297,0.04824557001155025,0.0,0.14958483948827456,0.08201919967210995,0.0,0.18541377839773793,0.22468221996281182,3,8,0,8,0.15332409006927297,0.04824557001155025,0.14958483948827456,0.43
HIGH,0.6543782147886789,0.46518767003418915,0.6479852752601587,0.791015270261538,0.5115615809461169,0.791727527924434,0.8587741417169725,0.7157802338569463,0.6665349806143064,22,8,7,1,0.46518767003418915,0.6479852752601587,0.5115615809461169,75.47
LOW,0.27619372364817996,0.22020752967233534,0.24223850226036614,0.35764161544652917,0.20781439531415008,0.17483714280695728,0.24056860720727274,0.0,0.1524798924129681,3,9,2,7,0.22020752967233534,0.24223850226036614,0.20781439531415008,13.78
HIGH,0.6408097496116525,0.6214589070805236,0.6036734953461886,0.8152521144951085,0.5397538976125157,0.7931249329748868,0.822522486082264,1.0,0.4980572066276425,21,8,7,1,0.6214589070805236,0.6036734953461886,0.5397538976125157,63.3
LOW,0.14266661490328325,0.15907302126681405,0.17227058956451866,0.13648586567669513,0.08750190061439947,0.24338197759726388,0.3278157647162534,0.13014859303340381,0.10331400080415544,7,8,3,5,0.15907302126681405,0.17227058956451866,0.08750190061439947,11.4
MEDIUM,0.22092010936667295,0.10620511944387664,0.18355803776029206,0.21224996185034112,0.09908193059564718,0.44691489367054016,0.6026715965568714,0.2362983910983383,0.19026128758374838,12,9,5,4,0.10620511944387664,0.18355803776029206,0.09908193059564718,18.89
HIGH,0.5094995341846181,0.39153648372644534,0.4623982679464443,0.6002923687747936,0.2787790709586852,0.743160675154628,0.8347119620187561,0.65721745637889,0.5544500333379822,19,6,5,1,0.39153648372644534,0.4623982679464443,0.2787790709586852,63.18
MEDIUM,0.401786455474747,0.43698418044684134,0.5005830602510764,0.5348795512311129,0.20502395130593487,0.6044476772761918,0.7151192764451819,0.4599361639102036,0.4169443931352093,12,8,6,2,0.43698418044684134,0.5005830602510764,0.20502395130593487,57.71
HIGH,0.8565720563861886,0.8724558608222277,0.8480188861754081,0.6597837699866522,0.43847438567079855,0.7365726992717464,0.8684598715853286,0.42978821375075693,0.6476956678519896,12,5,4,1,0.8724558608222277,0.8480188861754081,0.43847438567079855,80.85
MEDIUM,0.3770113501176427,0.41320431956148174,0.39266784031946006,0.44927442895342506,0.3489294502939979,0.38357682805795873,0.5449839830695684,0.010741097478563914,0.27219109360252447,8,8,4,4,0.41320431956148174,0.39266784031946006,0.3489294502939979,23.14
HIGH,0.7013619418314992,0.6277221540065292,0.6647037147321648,0.8556453541488457,0.5573911485766992,0.7721305232661436,0.9838765244451523,0.4416826060573172,0.46734043693794397,16,7,7,0,0.6277221540065292,0.6647037147321648,0.5573911485766992,78.91
MEDIUM,0.40631164889958554,0.34278883396557996,0.39192450594747275,0.49536889560628533,0.13310421907473444,0.5419903664567821,0.6019719150452846,0.6260185389759247,0.2780175481721319,13,7,4,3,0.34278883396557996,0.39192450594747275,0.13310421907473444,44.23
MEDIUM,0.32521870795371277,0.17561063035177038,0.31305996677012915,0.2241471028923541,0.22648604423468205,0.6367675852760856,0.717254443657106,0.7208510813359247,0.311223514073185,15,10,7,3,0.17561063035177038,0.31305996677012915,0.22648604423468205,49.81
HIGH,0.8626492327082118,0.778721057565722,0.9732709056216333,0.9055938430491919,0.5062531843710123,0.9018315833080403,0.9249598689455163,1.0,0.7342783097036526,17,7,6,1,0.778721057565722,0.9732709056216333,0.5062531843710123,95.47
LOW,0.319973738564273,0.3791408694780174,0.18459441044199923,0.3566677589981859,0.20607252090825431,0.1868303101636596,0.204452976323368,0.1248943014260659,0.19589832042212815,3,10,2,8,0.3791408694780174,0.18459441044199923,0.20607252090825431,14.06
MEDIUM,0.24817848373120827,0.23942884312312104,0.39575883793593597,0.11121501223122851,0.17131875924583903,0.4433515868062477,0.5415792781885488,0.40754709435286396,0.18447300511272832,5,5,3,2,0.23942884312312104,0.39575883793593597,0.17131875924583903,45.14
LOW,0.15004378083468273,0.31841438872372063,0.09130332829256624,0.17743574867075682,0.2114118142468286,0.2017182142992815,0.32188642243750915,0.0,0.0429318041838801,6,9,3,6,0.31841438872372063,0.09130332829256624,0.2114118142468286,3.66
MEDIUM,0.5003489305681206,0.5499215887559907,0.5547692509123395,0.43264046138133655,0.29703943770424385,0.5241639425164661,0.5823251799702953,0.6024622625256563,0.2713819101457887,10,8,5,3,0.5499215887559907,0.5547692509123395,0.29703943770424385,64.47
HIGH,0.8077754779556742,0.8101672546010822,0.8145968431751471,0.6877507666875093,0.35036664759971525,0.8480766035221757,1.0,0.6656116428524841,0.5747713747583942,14,6,6,0,0.8101672546010822,0.8145968431751471,0.35036664759971525,95.58
MEDIUM,0.3754471183472938,0.4291657814163382,0.3906491129618222,0.3658048031410757,0.4480088848609376,0.47799451694766093,0.48201975309658723,0.5981425274034972,0.34577079804504585,14,8,4,4,0.4291657814163382,0.3906491129618222,0.4480088848609376,36.21
HIGH,0.8379442172982032,0.9378851975999546,0.9341012829905133,0.5269198699686302,0.6305786146825834,0.8034218063192835,0.9169693754455976,0.6430273491829028,0.6231735560767214,19,9,8,1,0.9378851975999546,0.9341012829905133,0.6305786146825834,85.95
HIGH,0.7778944191772825,0.8212965464184697,0.8173908378738316,0.8704769237767677,0.6466948721176466,0.8183766104237191,0.890978235716297,0.8480620761646592,0.5708862688050453,24,12,11,1,0.8212965464184697,0.8173908378738316,0.6466948721176466,83.01
MEDIUM,0.1977552196812205,0.24874359893474388,0.14205543332559764,0.3483296431750621,0.16370926030638303,0.36076426464540157,0.4309306802369319,0.29670105755608334,0.214328224960129,7,7,3,4,0.24874359893474388,0.14205543332559764,0.16370926030638303,15.0
MEDIUM,0.4969468996088079,0.4172423883067305,0.3642853985652881,0.5218234157807736,0.4010548848381189,0.5855116864579639,0.6595325142941851,0.46023487631882554,0.48872601308843877,18,10,7,3,0.4172423883067305,0.3642853985652881,0.4010548848381189,73.4
MEDIUM,0.18634336425169853,0.18575206042396136,0.2266819586421243,0.18027256353124074,0.200798399581965,0.39489080204115623,0.5094636886902437,0.2112098473171753,0.23485309681787467,10,8,4,4,0.18575206042396136,0.2266819586421243,0.200798399581965,17.64
MEDIUM,0.5184260212853224,0.5025223094817073,0.6077628653369536,0.4448655227065176,0.24926183925317696,0.4828291236942408,0.5956943551027515,0.43085769245295924,0.19620486070999044,17,11,7,4,0.5025223094817073,0.6077628653369536,0.24926183925317696,37.86
MEDIUM,0.16414413935991332,0.2502331206973553,0.09552311766963992,0.24222995391768448,0.01877329895627275,0.41629836127514486,0.5397268698059807,0.18797688069163204,0.2743343162661503,10,12,6,6,0.2502331206973553,0.09552311766963992,0.01877329895627275,33.13
MEDIUM,0.6290117644568163,0.498956355935792,0.606091040026561,0.5861229656307877,0.5940787951994856,0.3752292790298812,0.5777873179054112,0.0,0.1427844414331725,8,6,3,3,0.498956355935792,0.606091040026561,0.5940787951994856,54.07
HIGH,0.6451490206382426,0.7024600799062468,0.5547871732436858,0.6817625388742709,0.4888561141337931,0.7851770826084165,0.8780328325546588,0.7295355930091432,0.5622513223689621,15,9,8,1,0.7024600799062468,0.5547871732436858,0.4888561141337931,82.2
MEDIUM,0.4885141704677334,0.5366114385470534,0.4797206250749524,0.5598207757687769,0.34848463212539876,0.35027442083422894,0.37780880763180846,0.514043230976652,0.1039024502990673,8,9,3,6,0.5366114385470534,0.4797206250749524,0.34848463212539876,30.75
HIGH,0.6290711809182006,0.6700476620484271,0.6336149115279608,0.5796876648052247,0.5741677836473722,0.8490597321392214,0.9163826088239598,0.7761601866848963,0.7199906475393306,22,11,10,1,0.6700476620484271,0.6336149115279608,0.5741677836473722,78.81
LOW,0.22066907004797462,0.30823581531336547,0.24901425559943743,0.0,0.24147456451622895,0.2368572820733835,0.311779898573089,0.06987778062736864,0.1790689340202818,3,9,3,6,0.30823581531336547,0.24901425559943743,0.24147456451622895,20.41
MEDIUM,0.44313063947532777,0.43057045445356096,0.3770955873002253,0.467434148887245,0.4412283375900352,0.5605411968920745,0.7371612807792083,0.4947328429483831,0.09648929917436454,10,5,4,1,0.43057045445356096,0.3770955873002253,0.4412283375900352,53.44
MEDIUM,0.6786387836945799,0.6871075959482712,0.7220318029898454,0.7576702941704555,0.48054299355345187,0.6410349848572262,0.9386593251868555,0.16192553951285926,0.22727140921270533,13,6,6,0,0.6871075959482712,0.7220318029898454,0.48054299355345187,76.77
HIGH,0.6136123625045219,0.7244036025527302,0.6425473797316307,0.726445799993829,0.42351371867500964,0.8015841296615953,0.940922825794688,0.7100455310488006,0.47510663987511176,16,8,8,0,0.7244036025527302,0.6425473797316307,0.42351371867500964,81.54
LOW,0.29901612001053196,0.3523397114642124,0.28875930909028996,0.4231737716166908,0.2985421327803269,0.2869914733238083,0.3666255561988526,0.24512867044703507,0.08995202757544873,6,9,3,6,0.3523397114642124,0.28875930909028996,0.2985421327803269,13.52
MEDIUM,0.29408260248059076,0.28543459539899957,0.26741723774366294,0.17922895221697166,0.22079364450628128,0.5469954021977654,0.5356571624925112,0.5864480340153986,0.5415574894958949,11,9,5,4,0.28543459539899957,0.26741723774366294,0.22079364450628128,37.37
MEDIUM,0.4211849695462202,0.35225687985183524,0.38404736640845966,0.406961688644314,0.37523911789889897,0.5951994617261631,0.6266538370611799,0.7151152285856992,0.3809205688615766,12,9,6,3,0.35225687985183524,0.38404736640845966,0.37523911789889897,47.29
LOW,0.13001613372380727,0.0,0.049325591117873546,0.25819291463308514,0.12787131490256443,0.12085987885795348,0.15481713735858843,0.1398479822140021,0.0,4,9,1,8,0.0,0.049325591117873546,0.12787131490256443,2.64
HIGH,0.6586059465223303,0.7609469061209799,0.6792963190741438,0.545141138938845,0.6977870804840183,0.6852029439400521,0.7996953187003893,0.6014150836773571,0.4255136799217356,14,6,5,1,0.7609469061209799,0.6792963190741438,0.6977870804840183,72.59
MEDIUM,0.40365981935610484,0.3228483350213109,0.4419509646888895,0.44429690567043983,0.3065995071046184,0.4826695458171998,0.5913609719360099,0.3274867107312637,0.31177810254670574,12,8,5,3,0.3228483350213109,0.4419509646888895,0.3065995071046184,58.7
HIGH,0.6993427752028638,0.7198116844580692,0.6467090311242004,0.7605410448912494,0.5336575835501175,0.7963558572159394,0.8663623833565848,0.8304133638084957,0.5522787722014465,17,6,5,1,0.7198116844580692,0.6467090311242004,0.5336575835501175,83.43
LOW,0.2831546950074849,0.274416588557184,0.24538774009440248,0.28329419501210884,0.23453917447210504,0.1994063682662576,0.2580505253318059,0.1301412208136118,0.09273904452225848,4,10,3,7,0.274416588557184,0.24538774009440248,0.23453917447210504,29.07
HIGH,0.587251459682999,0.6020698061579122,0.6490661411255695,0.5593019312414221,0.26156161702042857,0.7096978532354342,0.8168748846720884,0.7584185888691103,0.33944602329179546,16,5,4,1,0.6020698061579122,0.6490661411255695,0.26156161702042857,66.76
MEDIUM,0.390632142321296,0.27296703729375044,0.4293884167576916,0.3261086579199004,0.2198672811665201,0.46403388144345326,0.6020177704880767,0.2986744929091567,0.21544160284387964,8,4,2,2,0.27296703729375044,0.4293884167576916,0.2198672811665201,44.68
HIGH,0.5962600894533153,0.5972810877455973,0.6346978302953767,0.6040807999592597,0.5811886146665359,0.8272565426843973,0.9563819602084023,0.6285433820651918,0.6385934507315877,18,8,8,0,0.5972810877455973,0.6346978302953767,0.5811886146665359,85.7
MEDIUM,0.452797157766595,0.5479739579785634,0.4775164024205863,0.42327291893709273,0.1463420338991995,0.3461203065030156,0.20944795867094368,0.7652362379521496,0.3370214185500974,10,7,1,6,0.5479739579785634,0.4775164024205863,0.1463420338991995,25.18
MEDIUM,0.33708715284084423,0.22402526607568388,0.16868835717381045,0.20927456146253748,0.338089783382337,0.4155358453194975,0.40196770581849534,0.4569784223605759,0.41479768678142565,8,8,3,5,0.22402526607568388,0.16868835717381045,0.338089783382337,28.96
HIGH,0.820390926205663,0.9705136361372224,0.9363758726353395,0.6482658674237776,0.5305709724579527,0.7572664081735482,0.9003327311024926,0.7426115920845087,0.3427222554757543,18,5,5,0,0.9705136361372224,0.9363758726353395,0.5305709724579527,82.93
MEDIUM,0.31756310307324476,0.34880107453822196,0.25175928815616505,0.33689315444796875,0.12442143587662094,0.3695537529352266,0.288369980892397,0.6348760326442648,0.34778278935467705,8,7,2,5,0.34880107453822196,0.25175928815616505,0.12442143587662094,34.43
MEDIUM,0.587617563796291,0.540922149597155,0.5916708870106573,0.6197934770760136,0.35632538372601963,0.43763511733439564,0.5356701836494541,0.23327793202334995,0.34788710370026604,8,5,3,2,0.540922149597155,0.5916708870106573,0.35632538372601963,52.29
HIGH,0.7449517145652084,0.7157564774665702,0.6913412552590255,0.7884498069483026,0.5801676007110831,0.7275375732371931,0.8594183808952773,0.5313895415513884,0.5280431819487452,18,7,6,1,0.7157564774665702,0.6913412552590255,0.5801676007110831,81.11
MEDIUM,0.33807300315731653,0.3971921589202478,0.2891446111617633,0.2858532182708333,0.31391256851778016,0.42107254655892734,0.6080984081487847,0.0,0.28106750834828287,7,8,5,3,0.3971921589202478,0.2891446111617633,0.31391256851778016,38.86
LOW,0.0,0.0,0.022579769741372,0.0,0.0,0.06647390467666664,0.0,0.07573758274686523,0.256631940636468,1,8,0,8,0.0,0.022579769741372,0.0,0.0
MEDIUM,0.4242009875772793,0.4983326615088796,0.4619519596182238,0.44729104850259555,0.28306267604734897,0.4574659091067306,0.4980902942909405,0.5334341770463324,0.25962448561449925,9,10,5,5,0.4983326615088796,0.4619519596182238,0.28306267604734897,44.42
HIGH,0.6031465076947994,0.6438647984589839,0.551122275829417,0.6058207520425974,0.3735398416718344,0.8237217275255274,0.8893670268693538,0.8382861587619734,0.6122213982576025,14,6,5,1,0.6438647984589839,0.551122275829417,0.3735398416718344,80.53
HIGH,0.6325555020612902,0.7598607406998532,0.6976350970428579,0.5825093928305066,0.3705633198613038,0.7859385691483605,0.8817749429029402,0.5836291177851681,0.7007388992478133,19,10,9,1,0.7598607406998532,0.6976350970428579,0.3705633198613038,80.65
MEDIUM,0.45699128739198414,0.4892007817415113,0.5045262917193667,0.49599974528389484,0.24201351832680973,0.3705023926742871,0.4483435363980907,0.29228106766278994,0.21520028651437334,8,5,2,3,0.4892007817415113,0.5045262917193667,0.24201351832680973,43.8
LOW,0.17590832882724636,0.16116546344703617,0.19046388310804152,0.08935453293543365,0.0,0.1736975478255669,0.2623669395240692,0.0,0.08138692055562695,3,7,2,5,0.16116546344703617,0.19046388310804152,0.0,9.02
LOW,0.04005077994090998,0.1101773065595299,0.0,0.15154767184629545,0.0,0.3482711863213305,0.49236735656417496,0.061023217052284515,0.2032306448618428,6,10,5,5,0.1101773065595299,0.0,0.0,8.81
HIGH,0.7787370166444288,0.7448595683069514,0.7132183344003701,0.821719097600921,0.45539826751052526,0.7530747768485213,0.8736814166598398,0.6714211729744387,0.4729084612886479,19,7,6,1,0.7448595683069514,0.7132183344003701,0.45539826751052526,81.83
LOW,0.1824874861931278,0.21884388527305318,0.09977839157921872,0.21666471822979871,0.15332325934111352,0.09925812904038654,0.0,0.2794255603408762,0.21686508486105652,2,6,0,6,0.21884388527305318,0.09977839157921872,0.15332325934111352,4.86
LOW,0.33642829537022556,0.2989519965100341,0.4661728496349309,0.27047602573932417,0.22427959820248586,0.2491279859716056,0.3520655127892839,0.067676052036117,0.12176733945405926,4,10,4,6,0.2989519965100341,0.4661728496349309,0.22427959820248586,11.52
LOW,0.2583432749437875,0.289445545903597,0.34327632879027475,0.2364196974251803,0.037766566700597,0.10579001898363408,0.0,0.3867962534351701,0.14215384148300023,3,8,0,8,0.289445545903597,0.34327632879027475,0.037766566700597,0.0
MEDIUM,0.6591996153589491,0.7118673982271266,0.5981118027487142,0.56105438911229,0.40987031985680766,0.5090586661606262,0.5026854029165683,0.7598292071693407,0.2774079148840854,11,6,3,3,0.7118673982271266,0.5981118027487142,0.40987031985680766,61.63
LOW,0.24021655344526144,0.33692982962698703,0.2513102561053225,0.17645134129728707,0.11526454365466798,0.04285958430757385,0.0009396828005765652,0.08661647658974647,0.12486239654639306,4,6,0,6,0.33692982962698703,0.2513102561053225,0.11526454365466798,7.52
MEDIUM,0.2373284929790931,0.1586065887627876,0.3631833255198349,0.3086022298232821,0.3285011646411939,0.4225990350067018,0.5515313929844132,0.3081021344075444,0.15029886167272513,10,9,5,4,0.1586065887627876,0.3631833255198349,0.3285011646411939,23.95
MEDIUM,0.43483852765625275,0.5413170431800676,0.3077925547648437,0.6498875062852865,0.26705992318384,0.5463609170435124,0.6560776034911039,0.5232545823893024,0.24031719235494772,15,10,7,3,0.5413170431800676,0.3077925547648437,0.26705992318384,47.3
LOW,0.20453068234847427,0.19529116653364745,0.31598109001643704,0.26074413714408057,0.1361291206976229,0.17379263744884463,0.2727293550449208,0.0,0.05077512210946067,4,9,2,7,0.19529116653364745,0.31598109001643704,0.1361291206976229,10.2
HIGH,0.7867939858025264,0.7477276318768188,0.7755915341262248,0.8194677207016121,0.5058922347761321,0.8032375094384937,1.0,0.4282547731415422,0.5879327740509264,17,9,9,0,0.7477276318768188,0.7755915341262248,0.5058922347761321,81.54
HIGH,0.7811998512785174,0.7412120114762891,0.695686156325774,0.8732466334379595,0.5867695431885209,0.9110677693129616,0.9806285944391614,0.8018663462534881,0.8115867169938359,20,10,10,0,0.7412120114762891,0.695686156325774,0.5867695431885209,93.38
HIGH,0.6545873836162166,0.5415873515669927,0.6316983290668935,0.6981901266989926,0.45160899801797755,0.7169938457968639,0.8120505277401047,0.345396133506337,0.8034215122576681,13,9,7,2,0.5415873515669927,0.6316983290668935,0.45160899801797755,69.85
HIGH,0.7620462359645894,0.5390808064423068,0.9742295710035449,0.6141065175413591,0.5128311706375294,0.702822341639078,0.809327655997372,0.5019995780053573,0.5841291621979166,12,4,3,1,0.5390808064423068,0.9742295710035449,0.5128311706375294,79.95
LOW,0.060971494005784437,0.049827085833325055,0.033904174801674375,0.013353280379026916,0.0,0.19223621232293156,0.2623021497423346,0.15952635114417305,0.014748261243481003,4,6,2,4,0.049827085833325055,0.033904174801674375,0.0,0.0
HIGH,0.8468046528616062,0.8420188383633411,0.749715343466467,0.8781729326473461,0.5749977840511626,0.8083902747822485,0.8879874370006949,0.7450645745757578,0.6329244883333992,17,8,7,1,0.8420188383633411,0.749715343466467,0.5749977840511626,100.0
HIGH,0.7833546118065168,0.7938510874769324,0.7028951529349189,0.8735455226812363,0.5627776429363639,0.7193818876032663,0.8538264788941493,0.6013719092824611,0.43405809205142226,20,10,9,1,0.7938510874769324,0.7028951529349189,0.5627776429363639,82.42
HIGH,0.6039493925454474,0.6005265466554258,0.54949588236546,0.43354358104476576,0.28147188511580645,0.7155790234133055,0.8405883728384569,0.4714067235972294,0.5847232749539278,17,10,8,2,0.6005265466554258,0.54949588236546,0.28147188511580645,75.05
MEDIUM,0.43373554479020665,0.429656570447999,0.5211104510969602,0.4422065113567809,0.3169717728089575,0.3013707058495989,0.30177353274881186,0.170018658157849,0.4315142728437099,8,4,1,3,0.429656570447999,0.5211104510969602,0.3169717728089575,37.79
HIGH,0.6167951023592712,0.7684715263471358,0.7297075668776248,0.6072398406357914,0.4452157445967277,0.7382009652636881,0.8483054911271782,0.676956795565221,0.4691315573716846,21,8,7,1,0.7684715263471358,0.7297075668776248,0.4452157445967277,69.37
HIGH,0.5633627952015026,0.5735322157906609,0.5024911828420794,0.5830910465601055,0.23240364732819713,0.7718365458105784,0.9552200107660705,0.43796702564139894,0.5555556711132807,19,7,7,0,0.5735322157906609,0.5024911828420794,0.23240364732819713,74.16
LOW,0.25607424000624196,0.37010671379124027,0.2393703834924083,0.2837144839654677,0.30111632690626494,0.23053002453713922,0.3085951938300858,0.15309932781845692,0.07376521337698176,5,8,2,6,0.37010671379124027,0.2393703834924083,0.30111632690626494,23.06
MEDIUM,0.36074892307740364,0.2884182200157863,0.4271249723358161,0.2863909213124021,0.33428458675635725,0.5248410806386904,0.631853551468152,0.2409816311268439,0.487663117662152,10,5,3,2,0.2884182200157863,0.4271249723358161,0.33428458675635725,46.31
MEDIUM,0.6410255562985936,0.7188025566361926,0.6067686216255506,0.5638479110792819,0.29181121502517693,0.6101287541084391,0.9123169242715586,0.1653236251676312,0.1483693725598889,9,9,8,1,0.7188025566361926,0.6067686216255506,0.29181121502517693,63.11
HIGH,0.7464210594819379,0.7155114627027873,0.7478855933164483,0.7110234170659376,0.5162949607004526,0.7055672055549492,0.8390550893952279,0.5339521360945145,0.4767186234945481,17,7,6,1,0.7155114627027873,0.7478855933164483,0.5162949607004526,77.97
MEDIUM,0.3066727448948915,0.2940906134444422,0.47909575275805516,0.22445632859916767,0.19854848245602,0.45264211329151594,0.5633080620576494,0.32827156519097,0.24501481509366135,12,10,6,4,0.2940906134444422,0.47909575275805516,0.19854848245602,34.74
MEDIUM,0.5572737986167184,0.6840262652546435,0.6637573159597852,0.7432581153843916,0.5118257871724221,0.45069271608038786,0.44958298352087406,0.5194624083611658,0.3852522214781514,9,12,5,7,0.6840262652546435,0.6637573159597852,0.5118257871724221,43.88
MEDIUM,0.5115054124920162,0.49432567932403865,0.5498629168272873,0.3986783576055023,0.43737643690000105,0.5314385508339612,0.580908927277915,0.38043857635438094,0.5340273959816796,10,7,4,3,0.49432567932403865,0.5498629168272873,0.43737643690000105,52.33
MEDIUM,0.7166164685571335,0.7217210359502334,0.6712340845980724,0.8662886921929112,0.4708626514460972,0.2559821186370025,0.3092232779186418,0.20183125871422974,0.15040950071485729,4,4,1,3,0.7217210359502334,0.6712340845980724,0.4708626514460972,46.43
HIGH,0.7629401612062064,0.8096469058564998,0.6914833607903889,0.8337348221633356,0.6731813964842179,0.7854874890533332,0.9315656713236928,0.734503507259585,0.3982369240360026,23,10,9,1,0.8096469058564998,0.6914833607903889,0.6731813964842179,86.88
HIGH,0.6838005144012157,0.6501668572002087,0.6549645421483922,0.7356391594967404,0.5066067712478851,0.8222869475022782,0.9803149284777095,0.7241805089556442,0.4463094431226181,16,7,7,0,0.6501668572002087,0.6549645421483922,0.5066067712478851,82.06
MEDIUM,0.6845879509977154,0.7515160470334423,0.6940890547444049,0.5756557734373638,0.5012123962714091,0.4155736826283303,0.43149890553444203,0.676104379313184,0.10726731722514128,9,9,4,5,0.7515160470334423,0.6940890547444049,0.5012123962714091,46.53
HIGH,0.8021968688782097,0.7973416528036832,0.863094192892732,0.7491992609892415,0.5860916466920688,0.8286856863056578,0.9801765931550293,0.7164198956279976,0.48647875643520333,19,7,7,0,0.7973416528036832,0.863094192892732,0.5860916466920688,82.03
LOW,0.2601588759811736,0.2250273884178298,0.14391422027319845,0.3682243693445264,0.07215118439883073,0.12848769039860053,0.1760683984016434,0.0380479356312902,0.07618532115678234,3,6,1,5,0.2250273884178298,0.14391422027319845,0.07215118439883073,9.49
LOW,0.13908317884582777,0.30972492044176464,0.0,0.01227238621204424,0.27266670996372233,0.20785912663434936,0.25688500009356613,0.13413860830560753,0.1345020245854409,4,9,2,7,0.30972492044176464,0.0,0.27266670996372233,2.14
HIGH,0.7660678211538232,0.8803423128930097,0.9072071073059165,0.7925059075252842,0.41349257304445786,0.8073851432480195,1.0,0.4463700129994118,0.5905557032406857,15,7,7,0,0.8803423128930097,0.9072071073059165,0.41349257304445786,88.71
HIGH,0.751324149126813,0.6860692459137434,0.7373981518968402,0.689761350739557,0.5060197455910226,0.8380740888591145,0.8904990220106073,1.0,0.5188733782637511,19,4,4,0,0.6860692459137434,0.7373981518968402,0.5060197455910226,90.27
LOW,0.15627846331389053,0.08052441082933967,0.3113223110808099,0.16042605440669347,0.0,0.2102236711308902,0.239328803994229,0.2206171702034841,0.11251477346827979,2,6,1,5,0.08052441082933967,0.3113223110808099,0.0,3.78
LOW,0.19283359447631754,0.058535641302027125,0.22356430854387466,0.20411653732220172,0.09009396944508916,0.08391685460906703,0.0775511892693427,0.0,0.18693070523730707,2,8,1,7,0.058535641302027125,0.22356430854387466,0.09009396944508916,3.8
HIGH,0.6531605336571759,0.6366941852987137,0.7463534780911792,0.7663277470827048,0.33500317478404806,0.8487449039437506,0.8833392933513774,0.817857071798733,0.7758495678658877,20,12,11,1,0.6366941852987137,0.7463534780911792,0.33500317478404806,89.11
LOW,0.3044416638875739,0.3675039583532768,0.20332454048239282,0.3484395804177479,0.3136788238382306,0.13362249309186366,0.19758136939666016,0.07536835726933792,0.0,3,9,2,7,0.3675039583532768,0.20332454048239282,0.3136788238382306,6.21
HIGH,0.7154503249127773,0.6707594617885636,0.7156644951135686,0.5754557131365013,0.6357573971241396,0.6777564930574649,0.9012727427973029,0.4301292987019379,0.25483493819347813,19,10,9,1,0.6707594617885636,0.7156644951135686,0.6357573971241396,77.73
HIGH,0.786089839629671,0.8016448852339536,0.7657527022490457,0.7527185117404505,0.5923570901312897,0.8713193308893625,1.0,0.6294193657368059,0.7271772887100068,20,9,9,0,0.8016448852339536,0.7657527022490457,0.5923570901312897,100.0
LOW,0.3678609244388215,0.30405183176947287,0.5432355246113247,0.36128358090922497,0.23475352913182437,0.029192153161434226,0.0,0.1326290824553823,0.01333168335178883,1,9,0,9,0.30405183176947287,0.5432355246113247,0.23475352913182437,19.4
MEDIUM,0.7235845890899492,0.6417426665705481,0.8475189286665872,0.579367595727323,0.5273167600103938,0.37283974376539825,0.4552565320087074,0.2604086929499285,0.23802042985094052,5,6,3,3,0.6417426665705481,0.8475189286665872,0.5273167600103938,50.94
HIGH,0.8163694356626018,0.8399974673922861,0.9096926517661527,0.6981152859060338,0.528161664392947,0.8071876635983825,0.956880393530914,0.7186381511582717,0.4466589862408987,19,10,10,0,0.8399974673922861,0.9096926517661527,0.528161664392947,83.58
LOW,0.20061693653342358,0.15878394973113477,0.15606745451365517,0.11503319254888772,0.10085703096751,0.2594291939072962,0.3320011322584923,0.12445504629881643,0.17668752646218763,4,9,3,6,0.15878394973113477,0.15606745451365517,0.10085703096751,3.5
LOW,0.13287641889024804,0.07298978926691527,0.21135801303902568,0.2105234962382242,0.31420145725083815,0.16242131708606264,0.10835345945691376,0.2597448306064415,0.22730137645313042,4,8,1,7,0.07298978926691527,0.21135801303902568,0.31420145725083815,12.25
MEDIUM,0.4336329867342429,0.3834459930448467,0.24482990524120052,0.4392707160533212,0.23255615796862739,0.3452747961005518,0.3886977064574759,0.4344383300288629,0.12584253110146823,11,10,4,6,0.3834459930448467,0.24482990524120052,0.23255615796862739,27.86
MEDIUM,0.307173468701491,0.36720055697072107,0.3221626079855922,0.3281214650686545,0.26521046605835674,0.3643959227508107,0.4536376879162414,0.046188345015813155,0.41487820498951566,6,9,4,5,0.36720055697072107,0.3221626079855922,0.26521046605835674,24.92
LOW,0.31387008030839403,0.2687053733938344,0.19476919667365394,0.20849286914065374,0.1885364549203647,0.24117667970569837,0.37547805599445905,0.027155458785863187,0.05229377175925157,3,7,3,4,0.2687053733938344,0.19476919667365394,0.1885364549203647,17.87
LOW,0.30843599563269514,0.2968503093919234,0.506766761610722,0.21455031574869393,0.3748918141253774,0.24562221866192416,0.3669614477583784,0.05883159911543511,0.0683951509190506,2,6,2,4,0.2968503093919234,0.506766761610722,0.3748918141253774,17.94
LOW,0.039764473305883535,0.22324489917195262,0.01900312473283856,0.04501345548325861,0.0,0.13357086414729963,0.16795885530897992,0.06421218887557915,0.09976556593397917,3,8,1,7,0.22324489917195262,0.01900312473283856,0.0,0.49
LOW,0.19901891781945658,0.21751912222792785,0.17971446320479487,0.27926785656646846,0.17157548542521206,0.1431125783240928,0.18103101745845193,0.08120898654486794,0.09126085270024024,2,8,1,7,0.21751912222792785,0.17971446320479487,0.17157548542521206,3.61
LOW,0.282807599254817,0.42551614628687673,0.23451722240323614,0.3361226972669855,0.007051587850103652,0.18394180302441934,0.2994851678026265,0.0,0.021253511714217174,3,9,3,6,0.42551614628687673,0.23451722240323614,0.007051587850103652,8.76
HIGH,0.7729625991918525,0.698331367478433,0.7686302100540496,0.7426700964287056,0.623062896567198,0.7723715983488756,0.9678337403266275,0.2829436405127775,0.6754131302517178,15,7,7,0,0.698331367478433,0.7686302100540496,0.623062896567198,75.65
LOW,0.4551348953621102,0.46530814026491285,0.41834707795040166,0.43656199658806694,0.17169143102967516,0.25380065225500764,0.373875594339735,0.13128831075966105,0.016088167496172263,4,6,2,4,0.46530814026491285,0.41834707795040166,0.17169143102967516,31.21
LOW,0.31134093418671716,0.30401025003016485,0.2369214633861494,0.2739257000608789,0.392794041643673,0.06065211800397152,0.03341439961455954,0.026810704405385334,0.17620668677079365,0,8,0,8,0.30401025003016485,0.2369214633861494,0.392794041643673,12.25
HIGH,0.7331390668518081,0.684147339845127,0.6964746972650594,0.75591315207568,0.38200444067492767,0.9023454471508671,1.0,0.9900418177351678,0.5216854180191676,23,9,9,0,0.684147339845127,0.6964746972650594,0.38200444067492767,100.0
HIGH,0.5264462486641207,0.5012019535979192,0.5665013087827783,0.48690886491196617,0.546789048568921,0.8034651938719134,1.0,0.486813971748254,0.5305119976113132,16,7,7,0,0.5012019535979192,0.5665013087827783,0.546789048568921,72.29
MEDIUM,0.3433842403519399,0.13404427195547877,0.21502079377315428,0.2611201113354015,0.17479980934665074,0.40458752566797646,0.578076160092282,0.13404121889422807,0.15466792916880817,5,6,3,3,0.13404427195547877,0.21502079377315428,0.17479980934665074,35.14
HIGH,0.768905681697381,0.6897433308918113,0.7402979514309993,0.7253038673040395,0.6191224747919234,0.7869655794630025,0.8876576579185836,0.8601393446798389,0.411715578879423,17,8,7,1,0.6897433308918113,0.7402979514309993,0.6191224747919234,78.27
HIGH,0.8732927758235223,0.8050600715894316,0.863096377276501,0.7683142462561182,0.4653821658860646,0.7144785747440259,0.837019813652568,0.5600033976741638,0.501330035088262,13,8,7,1,0.8050600715894316,0.863096377276501,0.4653821658860646,75.74
MEDIUM,0.2870105912526555,0.2585989356650498,0.3104380920477009,0.2244292374907619,0.23505985349294362,0.36741583536688416,0.3218310580922454,0.5276899145864411,0.3438960879712435,11,8,3,5,0.2585989356650498,0.3104380920477009,0.23505985349294362,21.84
HIGH,0.8372544284097245,0.9845156925885081,0.7817794119203035,0.8281549694410993,0.6905823542129526,0.8187622666023235,0.8937483998551382,0.7689177017475968,0.643648431698606,18,7,6,1,0.9845156925885081,0.7817794119203035,0.6905823542129526,88.67
HIGH,0.6010347353571599,0.5488413814054504,0.6753163234213683,0.6779433883422261,0.49571560658217373,0.8242998168323232,0.9352088562612495,0.732565261431288,0.5833072539465797,19,9,8,1,0.5488413814054504,0.6753163234213683,0.49571560658217373,70.26
MEDIUM,0.3265294050621549,0.4151010056744756,0.4588574133488439,0.1530055714291809,0.3850520447306745,0.5204689280942232,0.5630082060297295,0.5525439638317404,0.3607760585501876,12,11,6,5,0.4151010056744756,0.4588574133488439,0.3850520447306745,26.31
HIGH,0.7515656046106806,0.7342887164879319,0.8041841423828942,0.746309813519445,0.4665449913159893,0.7171101418925201,0.8131217293350768,0.5716369234933312,0.5745485979640393,10,4,3,1,0.7342887164879319,0.8041841423828942,0.4665449913159893,61.75
HIGH,0.8197314734287223,0.7248421628904155,0.8759842530976287,1.0,0.7191658445258406,0.7878736332321545,0.910681070431297,0.8216868911592965,0.385638063707585,16,5,5,0,0.7248421628904155,0.8759842530976287,0.7191658445258406,90.41
HIGH,0.6431237858598684,0.6585954246088,0.6558527103841063,0.632612257413751,0.44293916248850773,0.7548436797333815,0.8316236397888351,0.7059414816769927,0.5734059976234094,17,7,6,1,0.6585954246088,0.6558527103841063,0.44293916248850773,77.67
LOW,0.09575566799392757,0.1037273293428869,0.022841142964851374,0.10348004769791423,0.0,0.2860702185554196,0.35325960048257427,0.1783331469019842,0.19223914442739115,6,10,4,6,0.1037273293428869,0.022841142964851374,0.0,7.76
MEDIUM,0.4301856419793102,0.3218191905815503,0.5107829806725762,0.44168769544040787,0.45172436178341535,0.5176941109350004,0.5864454516971274,0.34599970253065737,0.48313449705296274,7,5,3,2,0.3218191905815503,0.5107829806725762,0.45172436178341535,42.17
MEDIUM,0.5547811713619923,0.5101876982433572,0.6272106146937183,0.5859080906607607,0.449061066616163,0.3905983819702131,0.48169007787390294,0.19715037120299028,0.31077130502636646,9,10,5,5,0.5101876982433572,0.6272106146937183,0.449061066616163,32.12
HIGH,0.7204163015323827,0.6760908987380997,0.7146770545412034,0.7013139989524899,0.4598483136042133,0.8634494289538397,0.923504284860761,0.7609008168288214,0.7858334733580941,23,10,9,1,0.6760908987380997,0.7146770545412034,0.4598483136042133,80.17
MEDIUM,0.44826836931358105,0.516910548845509,0.5043613067663354,0.5451788950997071,0.06013332262098603,0.549130105313764,0.7379465342326312,0.41709252528592805,0.11471839858499845,13,9,7,2,0.516910548845509,0.5043613067663354,0.06013332262098603,55.12
HIGH,0.7430275368430715,0.6252015289654967,0.7315854352604388,0.6136159231750002,0.5850254638460393,0.7742267912451292,1.0,0.4017096074895349,0.46942434873611083,13,6,6,0,0.6252015289654967,0.7315854352604388,0.5850254638460393,84.28
LOW,0.2652530172699025,0.3504833988759805,0.3533937581762447,0.17579852964033071,0.3242700065362041,0.29408576602034947,0.3759286741851487,0.2552679931237169,0.08737481442258435,4,6,2,4,0.3504833988759805,0.3533937581762447,0.3242700065362041,12.75
LOW,0.28478518564904254,0.3893098609280301,0.24594061634005443,0.2816901242826194,0.18893087461418517,0.134780384550894,0.12376637001618333,0.17357495297606193,0.12902785972985806,3,8,1,7,0.3893098609280301,0.24594061634005443,0.18893087461418517,14.09
LOW,0.11615100438781428,0.18785728828724996,0.13658029380225903,0.08138170878939308,0.104728672216087,0.18969956161172347,0.2413372972070064,0.2081783667164124,0.01630754972118558,5,11,3,8,0.18785728828724996,0.13658029380225903,0.104728672216087,3.84
MEDIUM,0.32983586899889045,0.190562678298351,0.38402785942762674,0.4883067810326476,0.06912357341564176,0.403429529323967,0.4074358126104463,0.5003166378290667,0.2945235709594292,10,10,4,6,0.190562678298351,0.38402785942762674,0.06912357341564176,24.6
MEDIUM,0.16414926932928445,0.07267052167740726,0.24001161926678058,0.25950125686359204,0.2555210940397307,0.41443808447983155,0.6161304019672049,0.0,0.22379921649754297,13,11,7,4,0.07267052167740726,0.24001161926678058,0.2555210940397307,28.25
MEDIUM,0.2932108960110522,0.2899603688143737,0.2943954574694732,0.41845608161836845,0.22802675721995766,0.4740377239393123,0.5525021768321158,0.3646990296286917,0.34798305957152237,9,9,5,4,0.2899603688143737,0.2943954574694732,0.22802675721995766,23.4
MEDIUM,0.25307504466771796,0.3840948414040998,0.10022074888742197,0.20631175404123628,0.2743379283257473,0.41760597356559487,0.550051283361741,0.08670463924763179,0.35117137849511953,8,8,4,4,0.3840948414040998,0.10022074888742197,0.2743379283257473,19.95
HIGH,0.6418078388047644,0.8365704523126971,0.6226064666594227,0.6119072824992356,0.3951018726145562,0.7830637030097634,1.0,0.3221866244208867,0.5931318906279301,13,8,8,0,0.8365704523126971,0.6226064666594227,0.3951018726145562,71.77
HIGH,0.6135606780343912,0.6343257922919946,0.7518929363292993,0.627208732211778,0.28414122677162423,0.719483907025667,0.8322562990522488,0.5929188522509475,0.5077317857206409,18,8,7,1,0.6343257922919946,0.7518929363292993,0.28414122677162423,78.55
LOW,0.08478055531240901,0.17708504573229436,0.18582252145489092,0.10337600283288656,0.034706949197790125,0.18060174470994184,0.2747055683058874,0.078892018632047,0.0,4,9,2,7,0.17708504573229436,0.18582252145489092,0.034706949197790125,13.26
MEDIUM,0.3841303639699126,0.3256696885337074,0.4022235892388145,0.4039543285981512,0.27742951074932026,0.47690446969882566,0.5672284057429323,0.3574272030753932,0.32540992818993797,12,9,5,4,0.3256696885337074,0.4022235892388145,0.27742951074932026,29.59
MEDIUM,0.3992870256134811,0.35403323703747647,0.27000451238899903,0.4012248220817181,0.32743295488396557,0.45572519274303724,0.5267350372151692,0.3482084207205829,0.35021243134909574,10,11,6,5,0.35403323703747647,0.27000451238899903,0.32743295488396557,26.35
LOW,0.38835612633699457,0.29548408166272355,0.4403669819834173,0.48098918467980367,0.035295866496470124,0.19732687121919515,0.24922670283301823,0.16034106370730952,0.07861318388961167,3,7,2,5,0.29548408166272355,0.4403669819834173,0.035295866496470124,17.03
MEDIUM,0.39110675486918794,0.3635487346545923,0.4863701007769182,0.29395245255597713,0.09886888608127248,0.5516123742578842,0.7310177660851473,0.31159644813188353,0.2534121249020957,11,8,6,2,0.3635487346545923,0.4863701007769182,0.09886888608127248,45.98
HIGH,0.6037737426191103,0.5796276483911754,0.42659804219633013,0.6975527134082123,0.40503285017741425,0.8444235105029454,0.9536083273389727,0.74531491685325,0.6159776536445587,19,8,8,0,0.5796276483911754,0.42659804219633013,0.40503285017741425,74.04
HIGH,0.6898894066494745,0.6355072962178132,0.8039265405094287,0.7199009609940433,0.4112744456425782,0.7706542512836821,0.8782767649195536,0.6766013163976199,0.54183964526213,18,9,8,1,0.6355072962178132,0.8039265405094287,0.4112744456425782,71.3
HIGH,0.6626390955108008,0.7074785119186694,0.6336495727457145,0.7615642245832188,0.45915869692767064,0.9113070223347595,1.0,0.8803806878528612,0.676154423820936,17,6,6,0,0.7074785119186694,0.6336495727457145,0.45915869692767064,93.74
MEDIUM,0.5165231885998761,0.40549220419062637,0.6700263830485215,0.45321323639464284,0.1621237178448936,0.332355680120756,0.49733113932624,0.0,0.16978498262505998,8,13,6,7,0.40549220419062637,0.6700263830485215,0.1621237178448936,22.93
LOW,0.11021962549680249,0.1793811614707169,0.03905604314591926,0.1318783223076152,0.0,0.35487440806574666,0.5118833773748664,0.15036237200273145,0.0883595362014026,5,7,4,3,0.1793811614707169,0.03905604314591926,0.0,21.01
LOW,0.36783288504619516,0.32362376842849605,0.19747937251512146,0.2745554673758036,0.3502554815322504,0.15786806714540183,0.1697211132090396,0.08659183998636291,0.19358515611352742,4,6,1,5,0.32362376842849605,0.19747937251512146,0.3502554815322504,10.75
LOW,0.16088647492303415,0.14156254093457893,0.22649716752393634,0.22072845953763412,0.09607773390566542,0.16745534043397603,0.14340515960062575,0.2599147584481654,0.14714646491983752,3,7,1,6,0.14156254093457893,0.22649716752393634,0.09607773390566542,13.04
MEDIUM,0.43037364058486965,0.43957165462987713,0.45739739055582895,0.4258385087904079,0.42163023509370817,0.6276092433990459,0.7389007714317981,0.4563776238403599,0.4649662788594753,13,8,6,2,0.43957165462987713,0.45739739055582895,0.42163023509370817,60.43
MEDIUM,0.5599198977286013,0.610415033255136,0.7164901469796482,0.516744234907362,0.37642184965399983,0.37824084226897703,0.5178234285024799,0.27638657104723807,0.06134735479020764,9,11,6,5,0.610415033255136,0.7164901469796482,0.37642184965399983,38.79
LOW,0.3067238490124098,0.35638110746998886,0.24389216613719394,0.21584689508368515,0.23414104075685746,0.1008125621267172,0.11591185034208455,0.04258409039136271,0.11374316921596965,1,10,1,9,0.35638110746998886,0.24389216613719394,0.23414104075685746,3.12
HIGH,0.7539252580258082,0.8709456733746582,0.6682188901623121,0.7284878899241778,0.6453262831255913,0.7825448739522902,1.0,0.4513818001382492,0.461342569623202,17,9,9,0,0.8709456733746582,0.6682188901623121,0.6453262831255913,78.45
MEDIUM,0.6359303944487733,0.5311718108408224,0.7557971230711343,0.5899488569621423,0.4797304682399611,0.6090497234344714,0.7886276081652791,0.41506471846042237,0.2643010742160974,12,9,7,2,0.5311718108408224,0.7557971230711343,0.4797304682399611,66.89
MEDIUM,0.5533383476386846,0.4417998122346673,0.47225661771119054,0.44062407364924894,0.3816939004274452,0.26808809079479656,0.3205692671785345,0.21163368498663612,0.16709896745174305,6,11,4,7,0.4417998122346673,0.47225661771119054,0.3816939004274452,22.41
HIGH,0.868682115456166,0.8593967491165112,0.8655845709380009,0.9719427123424441,0.6959004146409609,0.7880692798762418,0.9340331987689514,0.5335318543199613,0.6047149487543936,13,5,5,0,0.8593967491165112,0.8655845709380009,0.6959004146409609,96.4
HIGH,0.7437484699335375,0.5894001722234048,0.6470907476948855,0.689390675644412,0.5034540258196045,0.7525428015481531,0.799967107959523,0.6007372552835536,0.7620754285786427,17,9,7,2,0.5894001722234048,0.6470907476948855,0.5034540258196045,68.18
LOW,0.07718035744569618,0.0,0.08318317842501691,0.10789122179828492,0.0,0.23135322627566007,0.2177503207890977,0.24689938162322836,0.25661578738777896,4,10,2,8,0.0,0.08318317842501691,0.0,10.51
HIGH,0.499277186220944,0.6178427092446573,0.455710240573499,0.4564801498259448,0.31400123309606903,0.7440783316807027,0.9256067311020605,0.4277491492602467,0.5158223158370858,17,9,8,1,0.6178427092446573,0.455710240573499,0.31400123309606903,71.14
HIGH,0.7693709952462657,0.8538842850064942,0.8490861402192826,0.8035798138737166,0.6324489575447539,0.9210445177186761,0.9696848467291784,1.0,0.696168048405845,18,8,8,0,0.8538842850064942,0.8490861402192826,0.6324489575447539,90.47
LOW,0.2511422567725868,0.19512175715744284,0.3465164304942191,0.1399772163009631,0.012547066109169114,0.11342046644546465,0.18378607904895813,0.015744095080448838,0.0,1,7,1,6,0.19512175715744284,0.3465164304942191,0.012547066109169114,8.03
MEDIUM,0.3853038770099913,0.3849146195522879,0.4664432026688253,0.5029635142490946,0.2844894701554004,0.4845213668789311,0.583831467815578,0.31336259654083176,0.3577498344070894,13,9,5,4,0.3849146195522879,0.4664432026688253,0.2844894701554004,22.93
HIGH,0.7339189869127644,0.7318162703093954,0.6587851443450754,0.6299696525735261,0.5943755334418213,0.6940292881609856,0.8394459319682869,0.2990199016988796,0.6527887432011878,16,9,8,1,0.7318162703093954,0.6587851443450754,0.5943755334418213,64.67
MEDIUM,0.5958705120623047,0.46669456918000074,0.4707523027231372,0.5456492862293119,0.4144449897642927,0.46717840686390094,0.475556215317433,0.4785633150334039,0.43066007333380163,11,9,4,5,0.46669456918000074,0.4707523027231372,0.4144449897642927,44.42
HIGH,0.5706441300185304,0.48840479341032017,0.4625706518607763,0.5587637464216437,0.4226786941384085,0.6923340155363292,0.7840590092174899,0.6645190094204015,0.444974040608775,14,6,5,1,0.48840479341032017,0.4625706518607763,0.4226786941384085,58.59
MEDIUM,0.4298394698341287,0.4950565943931357,0.3943597616656271,0.3973845848834338,0.4882258929652356,0.4050123841890574,0.3065409292479492,0.6068962486839399,0.49854288451749923,9,10,3,7,0.4950565943931357,0.3943597616656271,0.4882258929652356,40.23
HIGH,0.6294214414289279,0.5983599738935947,0.5838059422994448,0.5536915914353613,0.5515957924111459,0.7070380741717283,0.8381241317902574,0.6440706022157254,0.3767473732721436,15,8,7,1,0.5983599738935947,0.5838059422994448,0.5515957924111459,62.12
HIGH,0.8056972265180935,0.8409303215372772,0.8464268574087143,0.795303852119773,0.5304240320476137,0.8154740838616359,0.9632912510795388,0.5373645675358396,0.6501320985337236,17,10,10,0,0.8409303215372772,0.8464268574087143,0.5304240320476137,82.12
HIGH,0.5533037374246587,0.51575151889395,0.6574197164022191,0.46965769403783086,0.5198322270626559,0.8128311524506819,0.8653244433637538,1.0,0.4681824321621487,17,8,7,1,0.51575151889395,0.6574197164022191,0.5198322270626559,73.4
HIGH,0.7474536685138979,0.8297590908480938,0.6422065244346953,0.7998399447665312,0.4260732362876814,0.7308442769304393,0.7930145189573719,0.6977532277707112,0.5774246000093697,17,8,6,2,0.8297590908480938,0.6422065244346953,0.4260732362876814,79.99
LOW,0.08096570016941647,0.20112699980543447,0.2315506193450626,0.051667298853253704,0.0,0.08337731608526804,0.033980130431705856,0.053814861906628826,0.26113132722459376,0,8,0,8,0.20112699980543447,0.2315506193450626,0.0,0.0
HIGH,0.787457602968039,0.7800921033905123,0.9554439637490336,0.837714354682155,0.6342139536833543,0.7037718110695117,0.8806316135405858,0.4317939323653024,0.44517028236049844,15,5,4,1,0.7800921033905123,0.9554439637490336,0.6342139536833543,77.65
LOW,0.21359144023075638,0.1901659717691207,0.12002321343327238,0.2377220588677706,0.12765070651684995,0.22050675367123093,0.30826207135465056,0.028458932412440144,0.1492886218797629,4,11,3,8,0.1901659717691207,0.12002321343327238,0.12765070651684995,16.29
LOW,0.3898091484517522,0.4195339821872585,0.44580585659059296,0.38690706617047566,0.19542755034795062,0.08221608200220872,0.055018917718259744,0.22669240656366751,0.0193312502925968,2,9,0,9,0.4195339821872585,0.44580585659059296,0.19542755034795062,18.47
HIGH,0.6209270085516789,0.6511967555996595,0.5975396746950778,0.5224447416231767,0.6285014602202099,0.6964558411180921,0.8366873467229964,0.45127345760299714,0.5209437078184748,14,11,9,2,0.6511967555996595,0.5975396746950778,0.6285014602202099,73.62
HIGH,0.7264525240108254,0.6723719670729214,0.8858058723309858,0.7364221309422135,0.43770761177345413,0.7733973381341512,0.8759126942529848,0.6679274149803375,0.5713211929314641,18,9,8,1,0.6723719670729214,0.8858058723309858,0.43770761177345413,72.96
HIGH,0.7606658374840858,0.7070752129737657,0.814488339859956,0.7632032881207106,0.5106920705622111,0.7515859475081776,0.9955315114031674,0.3023737111231437,0.4689614922082421,22,10,10,0,0.7070752129737657,0.814488339859956,0.5106920705622111,94.67
HIGH,0.7457897379615542,0.8111839641404076,0.847795759734217,0.7708370927355351,0.6146677089176946,0.8009172384120702,0.9367819040355618,0.7544447883816753,0.43979569157199044,17,7,7,0,0.8111839641404076,0.847795759734217,0.6146677089176946,77.73
LOW,0.15763725014078517,0.1365266640258844,0.16604021622301252,0.2020962774079964,0.12915829945913182,0.1372329744622805,0.16917065869633086,0.008487368422312503,0.17016552780009744,2,8,1,7,0.1365266640258844,0.16604021622301252,0.12915829945913182,2.87
MEDIUM,0.38631912919066724,0.3413224641274522,0.3633321357506297,0.43877952573611445,0.31113459728752785,0.6946296528973808,0.7820106110921177,0.5923458184224017,0.5347706127881491,15,9,7,2,0.3413224641274522,0.3633321357506297,0.31113459728752785,53.39
MEDIUM,0.3712659683948293,0.25362952644430303,0.49337183977464966,0.27133144082421556,0.3037713568359403,0.4561476810151675,0.41795029407499573,0.5753335245583667,0.4515539982924835,12,9,4,5,0.25362952644430303,0.49337183977464966,0.3037713568359403,32.27
MEDIUM,0.5395398280191489,0.46749570324925344,0.5451083647186801,0.5273396659219435,0.3526354737696381,0.29307397977223654,0.301429115815119,0.427372908888692,0.1337096425271337,6,3,1,2,0.46749570324925344,0.5451083647186801,0.3526354737696381,37.37
HIGH,0.3896904049634478,0.3216229748872039,0.3757990557496316,0.3389580897557603,0.3115176510997466,0.8852881606686547,1.0,0.753273488051035,0.6731673152922383,19,10,10,0,0.3216229748872039,0.3757990557496316,0.3115176510997466,74.84
LOW,0.15640395219515207,0.09315382019272878,0.1988364689324675,0.03787364245213774,0.000682308229977141,0.1245064275814976,0.11998923828998802,0.14505142131307083,0.11751300172445316,2,10,1,9,0.09315382019272878,0.1988364689324675,0.000682308229977141,0.0
HIGH,0.6201333095892964,0.5718529963497427,0.47159212244915644,0.6434009897023834,0.5882223638941243,0.7700367105426275,0.8176568866959696,0.8543407223440227,0.5428721702812059,12,4,3,1,0.5718529963497427,0.47159212244915644,0.5882223638941243,66.31
MEDIUM,0.5003417146136045,0.6482555415929191,0.38585005102012565,0.4615595228600055,0.260641114938452,0.34973527571883023,0.35980308077660544,0.3690895373219131,0.3001775989424217,6,4,1,3,0.6482555415929191,0.38585005102012565,0.260641114938452,34.91
HIGH,0.826949649320609,0.8639950862066841,0.8411510168731762,0.7846483887283381,0.5855515196089036,0.8232216060486904,0.9450603377797986,0.742833268561682,0.5380937483423748,15,8,8,0,0.8639950862066841,0.8411510168731762,0.5855515196089036,84.72
MEDIUM,0.5510439541649049,0.5585318414320539,0.6693612129141171,0.5916855074818143,0.36241801612912694,0.42625920119921634,0.36703708704391647,0.6377466500057829,0.39243809485854925,15,12,4,8,0.5585318414320539,0.6693612129141171,0.36241801612912694,31.45
MEDIUM,0.10641601049171195,0.17988498145409246,0.15893462549071988,0.11423833050177967,0.0,0.47816060378417896,0.5366449466312844,0.3869410990015411,0.3939270800255003,11,9,5,4,0.17988498145409246,0.15893462549071988,0.0,20.6
LOW,0.2631730077443442,0.16821836208827828,0.37431063715684354,0.36121872956155515,0.23076857912633514,0.193383906136664,0.2336861245984958,0.2658611568878326,0.0,5,10,2,8,0.16821836208827828,0.37431063715684354,0.23076857912633514,20.58
LOW,0.07570739765917618,0.035985812856320874,0.1574457235124534,0.05889076715358632,0.0,0.15562672076567377,0.12461935306459757,0.16422474222337907,0.24005080241119708,5,4,0,4,0.035985812856320874,0.1574457235124534,0.0,2.65
MEDIUM,0.39764859034231126,0.3973673803537651,0.41304963131279987,0.31372091095534843,0.1977858694138649,0.515102143345369,0.727685131133688,0.0395306309281557,0.35292469239762486,6,7,5,2,0.3973673803537651,0.41304963131279987,0.1977858694138649,57.55
LOW,0.08698980002655286,0.07203198374490996,0.025505109298384752,0.08750025258611675,0.07643278968372604,0.16318297653136785,0.2281589678761912,0.08761091527564367,0.04382706375262199,4,9,2,7,0.07203198374490996,0.025505109298384752,0.07643278968372604,0.46
HIGH,0.6878688039608548,0.775227732080582,0.7860158797296061,0.7908826307949183,0.5506239435837084,0.7715490416803233,0.8999493202499389,0.6371916618697949,0.5207055857820054,15,4,4,0,0.775227732080582,0.7860158797296061,0.5506239435837084,81.08
LOW,0.18829984485280363,0.24148585780908566,0.07809927982388808,0.09475859611187802,0.0,0.12042223614182421,0.18387809650020487,0.022747441222139987,0.027729449986366412,3,9,2,7,0.24148585780908566,0.07809927982388808,0.0,0.0
MEDIUM,0.4455587255414309,0.3589056813065752,0.3919718886667869,0.4317072880206946,0.29436651165328154,0.6185425823936785,0.7453246409568814,0.33411400847355843,0.5226249806241903,11,7,5,2,0.3589056813065752,0.3919718886667869,0.29436651165328154,59.89
HIGH,0.8311872217428813,0.8094262824724705,0.8307480809208877,0.6328334164177872,0.5622300513599608,0.8661779688306326,0.9873003342343986,0.8293672959711765,0.5396215454787903,21,11,11,0,0.8094262824724705,0.8307480809208877,0.5622300513599608,87.8
LOW,0.08775349751638846,0.1375451000526714,0.11083204244507719,0.1365518532262326,0.019990333068350775,0.1418383543085505,0.19303124247928957,0.0,0.13009804410488376,2,8,2,6,0.1375451000526714,0.11083204244507719,0.019990333068350775,0.73
LOW,0.3764311935007493,0.29154103605052495,0.40294528781008543,0.28916972528648044,0.20771449104349743,0.17560785114916144,0.23321827444306764,0.07886370091368884,0.0995207315029155,3,9,2,7,0.29154103605052495,0.40294528781008543,0.20771449104349743,22.09
MEDIUM,0.4382933446136914,0.46719824658071984,0.4564533607068782,0.4898315785771196,0.3385017813780545,0.4635473526193975,0.6203545992334262,0.28492549716697163,0.17174746822973752,5,5,3,2,0.46719824658071984,0.4564533607068782,0.3385017813780545,57.14
HIGH,0.8193723498977101,0.7537028289939123,0.9142876276672945,0.6431691476644741,0.5500512547400689,0.8604340114824442,1.0,0.7926419126951164,0.5095281447171051,12,4,4,0,0.7537028289939123,0.9142876276672945,0.5500512547400689,99.64
HIGH,0.692817589658656,0.7155003980348665,0.5885904766116515,0.7254008040458704,0.44301076469415857,0.7332209114446768,0.9234962228460433,0.5343898158925932,0.3612260727926612,16,7,6,1,0.7155003980348665,0.5885904766116515,0.44301076469415857,80.69
LOW,0.2898131853010343,0.27352566429749614,0.2943152904222517,0.2514318349255362,0.2985310273860695,0.14985089323249962,0.23498342572661174,0.0443041889826628,0.0,2,10,2,8,0.27352566429749614,0.2943152904222517,0.2985310273860695,12.36
LOW,0.2801509541733309,0.4090429212794902,0.23710096917003903,0.3658290659189475,0.19877256721652073,0.22231171936973382,0.24392203049222982,0.3020841713039561,0.07770833406802352,4,8,2,6,0.4090429212794902,0.23710096917003903,0.19877256721652073,21.39
LOW,0.3022710415818879,0.17027798224229979,0.34616208732857645,0.25077557709684345,0.2846414930403426,0.1421320073871138,0.1983728992574926,0.04646610851317087,0.06907523064992042,3,6,1,5,0.17027798224229979,0.34616208732857645,0.2846414930403426,5.3
MEDIUM,0.49142874956429683,0.6205083116001784,0.4906848614929517,0.4720279026412216,0.37136361120661054,0.2164335965885898,0.23898036764883565,0.11027085986185609,0.2549560201345859,3,7,2,5,0.6205083116001784,0.4906848614929517,0.37136361120661054,28.55
LOW,0.21402652472825082,0.15850723263590094,0.22037796190134404,0.25518248148353556,0.12332896191944746,0.17764775659663937,0.25334866870884376,0.020393951817488487,0.10779882503917708,5,10,3,7,0.15850723263590094,0.22037796190134404,0.12332896191944746,17.31
HIGH,0.7031613954857745,0.6672582821930213,0.5585626149643812,0.5955694197737351,0.4754074796435162,0.86284625469911,0.8913369240697256,0.9324446057612984,0.7077758955250751,20,7,6,1,0.6672582821930213,0.5585626149643812,0.4754074796435162,82.5
LOW,0.2806017728106745,0.3799691977824935,0.24119030442805872,0.3617460677851484,0.009139837355344932,0.2527675466466565,0.3555458817846634,0.09749832771814837,0.09970176016114421,3,4,1,3,0.3799691977824935,0.24119030442805872,0.009139837355344932,35.17
MEDIUM,0.535615531317025,0.5383799415341537,0.6206290624850008,0.550935608533355,0.28174971881210725,0.5410727192073223,0.5584676019773416,0.6702433807402425,0.35971740936434415,16,8,4,4,0.5383799415341537,0.6206290624850008,0.28174971881210725,52.46
LOW,0.2317342465244375,0.2901561533045261,0.29275281237906475,0.05710901888026648,0.2017075938500511,0.1352994561843933,0.180703296879721,0.050022372686342444,0.08436501759646098,1,5,1,4,0.2901561533045261,0.29275281237906475,0.2017075938500511,15.4
MEDIUM,0.16043854473452654,0.11432778142238728,0.23088268340624898,0.13803739483687605,0.2368074766940047,0.49676943519009653,0.7074627698914951,0.07865775813785723,0.2828011081381402,5,7,5,2,0.11432778142238728,0.23088268340624898,0.2368074766940047,25.85
HIGH,0.6359074590487361,0.6585658412282052,0.7194445369058897,0.6769990555137257,0.5201724453621976,0.7877613528757718,0.8786705742823706,0.770600039322578,0.5321950022091687,21,7,6,1,0.6585658412282052,0.7194445369058897,0.5201724453621976,64.61
MEDIUM,0.3015603761588531,0.33217635648954147,0.28036178827625713,0.18660162814549933,0.10563116819482035,0.4415947901132228,0.4113391304707328,0.5284673074261828,0.4454892517277327,8,11,5,6,0.33217635648954147,0.28036178827625713,0.10563116819482035,19.92
HIGH,0.8288857005770008,0.8622636569305632,0.8353016378945786,0.8472559960847966,0.5745421626900262,0.7422447691801956,0.8103086362074796,0.7526345579569809,0.5276633793215577,17,6,5,1,0.8622636569305632,0.8353016378945786,0.5745421626900262,77.03
MEDIUM,0.435002500644237,0.5063128024222217,0.4526155385825523,0.36430648665569254,0.3367020728048191,0.5372362862776965,0.6032033086709594,0.4522665948077745,0.42430491056782954,11,7,4,3,0.5063128024222217,0.4526155385825523,0.3367020728048191,39.24
HIGH,0.6725340115192358,0.7883616291336581,0.6600271772011169,0.7211731137729646,0.2945959457762093,0.7886734899566975,0.8718593628249135,0.4807280265132841,0.847061334795463,15,7,6,1,0.7883616291336581,0.6600271772011169,0.2945959457762093,77.98
LOW,0.14739645894568862,0.17977777995762903,0.15425424096499143,0.0,0.04647837681152194,0.26475215179963824,0.3224985993736271,0.1588222927312935,0.19744266814601633,5,6,2,4,0.17977777995762903,0.15425424096499143,0.04647837681152194,11.02
HIGH,0.7003304434083772,0.5365324039912321,0.7682708091129488,0.6648493491704058,0.45260834924901566,0.7626329230976244,0.7837522855144184,0.9744398998012086,0.48746785914365837,20,11,9,2,0.5365324039912321,0.7682708091129488,0.45260834924901566,70.43
LOW,0.1926665250999771,0.1875807645115646,0.09013644987732748,0.1560566567242766,0.17773614993308384,0.048950143567406984,0.04409840074893773,0.04609123058281833,0.06636428500740339,2,8,0,8,0.1875807645115646,0.09013644987732748,0.17773614993308384,0.0
MEDIUM,0.7795644758429605,0.7449096475610861,0.7643118229494248,0.7509367663076779,0.5180182229791096,0.5135255021337293,0.5616632294523942,0.5341592955186549,0.34847852679280866,14,10,6,4,0.7449096475610861,0.7643118229494248,0.5180182229791096,55.74
MEDIUM,0.5830484011522348,0.4941516069120362,0.7829052973312989,0.5420415907100262,0.37303738864966673,0.32701969761453886,0.3682148537989352,0.11356983840912034,0.41688408826676837,8,13,5,8,0.4941516069120362,0.7829052973312989,0.37303738864966673,35.0
LOW,0.3000244562416759,0.47752161340306776,0.42170232968020277,0.28093171376321613,0.2628938829401366,0.18728337391814026,0.27536694112906723,0.09799093688323804,0.01232510932026154,5,6,2,4,0.47752161340306776,0.42170232968020277,0.2628938829401366,22.18
MEDIUM,0.48132664728721053,0.5771077529935821,0.3449851375245466,0.44561845282010204,0.5387157912493118,0.44458382611593034,0.5948961574304976,0.12415678305931312,0.3140738752288457,7,10,6,4,0.5771077529935821,0.3449851375245466,0.5387157912493118,36.97
LOW,0.03580018735630524,0.04235436776672996,0.024881768815469413,0.033872967180494123,0.0,0.05541265721490793,0.0774394937655032,0.0,0.04474480477803004,2,10,1,9,0.04235436776672996,0.024881768815469413,0.0,0.0
LOW,0.1626085067145789,0.22158111138315592,0.20299120771341816,0.12443259713276168,0.0,0.0872433852729092,0.11901828438061024,0.051730548238936226,0.027431524983779067,3,7,1,6,0.22158111138315592,0.20299120771341816,0.0,2.17
HIGH,0.5491627914354595,0.524757666799064,0.3940410225678595,0.5150365890485117,0.2798482084750543,0.8807443881279726,1.0,0.7319424011687012,0.6717795394711616,15,7,7,0,0.524757666799064,0.3940410225678595,0.2798482084750543,72.74
MEDIUM,0.667219379303211,0.70020996266485,0.6372379609602044,0.6521177108930842,0.4639235323370679,0.6979811891490385,0.853996384026724,0.5967217131669765,0.33119508049804386,15,8,7,1,0.70020996266485,0.6372379609602044,0.4639235323370679,78.49
MEDIUM,0.34871052631480365,0.4312881471591929,0.35046914476056235,0.4246087611800011,0.40871324329800685,0.5980030967841727,0.6280922101149341,0.421709695914014,0.6840291576620476,9,8,5,3,0.4312881471591929,0.35046914476056235,0.40871324329800685,45.73
LOW,0.07058326497199534,0.010386496639756902,0.15909740944947673,0.04885361357095261,0.03838370678274722,0.2029464195363261,0.32880473841567553,0.028317882434603914,0.0,4,5,2,3,0.010386496639756902,0.15909740944947673,0.03838370678274722,16.66
MEDIUM,0.3109450055031439,0.2892991554912345,0.4002663884031817,0.24407956919680343,0.1513931016569445,0.346270439151937,0.37142176489804324,0.2765174221795657,0.3405694788859896,9,12,4,8,0.2892991554912345,0.4002663884031817,0.1513931016569445,22.52
HIGH,0.7696215551830244,0.7234086900336898,0.9537863610574306,0.7676708869995083,0.5623726206636965,0.8569091709472427,0.9441078869828906,0.7191744735225907,0.7330477202649508,19,7,7,0,0.7234086900336898,0.9537863610574306,0.5623726206636965,88.12
MEDIUM,0.4242017460038066,0.39616851751155696,0.48276762499788756,0.4528412065710051,0.21491179197013777,0.6086245802097163,0.7518418429621387,0.49650187502169196,0.29109549714047356,12,7,5,2,0.39616851751155696,0.48276762499788756,0.21491179197013777,58.27
MEDIUM,0.4950817107027398,0.5472860868958226,0.3068858227053181,0.510776883402363,0.4160181109314758,0.5365153842666042,0.6371317471396819,0.510489670956165,0.2606920089578102,7,6,4,2,0.5472860868958226,0.3068858227053181,0.4160181109314758,60.09
MEDIUM,0.5902186716994162,0.5322073629918846,0.6545255855094453,0.4700041955428723,0.3262037143186102,0.5381625534282908,0.5688965824761756,0.48264152596528415,0.5014814937476428,9,8,5,3,0.5322073629918846,0.6545255855094453,0.3262037143186102,50.72
LOW,0.42210267964751197,0.4826525661382686,0.5111052276765087,0.40298383267312043,0.29530700751338373,0.1955701431286481,0.28391174071502284,0.04942012442190607,0.07669536907626591,3,7,2,5,0.4826525661382686,0.5111052276765087,0.29530700751338373,20.35
MEDIUM,0.4843174774955264,0.5070840171396157,0.4699775860670317,0.41812068905045274,0.3495185391420546,0.44277741523626263,0.47426431555723136,0.35931883342120685,0.4317752960884122,11,5,2,3,0.5070840171396157,0.4699775860670317,0.3495185391420546,45.51
MEDIUM,0.3596699891709798,0.45104691313431167,0.3496198716149262,0.3281405243870459,0.19421749029212848,0.45671706717222266,0.5097261961316208,0.43366946459058164,0.32073728287566905,9,8,4,4,0.45104691313431167,0.3496198716149262,0.19421749029212848,27.52
MEDIUM,0.5052330854592857,0.558213875520918,0.5689966212111273,0.505115733976181,0.39201935391328246,0.3699652739744577,0.5247323942675634,0.0015404018143263115,0.27408878525527225,5,7,4,3,0.558213875520918,0.5689966212111273,0.39201935391328246,39.09
LOW,0.08667532143149242,0.029812483718227673,0.21050748267570987,0.0,0.04235450904133422,0.057829194034573886,0.060042876108309835,0.024836320217389043,0.08418102163055087,2,6,0,6,0.029812483718227673,0.21050748267570987,0.04235450904133422,4.9
LOW,0.3024613117720868,0.19208245744978164,0.2830156300265561,0.3398549971603614,0.29884200965191443,0.3219660252792685,0.410402359113179,0.20690395916289456,0.17171908989391074,7,13,5,8,0.19208245744978164,0.2830156300265561,0.29884200965191443,20.2
HIGH,0.6084947244313199,0.6139054272927444,0.47034654892912137,0.5661332015058955,0.4144129188953648,0.8468993061823746,0.9759708232682435,0.8722181088772722,0.4343659522298703,23,12,12,0,0.6139054272927444,0.47034654892912137,0.4144129188953648,83.24
LOW,0.1379942609879943,0.22198016591059255,0.15157653800504223,0.14661943908822422,0.11931319974914412,0.07669040465053673,0.026815483389674214,0.09033914465985117,0.21266642842380976,2,10,0,10,0.22198016591059255,0.15157653800504223,0.11931319974914412,8.95
LOW,0.10283023351437401,0.25192002368695854,0.14906808297905585,0.07971924614618886,0.06644930685653706,0.1106126270319752,0.10320426642473793,0.12765926018074453,0.11579107570491767,2,8,1,7,0.25192002368695854,0.14906808297905585,0.06644930685653706,2.32
LOW,0.1014022739510812,0.2027416732740701,0.2749799825779019,0.2568118842566521,0.13599386814198527,0.14596039886960227,0.16812979051049717,0.09296444173953791,0.13244818107698197,4,7,1,6,0.2027416732740701,0.2749799825779019,0.13599386814198527,0.0
MEDIUM,0.5461285790480784,0.47851580726569276,0.5269166677538518,0.5936200523475346,0.5341169160374345,0.2661178505866874,0.3559092576750634,0.07638510244902795,0.1864763774592191,2,5,2,3,0.47851580726569276,0.5269166677538518,0.5341169160374345,33.27
LOW,0.16879231819312426,0.17130232668565282,0.09235517765278997,0.21947528419829082,0.3057310255184642,0.1364164059013419,0.09348441391526947,0.27247483710747344,0.12915395065342763,4,8,1,7,0.17130232668565282,0.09235517765278997,0.3057310255184642,7.94
MEDIUM,0.512426487818607,0.5557150615098847,0.47870650222160344,0.5795526587357593,0.26301384411072626,0.5251417012933965,0.5663505984369391,0.9266567111561657,0.0,15,8,5,3,0.5557150615098847,0.47870650222160344,0.26301384411072626,55.41
MEDIUM,0.460969172779378,0.4408089107422155,0.4787275510850583,0.4219603163140261,0.5249177028202725,0.4440463530119898,0.5121979385053973,0.46392228152494325,0.21971566801881398,12,10,5,5,0.4408089107422155,0.4787275510850583,0.5249177028202725,39.24
HIGH,0.6247596959436479,0.7596535348033424,0.5636817993267935,0.6760318695606482,0.34286465414242323,0.7778299917080296,0.9806706588481415,0.5127205285005231,0.43441745349520006,15,7,7,0,0.7596535348033424,0.5636817993267935,0.34286465414242323,79.73
HIGH,0.5904843920087168,0.5882486309048112,0.49900427942542913,0.6419689812087952,0.49602936429334243,0.8317676425252869,0.8980842129160511,0.7043306805985523,0.7602548932797293,15,8,7,1,0.5882486309048112,0.49900427942542913,0.49602936429334243,80.85
MEDIUM,0.4247317244072469,0.3768125207205655,0.3685861377505373,0.404724716755686,0.387301339706481,0.6046309236118855,0.715850318248628,0.5352411726181341,0.3403624906954097,8,7,5,2,0.3768125207205655,0.3685861377505373,0.387301339706481,56.1
MEDIUM,0.21919592682323846,0.2062625143602827,0.24036210639367828,0.18310913451689761,0.30699026363566373,0.5248842715892184,0.6193152486277761,0.30011841864094846,0.4663571934218154,13,11,7,4,0.2062625143602827,0.24036210639367828,0.30699026363566373,23.72
MEDIUM,0.2763913544407996,0.27299800405675856,0.192388039125237,0.25006537290507813,0.21953397841407582,0.21875221816274817,0.25244370369940916,0.09725174629575256,0.23917823341976088,5,8,2,6,0.27299800405675856,0.192388039125237,0.21953397841407582,12.3
LOW,0.05506001581913738,0.012279953627801488,0.038006533824712994,0.03022880753063751,0.04972160295304148,0.19365812024396536,0.2502673484570237,0.16817262268966698,0.04931593315908875,4,5,1,4,0.012279953627801488,0.038006533824712994,0.04972160295304148,6.32
LOW,0.22777050564924214,0.3132100843106921,0.36610462766839347,0.24781932774186063,0.26540641768945555,0.06683039337330521,0.0548477513222331,0.09640972484033235,0.07319898805949444,4,9,0,9,0.3132100843106921,0.36610462766839347,0.26540641768945555,5.48
HIGH,0.5736561420116119,0.705318547031927,0.6147596150024305,0.6095026497696164,0.36718616055231124,0.7626717299558716,0.9214289427734275,0.452608018774638,0.5964638026844382,14,6,6,0,0.705318547031927,0.6147596150024305,0.36718616055231124,68.98
MEDIUM,0.4083877648159912,0.3364784508589569,0.3915565741047285,0.40852558885453955,0.46266462966935223,0.5126830471087792,0.5957063495736263,0.41682252659670754,0.3594736602263094,13,10,6,4,0.3364784508589569,0.3915565741047285,0.46266462966935223,38.97
HIGH,0.45733655791688954,0.6244606845791956,0.5845149454939614,0.47470741806563277,0.178834945500946,0.8231539451948714,0.9968280345994356,0.5112247001870578,0.6140609219889923,18,5,5,0,0.6244606845791956,0.5845149454939614,0.178834945500946,62.55
MEDIUM,0.19533753425862088,0.1920397380829151,0.16131471784755883,0.28631220577109817,0.09419833082184806,0.514744221279549,0.7207935374269495,0.1451758864822658,0.26616460763463073,10,7,5,2,0.1920397380829151,0.16131471784755883,0.09419833082184806,39.74
HIGH,0.7266830603289739,0.7795882464580232,0.6548539460335229,0.7577869536794727,0.6694987349748499,0.7351633800346673,0.7656005786089922,0.7478015909937856,0.6312135733525741,19,11,8,3,0.7795882464580232,0.6548539460335229,0.6694987349748499,74.47
HIGH,0.6264962165438659,0.5954587707552462,0.5196399893677063,0.7454585776914038,0.4835630834757907,0.7747052254507858,0.8267110031740309,0.7042713925325169,0.6891217251993199,16,10,8,2,0.5954587707552462,0.5196399893677063,0.4835630834757907,52.33
MEDIUM,0.34357564417941205,0.3933618446578521,0.41959727524631135,0.43266629307248267,0.4149769995234416,0.6743515240159662,0.7354535377115956,0.6999097657568043,0.4654872411882397,15,11,8,3,0.3933618446578521,0.41959727524631135,0.4149769995234416,46.29
LOW,0.20629529352160203,0.3045919386395408,0.16227330703966425,0.2834090889252532,0.0,0.13588159447296852,0.15074679307988553,0.09015889166077116,0.1370087014644149,3,10,2,8,0.3045919386395408,0.16227330703966425,0.0,10.56
HIGH,0.9345911582754257,0.9911213969824284,0.897830679756928,0.8328499857067648,0.837134040579321,0.775637748583928,0.9589873548474354,0.6456048736839521,0.35562180469338184,17,6,6,0,0.9911213969824284,0.897830679756928,0.837134040579321,94.21
LOW,0.2632612556501828,0.13778633979258603,0.3715819811383636,0.2799457288425794,0.13794073408019797,0.25955993992096443,0.31881852069328076,0.13534992884457847,0.2059942086804015,5,8,3,5,0.13778633979258603,0.3715819811383636,0.13794073408019797,14.35
HIGH,0.8697950879789254,0.8295739543740418,0.9216314999253762,0.7993596013382893,0.4021833498174028,0.8021330060099225,0.9165966992296087,0.7240810846938847,0.536793847666902,16,5,5,0,0.8295739543740418,0.9216314999253762,0.4021833498174028,91.36
HIGH,0.564650842852698,0.5444598086362206,0.6168851825949194,0.5979832213960572,0.30717189021348074,0.7939134832776754,0.9109540068017606,0.8274252810951134,0.40928011488798227,21,8,7,1,0.5444598086362206,0.6168851825949194,0.30717189021348074,69.1
HIGH,0.8619187452322384,0.8441423032185675,0.834478055710936,0.9445662987538032,0.5847300841596149,0.674387829815722,0.7117498639443927,0.6302410810620841,0.6064484761833476,14,9,6,3,0.8441423032185675,0.834478055710936,0.5847300841596149,74.56
HIGH,0.6940001378586662,0.5717010983417932,0.7930111786282963,0.6768712560684866,0.5949219742192043,0.7204122732630959,0.7883634643306761,0.625802650482183,0.6111683228412682,14,8,6,2,0.5717010983417932,0.7930111786282963,0.5949219742192043,56.94
HIGH,0.7248038201901325,0.8181479044134234,0.7990973481389684,0.7725515662796988,0.4752289386183859,0.8628025525640773,0.9391813540511303,0.9365073892741449,0.5599613113928509,20,12,11,1,0.8181479044134234,0.7990973481389684,0.4752289386183859,77.69
LOW,0.11812570634791218,0.2815926599822145,0.22511301604654765,0.2451314268885555,0.17113162499866358,0.09757069380276318,0.08940996515956469,0.0,0.21962357353512177,3,5,0,5,0.2815926599822145,0.22511301604654765,0.17113162499866358,3.56
HIGH,0.7442047684335311,0.7814280432694591,0.7280119373465647,0.8582597472270762,0.6600834239634252,0.7948147680850961,0.9124527441456753,0.5300011226599392,0.706714485328515,14,4,4,0,0.7814280432694591,0.7280119373465647,0.6600834239634252,86.35
LOW,0.2973785487437647,0.29526767983843455,0.25372253898783526,0.37443641591685844,0.09959654125086036,0.20715319138029847,0.30430320038766556,0.0,0.12285635573849574,2,8,2,6,0.29526767983843455,0.25372253898783526,0.09959654125086036,16.98
HIGH,0.8054695627305546,0.8502816418348293,0.8416851013605028,0.828818459015371,0.5166120482566839,0.7712814355194308,0.8758557160019442,0.6996431680441779,0.5291968615471437,19,10,9,1,0.8502816418348293,0.8416851013605028,0.5166120482566839,87.3
HIGH,0.7943230272060378,0.7478291397120903,0.7109107406223006,0.9260179079350435,0.6257882712874856,0.8428448227214089,0.978167657511342,0.7408992365814635,0.5388219044915548,19,7,7,0,0.7478291397120903,0.7109107406223006,0.6257882712874856,95.58
MEDIUM,0.6987051437640962,0.6829196597872315,0.5871844681728984,0.5609833244845781,0.32031606384693456,0.42985860912828155,0.4879282311141258,0.30359639577744335,0.381911956521587,11,8,4,4,0.6829196597872315,0.5871844681728984,0.32031606384693456,45.25
MEDIUM,0.3806982151189864,0.49450529195081144,0.2581794713927468,0.40480303837609694,0.24832370440836712,0.5297321866639526,0.6672631896256751,0.34583411976883016,0.3010372446739078,13,7,5,2,0.49450529195081144,0.2581794713927468,0.24832370440836712,47.19
HIGH,0.7272247081627535,0.7289654954265397,0.7155985513743985,0.7723644601375678,0.45021795842320683,0.795127060500551,0.911659391923123,0.6516274028215637,0.5890297239118228,19,9,8,1,0.7289654954265397,0.7155985513743985,0.45021795842320683,82.92
MEDIUM,0.7090778676836288,0.8345933470715787,0.7428833729782275,0.9175567707523751,0.5013396482351274,0.5508791701134498,0.6938369938682762,0.2047901583250638,0.4680947106373564,10,7,5,2,0.8345933470715787,0.7428833729782275,0.5013396482351274,60.02
LOW,0.176520376312851,0.11338014479915372,0.15479299312902822,0.2998467862441827,0.17029189026951047,0.07484622498826729,0.04533799641450427,0.209538270124006,0.028678865573817672,3,9,0,9,0.11338014479915372,0.15479299312902822,0.17029189026951047,6.51
LOW,0.11713590750979846,0.16599948958074479,0.21790299650438938,0.06566857137980872,0.007419777205359482,0.12581715792482606,0.16553749534730788,0.13247330358220677,0.0,2,9,1,8,0.16599948958074479,0.21790299650438938,0.007419777205359482,10.81
MEDIUM,0.6795767846562725,0.7330794855050163,0.6551959485665931,0.6156826138388594,0.49959285506717693,0.4824361568395659,0.5454624117283188,0.5872278069754553,0.18856574203741808,17,12,7,5,0.7330794855050163,0.6551959485665931,0.49959285506717693,48.2
MEDIUM,0.3560246285931273,0.37247181178634553,0.25390694446755496,0.5037501690972401,0.08447855870709128,0.3367074912461856,0.3339337455606764,0.22305737858775926,0.45867884096113937,7,10,3,7,0.37247181178634553,0.25390694446755496,0.08447855870709128,29.46
MEDIUM,0.5006914535121596,0.6328295395646488,0.48096194365582257,0.4393816438504231,0.3975211888912108,0.5551237486889955,0.6610411461237327,0.3720895474290557,0.4204057576447239,10,8,5,3,0.6328295395646488,0.48096194365582257,0.3975211888912108,55.6
MEDIUM,0.41539260111716214,0.5444543314602701,0.4449571011171887,0.3910804303234541,0.34357299093111465,0.5990173749929747,0.701327626040519,0.5048470883037591,0.38625690853955746,7,5,4,1,0.5444543314602701,0.4449571011171887,0.34357299093111465,60.39
HIGH,0.6978422583384729,0.7533873005608853,0.852027053191746,0.8109247516061857,0.5847116381171268,0.6498918251524131,0.8290619493733885,0.49864183940602474,0.2636314382358752,18,9,7,2,0.7533873005608853,0.852027053191746,0.5847116381171268,76.36
HIGH,0.6845933141772685,0.639451117224457,0.6185641304900074,0.6715193262440526,0.38143269453444306,0.7831758592320346,1.0,0.38952568938687987,0.5263536067732932,13,4,4,0,0.639451117224457,0.6185641304900074,0.38143269453444306,79.27
LOW,0.10672167339699462,0.10691862024400393,0.0631648021958556,0.09577224224766108,0.2704481715696955,0.1756226672928577,0.2206612659071083,0.1532867207974033,0.06284281794556042,3,6,1,5,0.10691862024400393,0.0631648021958556,0.2704481715696955,20.16
MEDIUM,0.4933725364037787,0.4271006551965355,0.27295077333163864,0.43018602984924625,0.5834317282180213,0.5708767609289995,0.639308544208715,0.6781848402106904,0.25827333180816286,7,3,2,1,0.4271006551965355,0.27295077333163864,0.5834317282180213,58.42
MEDIUM,0.44874914441061253,0.40632922341570704,0.5239263993548721,0.4086414104905356,0.3449060881036987,0.4416883318934963,0.5792992247548906,0.2762995113275575,0.19424447387525237,13,7,4,3,0.40632922341570704,0.5239263993548721,0.3449060881036987,52.26
MEDIUM,0.35562435518702223,0.24060921334967106,0.4433438924477119,0.4280057360230178,0.2626619462991708,0.38891123461317134,0.4944190168624809,0.057211069152993635,0.40408805332542025,7,10,5,5,0.24060921334967106,0.4433438924477119,0.2626619462991708,21.61
MEDIUM,0.3729762644527822,0.5153010810812928,0.3642521238235254,0.3420513279034502,0.26559418523828715,0.49151108271095484,0.4920052398453971,0.5752424772695364,0.4062972167490464,11,10,5,5,0.5153010810812928,0.3642521238235254,0.26559418523828715,31.93
LOW,0.1574303208429726,0.2747580418976094,0.2376122187468607,0.1501084754943958,0.017553728912953717,0.27159146089841313,0.3849007625844581,0.1136684135544301,0.08958660318426126,5,11,4,7,0.2747580418976094,0.2376122187468607,0.017553728912953717,10.8
LOW,0.0683430828358159,0.09360191206989175,0.007355503261539824,0.02268534425092609,0.0,0.10490808292371932,0.1295515756035268,0.016108553598418552,0.11977713420959774,2,8,1,7,0.09360191206989175,0.007355503261539824,0.0,12.57
MEDIUM,0.522593714668364,0.5800936826152423,0.5175651847192221,0.5444976451919671,0.3678854192940974,0.4429085126101918,0.5803837593567218,0.23269664213037256,0.24069464285042114,6,8,5,3,0.5800936826152423,0.5175651847192221,0.3678854192940974,57.5
MEDIUM,0.4704420311909657,0.5236795653710461,0.5569266447950054,0.36446845202470424,0.4221372163621184,0.5087311580136249,0.4860340308348663,0.8081448459633689,0.2774088516001566,13,10,5,5,0.5236795653710461,0.5569266447950054,0.4221372163621184,54.87
MEDIUM,0.5898106544792867,0.6399448850754424,0.6221554514124196,0.6081312465628685,0.3461662063658144,0.2584984777511349,0.16209155343488849,0.5648784216923229,0.24133930675868587,9,10,2,8,0.6399448850754424,0.6221554514124196,0.3461662063658144,39.1
MEDIUM,0.15423657834249593,0.2034282276423357,0.1267425394933372,0.24743747332395005,0.1670863543534271,0.4814749529779876,0.6404453556948411,0.2955514408583499,0.19048725694706503,6,7,4,3,0.2034282276423357,0.1267425394933372,0.1670863543534271,31.2
HIGH,0.5562259196242189,0.5655442274023156,0.5989498347845357,0.5536824412102016,0.33947909400311294,0.7021033355284773,0.8242073470208859,0.5865614015270578,0.45133323505267053,14,8,7,1,0.5655442274023156,0.5989498347845357,0.33947909400311294,69.14
MEDIUM,0.4951508280338806,0.566128587684376,0.5213804985883607,0.5590809712017272,0.13994165333830927,0.47198747585780293,0.4760715004444171,0.5706153333578168,0.3611075445979466,15,12,6,6,0.566128587684376,0.5213804985883607,0.13994165333830927,41.11
LOW,0.10415612869330104,0.06609144345048125,0.07149637601415175,0.056696193302763855,0.0,0.23777841615611606,0.2481891905026454,0.26966396781422347,0.1746605414584207,6,7,2,5,0.06609144345048125,0.07149637601415175,0.0,10.37
MEDIUM,0.4376252729223115,0.4216300618832504,0.4897105627412931,0.4487988795044252,0.233495411287919,0.41260709860863376,0.4334721836349473,0.41118079625633364,0.351438145881993,6,7,3,4,0.4216300618832504,0.4897105627412931,0.233495411287919,40.3
HIGH,0.5012623499026502,0.6084289837677326,0.4845442861160091,0.5164613163048216,0.4647059509371178,0.8858993433766346,1.0,0.850573057009106,0.5789236598740671,12,5,5,0,0.6084289837677326,0.4845442861160091,0.4647059509371178,83.48
MEDIUM,0.35224261669943424,0.33066021952033586,0.30766134562859787,0.30553061082031396,0.3540659500788005,0.53426692998425,0.5827559699130463,0.30416433772086615,0.6189024024612446,9,5,3,2,0.33066021952033586,0.30766134562859787,0.3540659500788005,37.61
MEDIUM,0.4678366061355208,0.5354042637063282,0.446942054522639,0.43848075831177347,0.29957711451351376,0.39484867521532746,0.3880070970548237,0.47646196041833727,0.33376012449382897,9,9,3,6,0.5354042637063282,0.446942054522639,0.29957711451351376,32.29
LOW,0.30217864701570163,0.41536269391045266,0.33198619513537125,0.41039177458813514,0.16991678893894974,0.1829354310836272,0.17589778566304026,0.21951007536819614,0.16747372306081912,2,7,1,6,0.41536269391045266,0.33198619513537125,0.16991678893894974,12.66
MEDIUM,0.656940417898641,0.717743669380221,0.5956666117076997,0.57334114104544,0.3820269651505931,0.42978682856728345,0.46617621423004996,0.3166599212405611,0.4337455789057065,13,6,3,3,0.717743669380221,0.5956666117076997,0.3820269651505931,47.14
HIGH,0.8688304825323471,0.9745309305193035,0.8542425787118443,0.8993370677423091,0.6488382496828443,0.6751358026568819,0.9109369942994847,0.3907040923059054,0.2521639380800498,17,6,5,1,0.9745309305193035,0.8542425787118443,0.6488382496828443,94.23
MEDIUM,0.33504429329715946,0.3572939908755099,0.3701627889345215,0.38310185484068404,0.0,0.7705502578319933,1.0,0.5764949336087265,0.27625635555124,15,7,7,0,0.3572939908755099,0.3701627889345215,0.0,68.08
LOW,0.24583346336408116,0.236815895026112,0.2779824446214653,0.30394249144036145,0.2064151117630595,0.1888035793434018,0.23491062779863028,0.23928601332111812,0.0,3,6,1,5,0.236815895026112,0.2779824446214653,0.2064151117630595,8.49
LOW,0.32877417828900446,0.31685650037238644,0.18243729607188655,0.29490683994226213,0.2359532422156903,0.1815686123598714,0.20476274389475924,0.15560374413464145,0.1379510859804379,3,8,2,6,0.31685650037238644,0.18243729607188655,0.2359532422156903,12.34
MEDIUM,0.4157875436776493,0.47108102649828026,0.4481157636427495,0.48170800077698417,0.25264296021407506,0.6253596420137019,0.77625411524271,0.48456770251934406,0.3134681618210349,12,9,7,2,0.47108102649828026,0.4481157636427495,0.25264296021407506,42.06
HIGH,0.7747456957242168,0.7811629788993338,0.763798937909987,0.7069184900619986,0.34673940441529816,0.8213752987620031,1.0,0.6084210516376786,0.4984554421723371,20,7,7,0,0.7811629788993338,0.763798937909987,0.34673940441529816,91.77
HIGH,0.8164542965043534,0.804848662990652,0.7676109214653752,0.7929653055605493,0.49318828250155766,0.7423462210716465,0.7943298317800968,0.8052261931017178,0.5235154169162239,19,9,7,2,0.804848662990652,0.7676109214653752,0.49318828250155766,82.53
LOW,0.11332397506429831,0.15887315549644615,0.011337519533420867,0.14316918176927684,0.0,0.2057773765356451,0.20197327801936332,0.2609990393936057,0.16196800922652999,5,4,1,3,0.15887315549644615,0.011337519533420867,0.0,27.83
HIGH,0.7475075737468689,0.6383539798360406,0.7822818119888233,0.8751902616141861,0.5045464836477779,0.8054215864182996,0.9834487138306046,0.48207940022446244,0.5946823903752221,10,3,3,0,0.6383539798360406,0.7822818119888233,0.5045464836477779,83.23
MEDIUM,0.29392590068691044,0.25395340484011397,0.32029830456435016,0.28702769371809295,0.21184188746792418,0.5447709534416326,0.6597953204628608,0.28136745985335065,0.4631013459662297,13,6,4,2,0.25395340484011397,0.32029830456435016,0.21184188746792418,49.53
MEDIUM,0.41528175549227037,0.43182060282120927,0.46317542988202853,0.5028456175109469,0.15663810404308093,0.4251146243254606,0.615616393309187,0.0,0.27872394169974196,7,11,7,4,0.43182060282120927,0.46317542988202853,0.15663810404308093,22.03
HIGH,0.8387429164172602,0.864774552504086,0.6863734846667361,0.7040926433735583,0.596894684785024,0.733567698348436,0.8056606064563386,0.6773372587811313,0.5735194135920327,20,7,6,1,0.864774552504086,0.6863734846667361,0.596894684785024,82.51
HIGH,0.7920581758271622,0.7800522908711728,0.7765023957200143,0.7682485728808606,0.6225509483290379,0.7998829258793958,0.847970785810251,0.9950065884069136,0.46049568355931286,19,8,7,1,0.7800522908711728,0.7765023957200143,0.6225509483290379,79.84
MEDIUM,0.39731347903050446,0.3729357845511103,0.3441827911540333,0.40059672828561826,0.2679887985870837,0.35692490068952143,0.3821120303943544,0.26512602713046873,0.37316238513407535,9,10,4,6,0.3729357845511103,0.3441827911540333,0.2679887985870837,27.45
MEDIUM,0.3897069957650541,0.3161411533744699,0.26517503942593795,0.3335112618365311,0.3632001837695892,0.3991900830163409,0.4863374585954235,0.2807962632611916,0.2561417760342423,8,10,5,5,0.3161411533744699,0.26517503942593795,0.3632001837695892,31.71
HIGH,0.7067926825094768,0.7263407150787928,0.7113658777309224,0.7702344334415503,0.49182914496034086,0.8008959923762674,1.0,0.6588959877933692,0.3455839740879677,20,9,9,0,0.7263407150787928,0.7113658777309224,0.49182914496034086,83.61
MEDIUM,0.1962457120248257,0.04049818704357169,0.3280472496646242,0.14940550377687475,0.23393404117259883,0.29014005631878903,0.3095450090139308,0.14062834092634682,0.3814369136258059,7,8,2,6,0.04049818704357169,0.3280472496646242,0.23393404117259883,13.6
MEDIUM,0.3683947406190132,0.2728745281446131,0.4806108437976131,0.4937794691094037,0.15400602295889082,0.35489239547920665,0.38438813469895783,0.2804453715155815,0.3408522017835782,9,8,3,5,0.2728745281446131,0.4806108437976131,0.15400602295889082,25.65
HIGH,0.9413078736769869,0.8992916135493623,1.0,1.0,0.7093248622323556,0.6764352972874481,0.745909453084038,0.6562114980725924,0.4882366291125344,14,8,6,2,0.8992916135493623,1.0,0.7093248622323556,85.29
LOW,0.31700243020669416,0.28642813289593144,0.2322484220429523,0.3451369435243569,0.39750913335956006,0.17028322028030446,0.20832675615362406,0.14522970861121,0.08120612432944017,4,7,1,6,0.28642813289593144,0.2322484220429523,0.39750913335956006,13.5
LOW,0.25075068572770276,0.2785520328588154,0.29537911127872196,0.18251022710689543,0.08412254437470876,0.14820285269153854,0.19488540720712924,0.09814386797387524,0.05821417386242972,5,8,2,6,0.2785520328588154,0.29537911127872196,0.08412254437470876,16.99
LOW,0.33090020316431623,0.22571607011974143,0.2378603172676422,0.30772857168898454,0.23965879631575898,0.12691042527548785,0.17138983953716136,0.04473606698174505,0.07564654078421024,2,9,2,7,0.22571607011974143,0.2378603172676422,0.23965879631575898,26.0
HIGH,0.8050847394228725,0.7586843478257119,0.851032706824854,0.8130920252491586,0.6492401569848401,0.7967181502883579,0.8841082465740998,0.9603127134179357,0.37095329830155477,21,10,9,1,0.7586843478257119,0.851032706824854,0.6492401569848401,82.32
LOW,0.38486977265675787,0.21896011307088145,0.39901252364442386,0.4413227770352168,0.313579321691512,0.2995137836474144,0.38186355299341196,0.23076327075146147,0.12121498850537456,8,13,5,8,0.21896011307088145,0.39901252364442386,0.313579321691512,22.64
HIGH,0.8243341502973608,0.7608978121749255,0.7915550879406826,0.8051683989809729,0.6125992445357676,0.7459250764304168,0.8845233309630735,0.3866058207039723,0.6894495685588916,18,7,6,1,0.7608978121749255,0.7915550879406826,0.6125992445357676,84.12
MEDIUM,0.5257033817016952,0.6309078834182252,0.5713305014028497,0.5445168884210397,0.4773157763768383,0.6920238604744899,0.9228958171888079,0.2960406122790249,0.39539123852700164,13,8,7,1,0.6309078834182252,0.5713305014028497,0.4773157763768383,67.63
LOW,0.17998132822618232,0.2599457340508651,0.11876479836469668,0.2536570436719058,0.1443478461973621,0.1752254941811925,0.1770211362974949,0.19058153852833679,0.15448252348514094,5,9,2,7,0.2599457340508651,0.11876479836469668,0.1443478461973621,9.14
LOW,0.16218791268676808,0.01783571886437882,0.2147770987834588,0.2338838998302055,0.2077017630940418,0.19457332093233184,0.25869136390757647,0.19679251293892988,0.0,3,8,2,6,0.01783571886437882,0.2147770987834588,0.2077017630940418,7.15
LOW,0.3093237182354694,0.3623065507534231,0.29479409994741795,0.22983613547982285,0.23522937114327147,0.22816608967639077,0.3332810998186768,0.14098714892592343,0.0,4,8,3,5,0.3623065507534231,0.29479409994741795,0.23522937114327147,22.52
MEDIUM,0.30322543201764807,0.3686598850362243,0.347975658992367,0.32181734901078496,0.43142859712745874,0.50381260088558,0.6452499754383935,0.22100861401452657,0.362304464098193,12,7,5,2,0.3686598850362243,0.347975658992367,0.43142859712745874,43.04
MEDIUM,0.27691579077656475,0.2818239203368009,0.27241452243534403,0.19497871435972067,0.17169090490471084,0.4651533433507897,0.6153628665376117,0.34913008013119734,0.13054803700991596,8,7,4,3,0.2818239203368009,0.27241452243534403,0.17169090490471084,41.05
MEDIUM,0.4006064325465784,0.3645533570727103,0.4059842395853384,0.47764457294550344,0.30828855505342345,0.6693242583388596,0.7634603987936072,0.5766381957683782,0.47960189954509824,17,11,8,3,0.3645533570727103,0.4059842395853384,0.30828855505342345,48.88
LOW,0.3218320552863897,0.4337542410349192,0.2601745502452735,0.3744224972809047,0.23280274519551467,0.26067970347378217,0.4216472279609134,0.0,0.03845683348617076,3,4,2,2,0.4337542410349192,0.2601745502452735,0.23280274519551467,43.02
MEDIUM,0.4621239987029105,0.5061431003527669,0.45282075990232723,0.49140608023443694,0.3627079660248187,0.39794442308536176,0.423166502185971,0.3311906576900663,0.38903195117882955,12,10,4,6,0.5061431003527669,0.45282075990232723,0.3627079660248187,34.53
HIGH,0.7750184865214624,0.7274368694357578,0.7241561623623295,0.7650346579091105,0.41501117060961323,0.8244534710122057,0.9325520617359927,0.8598164072336528,0.46479476261939756,18,9,8,1,0.7274368694357578,0.7241561623623295,0.41501117060961323,81.64
LOW,0.09977668639827578,0.0,0.1169539181627008,0.12125840467513707,0.1365668945977871,0.27929083414123834,0.44014736642118885,0.02228701848053697,0.05372505296208797,7,11,5,6,0.0,0.1169539181627008,0.1365668945977871,15.3
LOW,0.31258882204122523,0.3768434476557081,0.3277518034907745,0.26579459722254584,0.22948173086770216,0.24589427088178,0.3978184266179926,0.0,0.0360160745549224,4,7,3,4,0.3768434476557081,0.3277518034907745,0.22948173086770216,18.08
LOW,0.24614141144174628,0.2510086954820206,0.26830088944817393,0.2960606882708006,0.0041283933862629185,0.21352963700976338,0.3285901030105521,0.01735870571135977,0.06451917030580097,4,9,3,6,0.2510086954820206,0.26830088944817393,0.0041283933862629185,16.08
MEDIUM,0.4152801255526054,0.537580779102708,0.47192536811341623,0.43944951156345496,0.35994807197276046,0.4574079225029975,0.4442005760938757,0.7849543483633369,0.1694835358700234,11,8,4,4,0.537580779102708,0.47192536811341623,0.35994807197276046,34.91
HIGH,0.6228289999001498,0.7178963762847994,0.5264527763335192,0.7015141117948555,0.5008340734022031,0.7792319406064278,0.8695287094656523,0.7565214567587706,0.531052117876411,14,6,5,1,0.7178963762847994,0.5264527763335192,0.5008340734022031,81.4
HIGH,0.7242011414319219,0.6928798182846814,0.7089666187414402,0.6981568888587998,0.33224638548465857,0.8054609616313584,0.9049002600205024,0.7544909722419002,0.5581130558533848,20,12,11,1,0.6928798182846814,0.7089666187414402,0.33224638548465857,79.4
HIGH,0.7243766810192431,0.5722799910171413,0.7725925210092913,0.744242028183691,0.29512438233016103,0.7311765358724461,0.8906632584892062,0.4882916956122665,0.4956012082823452,14,5,4,1,0.5722799910171413,0.7725925210092913,0.29512438233016103,89.14
MEDIUM,0.19087390778836244,0.21372159077498634,0.17530280441243962,0.10279290500803419,0.16897411859095643,0.4729894987962511,0.6819647092191033,0.21630130362137245,0.10275206270257309,6,4,3,1,0.21372159077498634,0.17530280441243962,0.16897411859095643,35.28
LOW,0.1316717907337618,0.1771037529040142,0.16869787442543577,0.1476392629545772,0.17381903194804388,0.08438853181109914,0.1212431176645618,0.0,0.058213306061810265,1,7,1,6,0.1771037529040142,0.16869787442543577,0.17381903194804388,0.0
HIGH,0.7800853430617862,0.8221000516182726,0.7906147865207446,0.8959972251531487,0.4400429506564542,0.7793226266174528,0.8228138302429707,0.8748590547377066,0.5533125876206451,18,7,6,1,0.8221000516182726,0.7906147865207446,0.4400429506564542,77.16
HIGH,0.613464818713291,0.6391887675953722,0.629930058443744,0.734804560045767,0.40041644843915336,0.8464976907174391,0.875428044096167,0.9379267061053833,0.668277615193311,16,8,7,1,0.6391887675953722,0.629930058443744,0.40041644843915336,75.79
LOW,0.20364517768993692,0.16297788852661338,0.3318775691173209,0.07793020058801622,0.026417652691684557,0.16804199350663274,0.22935545418558223,0.152143604976417,0.0,3,5,1,4,0.16297788852661338,0.3318775691173209,0.026417652691684557,17.61
LOW,0.1585502509836974,0.14489849279006412,0.09160099040092598,0.20920676297458718,0.2638381341379813,0.23643697355609164,0.35072248848560594,0.09709993873445837,0.032917463589182044,6,8,3,5,0.14489849279006412,0.09160099040092598,0.2638381341379813,8.63
MEDIUM,0.40679888960190386,0.3844768293228367,0.26109503670034406,0.4253618761617694,0.33535968904687247,0.5916277714108538,0.8289838922227466,0.08352460863137746,0.38766257175465163,13,10,8,2,0.3844768293228367,0.26109503670034406,0.33535968904687247,44.47
MEDIUM,0.4616636102740578,0.4688778230617611,0.41690890430376126,0.5649945713567183,0.28308936894263437,0.29213123280699016,0.26594488838214453,0.3051886970990325,0.3576328017894847,8,9,2,7,0.4688778230617611,0.41690890430376126,0.28308936894263437,35.41
HIGH,0.6576291651649325,0.7812334882057648,0.5002411742077898,0.653333609388711,0.5832325271391562,0.8811279782009697,0.9971213000747248,0.7820232745692706,0.6322527162114033,20,6,6,0,0.7812334882057648,0.5002411742077898,0.5832325271391562,77.18
HIGH,0.7387874131163745,0.6993462534589986,0.7553231490395552,0.7732487794587927,0.694962163119017,0.7923131189373166,0.9346979668453128,0.5262931391683083,0.6311785549823363,17,6,6,0,0.6993462534589986,0.7553231490395552,0.694962163119017,82.4
HIGH,0.521934602288532,0.34187495467401297,0.4018206636954573,0.6615962707444093,0.2505387393172633,0.7837138361577787,0.9585847841591145,0.521618440217859,0.5211963880936912,20,8,8,0,0.34187495467401297,0.4018206636954573,0.2505387393172633,75.97
HIGH,0.8296698432111196,0.7790140941101931,0.9151372813672343,0.9017740508238181,0.6697588265721369,0.7341908349450845,0.8875986637670794,0.5625370208445143,0.4456211625796702,12,6,5,1,0.7790140941101931,0.9151372813672343,0.6697588265721369,86.27
HIGH,0.7431400197680019,0.7821705813402262,0.6583595354249353,0.6559585371992636,0.4973319755202701,0.748274207903284,0.8379903421108975,0.4739175720947429,0.7534824410889845,17,5,4,1,0.7821705813402262,0.6583595354249353,0.4973319755202701,75.38
LOW,0.2868332817330232,0.3361900159143061,0.419779825664478,0.20023994665488065,0.18514545943527533,0.06801516440301461,0.09765837049991033,0.0,0.047100710515342106,2,12,1,11,0.3361900159143061,0.419779825664478,0.18514545943527533,18.46
LOW,0.49951303636960825,0.6519524778974728,0.6881635855963129,0.5255264396540662,0.37249194882739306,0.1836242882623932,0.23538072334584206,0.10000622046103641,0.11197305081340345,4,10,2,8,0.6519524778974728,0.6881635855963129,0.37249194882739306,14.51
LOW,0.13071951656751837,0.08357763676981128,0.11929925814238465,0.10094805900480838,0.2025079108489321,0.17449986189492808,0.17999101525719877,0.21604496378767174,0.11648129991537229,3,8,1,7,0.08357763676981128,0.11929925814238465,0.2025079108489321,0.0
MEDIUM,0.5519027155577952,0.6311707497054933,0.4437287887275658,0.43038429937835715,0.332650048382373,0.574865942208612,0.7576993536989317,0.3941950787160492,0.2070365712302157,8,5,4,1,0.6311707497054933,0.4437287887275658,0.332650048382373,53.79
LOW,0.30125442493870447,0.21726227516342955,0.36150770986523245,0.3533149768327387,0.09291001598079994,0.16339322014701718,0.1899417561406518,0.1340819988157417,0.11305883349738872,3,5,1,4,0.21726227516342955,0.36150770986523245,0.09291001598079994,16.6
LOW,0.13312087998528516,0.0894846274629738,0.11641153871547633,0.1564181536906363,0.10288639275198512,0.1898598341623753,0.2725169585560509,0.0,0.13174829514372394,3,7,2,5,0.0894846274629738,0.11641153871547633,0.10288639275198512,16.44
LOW,0.17205325315606296,0.07008159137121298,0.18429869112020478,0.25591188638726436,0.13740278909367104,0.18345254409722764,0.18599409759972044,0.23284023290520522,0.12644019478177157,5,10,2,8,0.07008159137121298,0.18429869112020478,0.13740278909367104,0.0
MEDIUM,0.3206310637342377,0.2542857122016888,0.43859795232026116,0.29064662010843034,0.4136985641945672,0.3082576268273756,0.33884673695937173,0.13326584394452637,0.39148207931423645,7,7,2,5,0.2542857122016888,0.43859795232026116,0.4136985641945672,19.57
HIGH,0.6695763931267923,0.6839358619594113,0.7209074561290245,0.7987301652045904,0.4484522216544728,0.7754817120718928,0.86850893634913,0.5455076887081736,0.7263740626038999,13,9,8,1,0.6839358619594113,0.7209074561290245,0.4484522216544728,65.68
MEDIUM,0.477617453286525,0.47493984214902973,0.5187997374340194,0.4635819779118626,0.47407409443846177,0.5600812347071074,0.6658167068161024,0.3655153214231372,0.4374407316640926,8,5,3,2,0.47493984214902973,0.5187997374340194,0.47407409443846177,53.29
LOW,0.02848339971713794,0.0076508471671794115,0.060520263425223896,0.06665636982892481,0.13855136394741668,0.22441104292902492,0.2913806398888094,0.09391539506279589,0.15399789991590038,4,8,2,6,0.0076508471671794115,0.060520263425223896,0.13855136394741668,8.43
MEDIUM,0.4934387615438205,0.5703434630891815,0.5504119504029448,0.5921165100143301,0.5782519628759655,0.5170955506936099,0.6554391660035416,0.25774148971904903,0.36141876573837606,12,9,6,3,0.5703434630891815,0.5504119504029448,0.5782519628759655,59.79
LOW,0.35138379913297346,0.4994171485776225,0.39682945219459065,0.3987546056308241,0.22180417866713154,0.184551208734091,0.2007588787780046,0.16979521591481522,0.15068419142162595,5,9,2,7,0.4994171485776225,0.39682945219459065,0.22180417866713154,21.53
HIGH,0.5975651334739868,0.6641465769546172,0.746252062787285,0.5954349933175546,0.5682435882300385,0.7193915251763896,0.8266163760070727,0.644047476077913,0.47306102178281706,22,11,9,2,0.6641465769546172,0.746252062787285,0.5682435882300385,67.25
MEDIUM,0.6480751953484001,0.6454416867114665,0.6584553242921588,0.7067644249185587,0.3693988385918516,0.5436199433313809,0.5665146392821842,0.7785574212403876,0.23999837756996437,15,10,6,4,0.6454416867114665,0.6584553242921588,0.3693988385918516,50.89
MEDIUM,0.6603143909447315,0.7046021626710757,0.7170998808056326,0.7883833746448721,0.43327902996149525,0.43978807656104746,0.3929627635243233,0.7036694783180558,0.3163826139142117,9,10,4,6,0.7046021626710757,0.7170998808056326,0.43327902996149525,47.94
HIGH,0.7063739839728093,0.6545401291585469,0.6361616371798051,0.6821241704235353,0.26512272448414587,0.763965242586237,0.8072078049777974,0.8064828312520657,0.5917199667457272,17,6,5,1,0.6545401291585469,0.6361616371798051,0.26512272448414587,69.83
LOW,0.18843609265381744,0.16242624062243127,0.18115100275562107,0.39319836918707407,0.05602511290543713,0.17654099257560374,0.22718703995196546,0.1781368709492371,0.02300697207288524,2,5,1,4,0.16242624062243127,0.18115100275562107,0.05602511290543713,13.78
MEDIUM,0.42226728823667703,0.49512886034004344,0.35775984187708826,0.4151668633449877,0.14420299763399197,0.5171378696040714,0.5981078591088694,0.395901414913682,0.3954643557800661,9,6,4,2,0.49512886034004344,0.35775984187708826,0.14420299763399197,40.18
MEDIUM,0.627814569052947,0.6021543485750284,0.5185409831133547,0.5734242278549617,0.27837501499534173,0.33550912111047576,0.35563406817891713,0.48419738949908,0.12644601151654758,9,9,3,6,0.6021543485750284,0.5185409831133547,0.27837501499534173,35.4
LOW,0.10623384906527446,0.1735014011314382,0.050366625179487964,0.0753244979767235,0.02382859380598141,0.20053097490753716,0.28273682772893194,0.15444439135088994,0.0,4,9,3,6,0.1735014011314382,0.050366625179487964,0.02382859380598141,4.95
HIGH,0.6647941770468162,0.7048597148147295,0.7224003023331788,0.602916913621273,0.3843762236830392,0.7050767067975288,0.8971224357077987,0.3412535838867688,0.4927626429774786,15,11,10,1,0.7048597148147295,0.7224003023331788,0.3843762236830392,71.86
MEDIUM,0.690632145766531,0.6476032492329588,0.6522472749378513,0.6081709515423925,0.48437468239329673,0.4726115882646753,0.5905250582535532,0.17283603047608115,0.41864673608663583,11,9,5,4,0.6476032492329588,0.6522472749378513,0.48437468239329673,44.46
HIGH,0.6786903505125917,0.7953048744718837,0.6879914815022767,0.6793906663777917,0.4292590454567228,0.7844127277552344,0.858722909562227,0.6975444149647654,0.6483504951247258,16,7,6,1,0.7953048744718837,0.6879914815022767,0.4292590454567228,80.41
LOW,0.02925035981392814,0.0,0.0,0.03188111394606779,0.0,0.09781885487858932,0.14045106578879027,0.0,0.0677410770265758,3,6,1,5,0.0,0.0,0.0,0.0
HIGH,0.6698058070319431,0.5067908657277251,0.6331492769923555,0.6088892835369533,0.49359148664891234,0.8530441700213715,0.9495765735043498,0.7149265324986174,0.7015645970951906,16,7,7,0,0.5067908657277251,0.6331492769923555,0.49359148664891234,88.84
LOW,0.1753001259457784,0.323021817537361,0.221518569736393,0.16005659203105174,0.054115606797314864,0.26004112348444675,0.35918152059006425,0.12069970208896691,0.10196135356307416,6,9,3,6,0.323021817537361,0.221518569736393,0.054115606797314864,16.08
LOW,0.2451374358902682,0.28952868256468633,0.1866064075027934,0.38996574641967297,0.04822853922411745,0.16070512842244283,0.2371253137396969,0.0,0.09214970089312359,3,7,2,5,0.28952868256468633,0.1866064075027934,0.04822853922411745,11.84
LOW,0.19705855450484244,0.308552492301345,0.09207734670472559,0.12873425297187713,0.2240164529449232,0.18496388272931077,0.20930657758957041,0.11511549298245645,0.1817841878953862,2,6,1,5,0.308552492301345,0.09207734670472559,0.2240164529449232,4.97
MEDIUM,0.6107426501937214,0.4746562425517604,0.5152051453209155,0.5014880048102671,0.5676892502042018,0.3528858397635189,0.45784000979503553,0.28466527078300025,0.10624389864948763,10,7,3,4,0.4746562425517604,0.5152051453209155,0.5676892502042018,39.83
HIGH,0.5435114474548258,0.5172752804701881,0.5552646285688964,0.46416545889216143,0.4459471290161662,0.8187573145433205,0.9708054837316056,0.544270258269181,0.6370998632526046,19,8,8,0,0.5172752804701881,0.5552646285688964,0.4459471290161662,86.99
MEDIUM,0.5423381284255999,0.6467352937186182,0.46468370119745334,0.4963284749681071,0.32099898007499955,0.42903623816960224,0.5300828142195817,0.2787268987558757,0.27620584943339016,7,10,5,5,0.6467352937186182,0.46468370119745334,0.32099898007499955,32.68
HIGH,0.7552776148620874,0.6705942393394162,0.800053770886381,0.8614269714076696,0.5237916789569101,0.8079691315368044,0.8193631182348892,0.8249908512628494,0.7567654517165049,16,6,5,1,0.6705942393394162,0.800053770886381,0.5237916789569101,85.36
HIGH,0.5252703666991915,0.5607437842020553,0.44696567579335955,0.4236125587796704,0.19491445759085452,0.8117511656372045,0.9952325834532545,0.48305773619651476,0.5900003416297447,18,9,9,0,0.5607437842020553,0.44696567579335955,0.19491445759085452,75.45
LOW,0.21380976866453938,0.15299700751925746,0.14586279569241223,0.20541124513046527,0.13705043326027588,0.21844650784712843,0.251518367891189,0.21016500671651597,0.12751242884555924,3,6,2,4,0.15299700751925746,0.14586279569241223,0.13705043326027588,7.6
MEDIUM,0.36235533571670414,0.38173749482592106,0.36910657634379823,0.5110095450717609,0.3019568902099115,0.6864875934972411,0.8363750924972053,0.4930278807979853,0.43028480919660417,10,7,6,1,0.38173749482592106,0.36910657634379823,0.3019568902099115,52.43
LOW,0.1371841115994979,0.057092717641829785,0.17053112699315864,0.0567523383037177,0.0,0.05866798430987579,0.06534966633228853,0.07656445117367518,0.020726471378838148,3,8,1,7,0.057092717641829785,0.17053112699315864,0.0,3.16
MEDIUM,0.29352700955532607,0.24747713234338947,0.3459785943380101,0.36466270787889155,0.24075789879206355,0.6256998590992541,0.730215407649313,0.6958404239238746,0.24201264862445665,14,11,8,3,0.24747713234338947,0.3459785943380101,0.24075789879206355,56.53
LOW,0.002294158074737562,0.0,0.0,0.0,0.0895374089918819,0.3174646301205257,0.4482526226144079,0.07423274953009468,0.16833253322931035,6,11,5,6,0.0,0.0,0.0895374089918819,7.6
HIGH,0.7537558882204973,0.8237314122231038,0.7907002807036317,0.7879529342858467,0.5225088316335526,0.7086158354760143,0.7725636379941779,0.8295432777513194,0.3958449856462183,20,9,7,2,0.8237314122231038,0.7907002807036317,0.5225088316335526,68.54
MEDIUM,0.7045769461667694,0.6982183671372189,0.6069598521320079,0.7686472853438127,0.4159363417594204,0.28594479232219505,0.26192139663188574,0.4539539096092934,0.19000586210602458,6,9,2,7,0.6982183671372189,0.6069598521320079,0.4159363417594204,42.88
LOW,0.0,0.030561003256367042,0.0,0.11333741137526442,0.03952078490158514,0.18759146471671118,0.2907389412503618,0.028945919897907502,0.03679457993456294,3,8,2,6,0.030561003256367042,0.0,0.03952078490158514,8.82
MEDIUM,0.3030213900019526,0.23681491690685974,0.380225476771073,0.28964080246091845,0.19004379620639067,0.4651821225127241,0.7090281353826695,0.16704736222689162,0.031778844188720345,8,6,4,2,0.23681491690685974,0.380225476771073,0.19004379620639067,39.62
MEDIUM,0.5719271437621861,0.585006899448942,0.6030483193392655,0.6054959645448558,0.2704965760485407,0.5509246993356302,0.5954318374644236,0.5314907566404012,0.4368372276444785,12,9,5,4,0.585006899448942,0.6030483193392655,0.2704965760485407,36.31
LOW,0.10434256505635536,0.20691599561206403,0.19477292444651936,0.028300260198739893,0.0684419771688472,0.1759085050822924,0.22982113322085285,0.1900791257489034,0.0,3,4,1,3,0.20691599561206403,0.19477292444651936,0.0684419771688472,0.4
MEDIUM,0.521064932829929,0.619951325496151,0.4712594727294496,0.5339594645207415,0.4298964369469827,0.39738332695823536,0.3736419987378464,0.5330695595503196,0.332921079027318,9,7,3,4,0.619951325496151,0.4712594727294496,0.4298964369469827,35.35
LOW,0.16395399098530675,0.1821212304556155,0.11427946153304173,0.08892656388996814,0.13192107288069957,0.12092005431847345,0.09238787995777167,0.18005802914488234,0.1473786025741699,3,6,1,5,0.1821212304556155,0.11427946153304173,0.13192107288069957,0.0
MEDIUM,0.3783329799063556,0.3743076335645388,0.4200456778994383,0.39029137434398276,0.35560054743727176,0.39609190989841375,0.4028250742875139,0.274660322417568,0.497324004211959,6,4,2,2,0.3743076335645388,0.4200456778994383,0.35560054743727176,31.3
HIGH,0.6565552512563883,0.704727686303595,0.6769969040091487,0.5521058455035658,0.400772468561563,0.8679605678358459,0.8999906360699451,0.7978761768078029,0.8419547541615913,17,9,8,1,0.704727686303595,0.6769969040091487,0.400772468561563,81.66
HIGH,0.6480609129656478,0.6856815374404113,0.4663507458936089,0.6923128826718878,0.40600389683290616,0.8030866542250608,0.891223581464358,0.9431445878053001,0.3986179389269294,22,9,8,1,0.6856815374404113,0.4663507458936089,0.40600389683290616,82.52
LOW,0.33503966273013275,0.3181313386976243,0.29283639472389045,0.3102010321546992,0.19631312481053453,0.06805034715693847,0.05717843927002687,0.11649505860773184,0.05222135936687994,4,9,1,8,0.3181313386976243,0.29283639472389045,0.19631312481053453,18.84
MEDIUM,0.35361002987462203,0.23603064306240484,0.5290775007606071,0.4065786695959127,0.17828502879425628,0.6341997933305602,0.8039732633900705,0.6212324767772064,0.13784669970538352,12,6,5,1,0.23603064306240484,0.5290775007606071,0.17828502879425628,47.64
MEDIUM,0.5354354335727746,0.4255745649069911,0.5588754774106895,0.628915271607391,0.4148268274279944,0.446410662617126,0.5386575467829863,0.21637964808474877,0.39970102465192214,7,6,3,3,0.4255745649069911,0.5588754774106895,0.4148268274279944,48.34
HIGH,0.641725123893111,0.6019062589416616,0.5423759342425971,0.6767078658611437,0.40682600242195277,0.7208383303390656,0.8310340818184119,0.49663674666454366,0.6144526595755491,12,6,5,1,0.6019062589416616,0.5423759342425971,0.40682600242195277,73.86
HIGH,0.7955445085984306,0.7667960433736973,0.7954544366467,0.808048450353328,0.6956097827335838,0.8710378286492441,1.0,0.8806474076384672,0.47454173560775303,19,6,6,0,0.7667960433736973,0.7954544366467,0.6956097827335838,99.64
LOW,0.20130492573334202,0.259529609323274,0.26093593798015235,0.21322034904369438,0.16015081048703936,0.14033129458332863,0.21178344041633657,0.021190346672109773,0.04511580499552379,1,7,1,6,0.259529609323274,0.26093593798015235,0.16015081048703936,7.87
HIGH,0.7761964135683702,0.8770537962066992,0.8821399627560925,0.8896736502331504,0.4676293867689583,0.781666900296055,0.785443257761027,0.8361487156130866,0.7158560125841081,21,11,9,2,0.8770537962066992,0.8821399627560925,0.4676293867689583,66.56
MEDIUM,0.5166529041491292,0.6168189058498164,0.631023199667788,0.589423576419956,0.3029291430748049,0.3697199251126995,0.3956324028171013,0.45679223036326133,0.20491018674893216,7,11,4,7,0.6168189058498164,0.631023199667788,0.3029291430748049,38.37
HIGH,0.6793233332468837,0.6053140313025044,0.5143812290514387,0.636809038361069,0.42413801514941984,0.8129156288190519,0.9889389327078765,0.49342887234397487,0.6043324736276551,15,5,5,0,0.6053140313025044,0.5143812290514387,0.42413801514941984,67.18
MEDIUM,0.4330718967842578,0.2095118388323371,0.3756519387394677,0.3630189181373885,0.23756851456235029,0.3810836983954433,0.4953037906301736,0.21747656933488152,0.2020305507518145,9,6,3,3,0.2095118388323371,0.3756519387394677,0.23756851456235029,48.3
HIGH,0.6982363349967724,0.6081298661813661,0.7039179908636864,0.7166334359690779,0.46682557352635823,0.7860606048768006,0.9316859982215558,0.711741756410205,0.4235032733091305,19,10,9,1,0.6081298661813661,0.7039179908636864,0.46682557352635823,91.88
LOW,0.3970933130371833,0.491114846581699,0.4152684832884523,0.3392447637076134,0.20780857164907873,0.19181657041870248,0.26396411419790256,0.11431260837909177,0.052877901120713146,5,10,3,7,0.491114846581699,0.4152684832884523,0.20780857164907873,24.12
LOW,0.29994716680081684,0.34002681234859927,0.3957527399577691,0.3781416068581239,0.20146767668978047,0.1791045574153888,0.18015505512280217,0.2783030992590942,0.07675452244944331,5,9,2,7,0.34002681234859927,0.3957527399577691,0.20146767668978047,3.19
MEDIUM,0.49871050618343804,0.5548010421518463,0.5314475789210509,0.5903864662949183,0.3882233698518195,0.418071554751202,0.43371479404988733,0.46886043629475277,0.3203529553115956,10,7,3,4,0.5548010421518463,0.5314475789210509,0.3882233698518195,36.73
HIGH,0.6822134226437019,0.7952987934870732,0.7926844479292736,0.6972649537853451,0.4832761116393199,0.8048606024428182,0.7853563210188927,0.9938730226732567,0.6743610264841561,15,10,8,2,0.7952987934870732,0.7926844479292736,0.4832761116393199,76.71
LOW,0.26828154383005987,0.23219907874639617,0.24974472651377835,0.31783457894643613,0.11043924397217401,0.14395123084334138,0.1311148779908816,0.11933266397609617,0.2070788562679659,4,10,1,9,0.23219907874639617,0.24974472651377835,0.11043924397217401,9.87
MEDIUM,0.2410581090598429,0.40283724653195074,0.41319882707424577,0.2775874170227941,0.2519669400854413,0.4335363887078474,0.5443000203992082,0.30808632738533265,0.22669555495627952,10,8,4,4,0.40283724653195074,0.41319882707424577,0.2519669400854413,28.17
LOW,0.2100274545802552,0.09092116967265276,0.3415723042781285,0.11235111231947367,0.09108012565563621,0.16790900782252952,0.23260917696210837,0.14171750822632248,0.0,3,7,2,5,0.09092116967265276,0.3415723042781285,0.09108012565563621,13.45
MEDIUM,0.30337943469041834,0.38303223093424754,0.3778417342363914,0.25065377149749807,0.014107700696510128,0.37677675511954334,0.38931159712079066,0.2309484826182415,0.48500050161710323,5,8,3,5,0.38303223093424754,0.3778417342363914,0.014107700696510128,24.05
LOW,0.25143400502063495,0.17322088027889382,0.1848321058053889,0.2814733688951863,0.3510271717946664,0.28869500310953944,0.4637345072283076,0.0,0.052271493862774465,6,9,4,5,0.17322088027889382,0.1848321058053889,0.3510271717946664,4.82
HIGH,0.6512857023436104,0.4973640064211855,0.5443122799442208,0.6058637455723347,0.46178149363877274,0.8653038083879853,0.9806482288211316,0.720869623016413,0.6637047324601184,17,8,8,0,0.4973640064211855,0.5443122799442208,0.46178149363877274,81.66
LOW,0.30325621693267835,0.2914262421771706,0.22892699594203525,0.33010886969165726,0.2600774482370969,0.2244957606683814,0.3479262903263741,0.032123712704039534,0.04657621965874504,4,10,3,7,0.2914262421771706,0.22892699594203525,0.2600774482370969,13.84
HIGH,0.5628994393718827,0.7273956905539236,0.5138886063232565,0.6322377115959397,0.3831496413677804,0.8030717693321834,0.9217089827897709,0.5974427000476475,0.6527891982439569,15,7,6,1,0.7273956905539236,0.5138886063232565,0.3831496413677804,85.7
LOW,0.13243044389804595,0.013207516705094055,0.28167668638092436,0.08827641378162582,0.29888513457874694,0.19429271830502448,0.24786252216954585,0.11428852003024513,0.11358750498623982,4,12,3,9,0.013207516705094055,0.28167668638092436,0.29888513457874694,8.2
HIGH,0.6786906614916937,0.6906356096630459,0.6573903295320035,0.6937411148667582,0.47272571682868014,0.749389155800362,0.7949153457452282,0.7262732075621758,0.6359265342039497,20,7,6,1,0.6906356096630459,0.6573903295320035,0.47272571682868014,80.45
HIGH,0.7831820744028014,0.7855898306115924,0.874491842781555,0.9088424433677695,0.6290298533631559,0.7648072228529686,0.8543773326550108,0.6420637123426799,0.6188404039571308,19,10,9,1,0.7855898306115924,0.874491842781555,0.6290298533631559,79.47
MEDIUM,0.3213216342577251,0.24601509380709163,0.21515140949761197,0.24583756868777917,0.3496596316923079,0.5842246722009442,0.7421249134769805,0.33519089310696604,0.35955772746681364,9,8,6,2,0.24601509380709163,0.21515140949761197,0.3496596316923079,60.57
LOW,0.23544194053297085,0.16697074674158927,0.21744719035938848,0.18004789641937333,0.1745675824659265,0.1554919586949458,0.2371907809519218,0.06588745061896377,0.0,4,12,3,9,0.16697074674158927,0.21744719035938848,0.1745675824659265,12.62
MEDIUM,0.2625586661604944,0.25589462368866744,0.23670090544154235,0.31932141661806057,0.27439882364996304,0.6116715259899677,0.6647544219564057,0.5476544671834298,0.5164398968971918,14,9,6,3,0.25589462368866744,0.23670090544154235,0.27439882364996304,48.84
LOW,0.1845479717312291,0.11513105117892643,0.20306263818757797,0.12126715898613814,0.18975166921489406,0.2806136089708423,0.3177233717767514,0.2203570046020159,0.2295409249219414,3,5,2,3,0.11513105117892643,0.20306263818757797,0.18975166921489406,41.44
HIGH,0.7224447971047011,0.7250077979296528,0.7178959853371075,0.5677450725018676,0.42847844751094144,0.7319536566721749,0.8910521924396273,0.5068280249079227,0.4797836811340703,20,13,12,1,0.7250077979296528,0.7178959853371075,0.42847844751094144,80.37
MEDIUM,0.52073513983477,0.48255251856516185,0.6204936396778646,0.5562201153233088,0.23579816051187236,0.4382027363145269,0.5338744001155558,0.31557033586564187,0.2738201453603253,11,9,5,4,0.48255251856516185,0.6204936396778646,0.23579816051187236,41.32
HIGH,0.7085637707656175,0.5364672104366329,0.7707951810806714,0.7476320983741356,0.3975185118688081,0.8474954181716492,0.9224465822717314,0.7795876962160447,0.6905496478270073,20,9,8,1,0.5364672104366329,0.7707951810806714,0.3975185118688081,90.0
LOW,0.24120032195950528,0.19151126642319943,0.3300240585692096,0.11242343281897149,0.25051394278668615,0.16809408194132164,0.20212507542176086,0.1965387330726293,0.03755645036869618,4,8,2,6,0.19151126642319943,0.3300240585692096,0.25051394278668615,13.67
MEDIUM,0.5263458105701224,0.37867428032433387,0.4729184460007333,0.40132740999898653,0.4512640073676483,0.5496098613617282,0.6100196166263555,0.4412077293797473,0.4767827275498271,11,7,4,3,0.37867428032433387,0.4729184460007333,0.4512640073676483,54.43
MEDIUM,0.6067950998494676,0.7733454489216308,0.5722777668203944,0.6734926671710582,0.45666826115930836,0.4916933553868115,0.5996668633675664,0.39943554580669755,0.260030641024661,10,3,2,1,0.7733454489216308,0.5722777668203944,0.45666826115930836,51.42
HIGH,0.6779707099981912,0.615266438537921,0.697189921357841,0.6744257151644244,0.40292589911578,0.808112754791845,0.9119441613321084,0.6433906614083271,0.6613406285545723,13,5,5,0,0.615266438537921,0.697189921357841,0.40292589911578,84.74
LOW,0.10965977374549167,0.0624364984648028,0.10158147641034104,0.10188545886012833,0.055765998011610834,0.1226260040528907,0.07657218218616205,0.17731589272535317,0.2060975809806142,1,4,0,4,0.0624364984648028,0.10158147641034104,0.055765998011610834,7.32
HIGH,0.4870821028295263,0.552317022931833,0.6181124937454286,0.41808912156290134,0.49892425466998946,0.7667801585915544,0.8857604575295995,0.712927418114624,0.46369200225434937,21,10,9,1,0.552317022931833,0.6181124937454286,0.49892425466998946,81.28
LOW,0.19908499557827647,0.4477552847928282,0.3071484074561725,0.24232627838192902,0.03964405713943234,0.014898995704817562,0.01639607249268382,0.0,0.025306761046036352,1,11,0,11,0.4477552847928282,0.3071484074561725,0.03964405713943234,0.0
HIGH,0.6742253597072113,0.7382294133491043,0.6039215387123449,0.7022002705965107,0.5019663293897179,0.7956808677245192,0.8320905591877671,0.9676012058420698,0.5145314552172247,19,6,5,1,0.7382294133491043,0.6039215387123449,0.5019663293897179,76.88
LOW,0.08153201998084601,0.14652532011220376,0.25532628914281036,0.0,0.09249329458554506,0.1770839427771524,0.10576283655799852,0.36896060595974634,0.19917059825202002,3,9,1,8,0.14652532011220376,0.25532628914281036,0.09249329458554506,0.0
MEDIUM,0.2865009362739011,0.18001182869453566,0.28720743748733135,0.2971742698373871,0.23855379611116012,0.43656503193026897,0.484071205327433,0.534029309226217,0.19658223444282877,10,9,4,5,0.18001182869453566,0.28720743748733135,0.23855379611116012,32.43
LOW,0.15446676548951188,0.10158056294395759,0.019395264997385198,0.0,0.09052932003571051,0.11832075737949274,0.18709725429564636,0.0,0.030312024010524668,4,11,2,9,0.10158056294395759,0.019395264997385198,0.09052932003571051,0.0
LOW,0.24060026916564034,0.19048418721679705,0.17590464393320573,0.2135406064630378,0.2774862769491956,0.23772077493965282,0.3417681563022487,0.026455318220772985,0.1368440875707449,3,8,3,5,0.19048418721679705,0.17590464393320573,0.2774862769491956,12.09
MEDIUM,0.5895666284583715,0.7137643918707958,0.5567207819324442,0.5376402834548264,0.5181560836857176,0.5213238765624375,0.7324223411470028,0.1271177196214969,0.28223463974968194,8,8,6,2,0.7137643918707958,0.5567207819324442,0.5181560836857176,57.8
HIGH,0.6459739254643624,0.6378665070775591,0.5268489428863337,0.48145766386623096,0.5440089844888863,0.8617886019246391,0.8407741528710523,1.0,0.7866205510100394,23,7,6,1,0.6378665070775591,0.5268489428863337,0.5440089844888863,83.05
LOW,0.0,0.05505241100802612,0.0025036699904916475,0.03450892685949592,0.0,0.08040796428357894,0.06273716832813629,0.05729733355788265,0.15653098287560316,1,7,0,7,0.05505241100802612,0.0025036699904916475,0.0,0.0
HIGH,0.588806805851247,0.662288901827096,0.5300787338328324,0.5651504786115864,0.6285631206703101,0.7617163723266231,0.875474062183953,0.5618850367733849,0.6202746383078718,16,4,4,0,0.662288901827096,0.5300787338328324,0.6285631206703101,79.63
MEDIUM,0.04474830078284287,0.023995364904780738,0.0,0.13467684349960607,0.13657991927359117,0.48265950325176743,0.6082014834746161,0.1093777605719974,0.47931530526299165,12,7,4,3,0.023995364904780738,0.0,0.13657991927359117,28.93
HIGH,0.653969561543747,0.7665260077662917,0.7026442722872357,0.7694008969449166,0.47553281293532684,0.8361683230898631,0.8962369072595361,0.7690260325797622,0.723104861090945,20,10,9,1,0.7665260077662917,0.7026442722872357,0.47553281293532684,69.8
LOW,0.05612952025460083,0.05892998074678789,0.04686822526495482,0.0,0.0765409731656039,0.3211128412699356,0.45851812882487325,0.06873944688200803,0.1612703729930504,8,13,6,7,0.05892998074678789,0.04686822526495482,0.0765409731656039,6.54
LOW,0.24807801831093151,0.36278306897284845,0.34520204556197837,0.02648732883216609,0.08803415759803437,0.1149580759718207,0.19159679328636783,0.0,0.0,2,7,1,6,0.36278306897284845,0.34520204556197837,0.08803415759803437,4.72
MEDIUM,0.45497575497417947,0.4824228089943499,0.4174879858569417,0.5647152607720732,0.32425447006987324,0.33147100156065956,0.419272949554768,0.1250925355300331,0.2744436236089606,6,10,4,6,0.4824228089943499,0.4174879858569417,0.32425447006987324,31.97
LOW,0.3993232969504677,0.43054341404331326,0.34346519779639895,0.4582328592516426,0.35652850695492444,0.1199917701743265,0.15235867852450227,0.0,0.14288281529812566,1,8,1,7,0.43054341404331326,0.34346519779639895,0.35652850695492444,15.54
HIGH,0.5484397958137519,0.5202704883426877,0.6510732945503009,0.6450847158207965,0.4785830672703631,0.819122536814098,0.9215386312073699,0.7691594406710199,0.5618373497773602,15,6,6,0,0.5202704883426877,0.6510732945503009,0.4785830672703631,72.64
HIGH,0.8076690731120444,0.7212788680458984,0.8119403623453404,0.7754605016918262,0.5498582972483627,0.810043852717577,0.8571165744838218,0.9311383245612556,0.5477312155751638,19,8,7,1,0.7212788680458984,0.8119403623453404,0.5498582972483627,81.88
HIGH,0.8062316821786841,0.9240469610171406,0.7144064847611287,0.6847435831875859,0.5705756355292311,0.8639519676325446,0.9887350060588027,0.7219192908567376,0.6316355291295767,14,5,5,0,0.9240469610171406,0.7144064847611287,0.5705756355292311,76.7
HIGH,0.48357805591567277,0.5901909920629109,0.6079637733483876,0.494829535280614,0.18724732837317787,0.8794518593803189,0.9300570123130542,1.0,0.6070882599624313,20,10,9,1,0.5901909920629109,0.6079637733483876,0.18724732837317787,72.12
MEDIUM,0.21879535740711245,0.39992244231222807,0.22996736112555188,0.28813719375647306,0.10700589734535804,0.35117641318935,0.3185370445212569,0.6351629661361752,0.16510796624680418,11,9,3,6,0.39992244231222807,0.22996736112555188,0.10700589734535804,21.79
MEDIUM,0.4320441315568523,0.35604006547346184,0.4967783469615673,0.4777678857567094,0.30029064878000683,0.4618915478710479,0.4647472792457455,0.7714635799564034,0.14375232166159965,10,5,2,3,0.35604006547346184,0.4967783469615673,0.30029064878000683,46.45
MEDIUM,0.5275339745936006,0.5298960215521638,0.5675609972191584,0.5661072344535732,0.5796294542337155,0.4603236462332864,0.5880045085743152,0.21378457346410115,0.3238201319793853,6,3,2,1,0.5298960215521638,0.5675609972191584,0.5796294542337155,55.7
MEDIUM,0.485826725237481,0.5377658576831206,0.5740872488276982,0.5998453978213361,0.3848242976951825,0.38502613314204326,0.5025832848230963,0.0,0.41738081124092746,8,9,5,4,0.5377658576831206,0.5740872488276982,0.3848242976951825,27.41
HIGH,0.6742763574171867,0.671522588533508,0.6697972702837273,0.7102644948704265,0.3571302490890178,0.7617076661336518,0.9450041489525877,0.5058223286383946,0.4677035551721014,16,10,9,1,0.671522588533508,0.6697972702837273,0.3571302490890178,83.64
HIGH,0.5351723251129927,0.6443303932447128,0.5599926232940723,0.5667023943841824,0.4753448586375708,0.8628559715885508,1.0,0.6902053792432254,0.6240744786995283,18,9,9,0,0.6443303932447128,0.5599926232940723,0.4753448586375708,68.06
HIGH,0.8378937830644556,0.8845604201330681,0.7524999277863402,0.925695503516048,0.5555786629594849,0.6976097757493059,0.7326379302003997,0.8535807630365042,0.4365543251088265,22,12,9,3,0.8845604201330681,0.7524999277863402,0.5555786629594849,76.97
LOW,0.4423918565655104,0.5223924195924692,0.4614478585482775,0.673524176102012,0.3214324006915061,0.16316640317809106,0.2698177782654604,0.006378681094074079,0.0,3,7,2,5,0.5223924195924692,0.4614478585482775,0.3214324006915061,21.42
LOW,0.26606743221179474,0.1996365902883006,0.3147661809633479,0.3408615508392868,0.14669629354299338,0.13544461673319255,0.08434172812788808,0.2543649317383628,0.16983296754393568,5,8,1,7,0.1996365902883006,0.3147661809633479,0.14669629354299338,10.09
HIGH,0.5998297935627239,0.5912058627344325,0.6615674318012513,0.7110105307713493,0.4222318770973542,0.8109008668330907,0.9970499942348542,0.6071461136995938,0.45620823776129754,14,5,5,0,0.5912058627344325,0.6615674318012513,0.4222318770973542,70.67
MEDIUM,0.5027155711571215,0.49506638322397656,0.6404757121447675,0.39853418163940113,0.33818661622041063,0.6929325517018896,0.8499510688152793,0.3211918986550665,0.5936176534085433,16,10,8,2,0.49506638322397656,0.6404757121447675,0.33818661622041063,68.17
LOW,0.15117883354044237,0.14194360795000932,0.07222423327535223,0.14590180288205884,0.10538457855381357,0.33129231480212223,0.4027081994383045,0.15932757107274775,0.28900940462294983,3,4,2,2,0.14194360795000932,0.07222423327535223,0.10538457855381357,22.6
MEDIUM,0.4368507359659983,0.3194245891138982,0.4172407810740813,0.3410428753456052,0.16643293836121825,0.6299858176288852,0.849824172648085,0.27967822666386966,0.32077834353630164,11,8,7,1,0.3194245891138982,0.4172407810740813,0.16643293836121825,50.16
HIGH,0.7337235478524147,0.847214372817531,0.8095183987767406,0.636198196056008,0.6124597253203508,0.7822025148372515,0.9380350409221895,0.5250557998773009,0.5718516515423883,17,9,8,1,0.847214372817531,0.8095183987767406,0.6124597253203508,84.47
MEDIUM,0.6891398453095816,0.5347970669913236,0.735367943175833,0.7184809223504074,0.5466922310618786,0.44042301312469917,0.4437444472527607,0.5838394056666112,0.28704231819860254,8,6,3,3,0.5347970669913236,0.735367943175833,0.5466922310618786,57.48
LOW,0.38005059834424215,0.46396430078765305,0.526198144012322,0.5177644774729542,0.2308447723608102,0.07090853269089985,0.09568046448197882,0.0,0.06750127000856278,1,12,1,11,0.46396430078765305,0.526198144012322,0.2308447723608102,9.53
LOW,0.23749951536077155,0.34038629009791643,0.11436266595961021,0.12967743683032412,0.3149116646799756,0.23490652792438368,0.2879680249342172,0.07406194386515413,0.23656662095411282,3,5,1,4,0.34038629009791643,0.11436266595961021,0.3149116646799756,12.65
LOW,0.0,0.0,0.058943737282909726,0.0,0.12552977728008516,0.2419825704310637,0.3466166008568944,0.00414363747794081,0.16591941210669445,3,6,2,4,0.0,0.058943737282909726,0.12552977728008516,6.96
LOW,0.27869261855643823,0.23826415886428598,0.2322368163634504,0.33522469723961545,0.11148753862116487,0.11870788143725777,0.09357974367642861,0.20411560400300824,0.10868457215399471,3,5,0,5,0.23826415886428598,0.2322368163634504,0.11148753862116487,6.98
LOW,0.0,0.0722731437625927,0.0,0.0,0.06394028303859915,0.21687718551604054,0.29669499155706247,0.021289700140537073,0.17301125276847826,6,12,4,8,0.0722731437625927,0.0,0.06394028303859915,8.72
MEDIUM,0.3967538153365293,0.39228293110478885,0.4320131436295503,0.2961528586441373,0.2007894799749245,0.34290324616071677,0.33583747855261237,0.39703732445828255,0.3099664706874644,9,7,2,5,0.39228293110478885,0.4320131436295503,0.2007894799749245,20.85
HIGH,0.7780526484912506,0.8523579109013416,0.7143945522745431,0.7966160568707098,0.46675612986597226,0.7897299869259344,0.8842128373138157,0.6787674788303127,0.6172439438579121,19,9,8,1,0.8523579109013416,0.7143945522745431,0.46675612986597226,77.76
MEDIUM,0.5161278421435559,0.5712426045505264,0.4585662277858849,0.5893746914702445,0.22956600332280658,0.3799077853441899,0.4853772768933927,0.29489618354116715,0.1485109124996041,8,7,3,4,0.5712426045505264,0.4585662277858849,0.22956600332280658,24.43
LOW,0.2461495720902404,0.1062774975091745,0.40947267483559596,0.2631488694449591,0.18488762884626905,0.20445017584882724,0.2278488093990969,0.16045206306008325,0.17825238798676227,4,5,1,4,0.1062774975091745,0.40947267483559596,0.18488762884626905,19.82
MEDIUM,0.435752557118016,0.1875316933880902,0.3362332641418889,0.4772604992190686,0.42508853661360035,0.5687876651730228,0.6593255383175196,0.3348569868443421,0.5311047240682133,11,10,7,3,0.1875316933880902,0.3362332641418889,0.42508853661360035,63.46
HIGH,0.5528159779462544,0.5191275469763406,0.49212476370460756,0.5236214487873024,0.4667802542024896,0.7794486654471978,0.8972816342716258,0.648340646476043,0.5570577779450686,10,3,3,0,0.5191275469763406,0.49212476370460756,0.4667802542024896,71.48
MEDIUM,0.42218550154246587,0.5345157719111131,0.41622954175101007,0.31641204412462703,0.2162198723532587,0.6895526491232367,0.8065863863488381,0.656498794291803,0.37150529227786583,12,5,4,1,0.5345157719111131,0.41622954175101007,0.2162198723532587,61.24
MEDIUM,0.38159867332687686,0.35258818981729734,0.3304214807519111,0.28999275665815494,0.4037178548756382,0.5364633432501666,0.6823470692544543,0.29301411148333795,0.34226139700413233,16,9,6,3,0.35258818981729734,0.3304214807519111,0.4037178548756382,52.4
HIGH,0.7037981013069334,0.6690441846341194,0.8144149215198626,0.7559798707122282,0.40970447550941347,0.7849810951941161,0.936309324347187,0.8174772176841625,0.29850028524485667,18,6,6,0,0.6690441846341194,0.8144149215198626,0.40970447550941347,71.65
HIGH,0.6729538259605738,0.7122773666881692,0.7159765225126633,0.7995457901758907,0.4792940669613515,0.7005872167934362,0.8701877717231583,0.38852808276895034,0.5038446860287558,18,9,8,1,0.7122773666881692,0.7159765225126633,0.4792940669613515,75.67
MEDIUM,0.603166027088951,0.6091877745385477,0.7125515341089698,0.5450342799450033,0.4148871145082166,0.4240855878639277,0.477875015520937,0.5085410263478016,0.17826186640902617,6,7,3,4,0.6091877745385477,0.7125515341089698,0.4148871145082166,45.95
HIGH,0.7910707951300097,0.8560810042075919,0.8582228268084056,0.8470463014049301,0.6151891188416148,0.7815559181253955,0.9543130766102901,0.5188635740184883,0.5259767867776185,16,8,8,0,0.8560810042075919,0.8582228268084056,0.6151891188416148,75.01
MEDIUM,0.4775971338028169,0.5500592065005703,0.4783444865355934,0.6987828827511525,0.24234175064644475,0.5772691481198644,0.6167413213098547,0.6082405221298883,0.4278812545398694,15,9,6,3,0.5500592065005703,0.4783444865355934,0.24234175064644475,54.67
LOW,0.3283159106354262,0.2601377025785825,0.3540413456461771,0.20453218027327802,0.3820000347683693,0.20137040055933988,0.22690777292380815,0.2348772844067013,0.09125139961857363,6,4,1,3,0.2601377025785825,0.3540413456461771,0.3820000347683693,27.48
HIGH,0.8145762288390889,0.9774448113386325,0.7983811748825278,0.8066368359809312,0.5940079836585201,0.741812932447005,0.8111223494758321,0.5118665100837261,0.7638311037238027,13,8,6,2,0.9774448113386325,0.7983811748825278,0.5940079836585201,73.83
LOW,0.0024103114875061006,0.022782303275814052,0.199387811090903,0.16489532167062845,0.059007496123121554,0.27890676156326655,0.3579731132052777,0.2306826284796275,0.08993183972087213,8,10,4,6,0.022782303275814052,0.199387811090903,0.059007496123121554,0.0
HIGH,0.7361475448088551,0.744400703606792,0.7373182092620856,0.7546811426112894,0.546860501151147,0.8484850823142869,0.9894892234290543,0.745302932645436,0.5286548086388354,15,6,6,0,0.744400703606792,0.7373182092620856,0.546860501151147,88.15
MEDIUM,0.5635052506457546,0.5979096618995831,0.6549874442503154,0.5123997129683925,0.3113469089872033,0.5625828975371467,0.7204085839401498,0.3759907913335108,0.27569794453177315,12,9,6,3,0.5979096618995831,0.6549874442503154,0.3113469089872033,50.06
MEDIUM,0.40075116679015516,0.5367526106095075,0.29406727770506214,0.42614307738858004,0.261963696659261,0.26238270960110993,0.2537147985348725,0.48164159561033265,0.06912755679059927,10,7,2,5,0.5367526106095075,0.29406727770506214,0.261963696659261,21.3
LOW,0.28003564705620104,0.2600742030138491,0.24763087148101529,0.3820350452297469,0.07929707942388299,0.12452606013937277,0.14484712934354937,0.18664470110697712,0.0014442115592385853,4,12,2,10,0.2600742030138491,0.24763087148101529,0.07929707942388299,15.73
LOW,0.18477120760375726,0.14645023865603254,0.18133404264742156,0.24178594740298726,0.030697360926544293,0.09129175491950668,0.055608969352267584,0.24842027217536233,0.04121159436536829,3,9,1,8,0.14645023865603254,0.18133404264742156,0.030697360926544293,3.25
LOW,0.19148308122424762,0.16293699096681744,0.1699058303222562,0.15120640769804716,0.0670290875944689,0.16868784936079576,0.1400663764500944,0.26632101128886154,0.15691910616483407,5,7,1,6,0.16293699096681744,0.1699058303222562,0.0670290875944689,0.0
MEDIUM,0.6054186923792307,0.7843254135011221,0.6863428075055233,0.6403974558884445,0.5529071231522764,0.3863186158654078,0.4561285852939605,0.27091670165957,0.2922906217855873,8,11,5,6,0.7843254135011221,0.6863428075055233,0.5529071231522764,32.96
MEDIUM,0.5361036596491039,0.47985721357389777,0.5897370958708585,0.6455756070131362,0.4953187311027252,0.5298274064675206,0.6029939152792363,0.33188045022220447,0.5082748362776897,12,8,5,3,0.47985721357389777,0.5897370958708585,0.4953187311027252,64.5
LOW,0.10029087670929873,0.0011690542046357277,0.07648052310425069,0.15705080658595674,0.11468220038091044,0.3223719750006025,0.4648498478556408,0.1435056287761407,0.07380470265994928,6,6,3,3,0.0011690542046357277,0.07648052310425069,0.11468220038091044,23.27
LOW,0.20222606029152698,0.12256701140136643,0.16817505946354175,0.2027214184069403,0.05104043737056979,0.09853203601175219,0.14148509972523723,0.025588016588668105,0.04261686429438117,2,6,1,5,0.12256701140136643,0.16817505946354175,0.05104043737056979,0.0
HIGH,0.7200800053530291,0.8156572233522921,0.8710162765880373,0.7742660064667706,0.5490147062104511,0.8354045260404794,0.9592269817835916,0.7433177634004318,0.5560239214511911,16,8,8,0,0.8156572233522921,0.8710162765880373,0.5490147062104511,89.94
HIGH,0.8449518974290642,0.9181627697158895,0.794875767646986,0.9446871811809646,0.3353921325499872,0.7983448811901143,1.0,0.38231094445006697,0.6094134615005043,19,9,9,0,0.9181627697158895,0.794875767646986,0.3353921325499872,84.83
HIGH,0.6672712088619444,0.6497382246619717,0.50333584753256,0.6709009375788034,0.3595046973369065,0.8483791727678989,0.9519268082474763,0.6007840528346973,0.7853313862623681,18,7,7,0,0.6497382246619717,0.50333584753256,0.3595046973369065,80.0
LOW,0.17952869948625044,0.23980177477996878,0.22768788393944744,0.15606728046002102,0.0,0.22828532368770799,0.27733503052799435,0.1419486585463489,0.16747286830820793,3,7,2,5,0.23980177477996878,0.22768788393944744,0.0,13.95
HIGH,0.8391683773400113,0.8414670199357247,0.8355310262048511,0.8725487350892898,0.5277247572578948,0.7230279233340717,0.8483891423101144,0.6304209467324117,0.4395512430076034,21,8,7,1,0.8414670199357247,0.8355310262048511,0.5277247572578948,85.37
LOW,0.35516772609549185,0.2891760382549602,0.5544029156858915,0.3183275246907137,0.4489979978177623,0.30743049373040376,0.43992836573355787,0.0,0.21736737145134516,3,7,3,4,0.2891760382549602,0.5544029156858915,0.4489979978177623,25.61
LOW,0.25019970879162784,0.17493615020782252,0.26436605113257333,0.3570287151188397,0.21379158969738477,0.12492322793251583,0.15682500952626238,0.154141111083792,0.0,3,6,1,5,0.17493615020782252,0.26436605113257333,0.21379158969738477,13.78
MEDIUM,0.514219974540161,0.5120293706273263,0.45117200285995585,0.6332693294657079,0.2901746367313467,0.5067411553562056,0.6128558424558731,0.32757906936924996,0.36755918004415866,11,7,4,3,0.5120293706273263,0.45117200285995585,0.2901746367313467,59.61
LOW,0.21576253259736483,0.1809525129090701,0.4415314753061296,0.13643256901640735,0.23915672799016865,0.18567237013368673,0.23993418656919488,0.09374625578212786,0.1148130351787212,4,7,2,5,0.1809525129090701,0.4415314753061296,0.23915672799016865,11.99
MEDIUM,0.5784986658100513,0.6197692875801638,0.6245433804748214,0.725661678249711,0.30790640959300863,0.3869646252733263,0.5225900884357345,0.0,0.3670528610594282,6,10,5,5,0.6197692875801638,0.6245433804748214,0.30790640959300863,44.77
LOW,0.1657531890983437,0.17531846234794626,0.2932888981191289,0.09709736365187181,0.14515194490540886,0.2368441381477114,0.2929805305750907,0.15684701636794857,0.1484320826453363,4,10,3,7,0.17531846234794626,0.2932888981191289,0.14515194490540886,20.93
MEDIUM,0.42073821564211145,0.5285482557472118,0.37029286629195385,0.4463604708980331,0.22223328854995428,0.776431620504646,0.9278853723167526,0.8117309033453577,0.2867710822276145,16,9,8,1,0.5285482557472118,0.37029286629195385,0.22223328854995428,67.93
MEDIUM,0.4451278277733049,0.32347443517874774,0.4661696934985521,0.44174439797229337,0.3428095251046671,0.45960766690867155,0.5383723333353277,0.27793212730429084,0.4049892072330838,13,9,5,4,0.32347443517874774,0.4661696934985521,0.3428095251046671,38.04
HIGH,0.7616768526184435,0.6032277998793258,0.9299712437169064,0.7836272641206489,0.7516193862454859,0.7023456208547106,0.8304523952255495,0.4264709234771872,0.5938999951197178,17,9,7,2,0.6032277998793258,0.9299712437169064,0.7516193862454859,73.82
LOW,0.05146442059214787,0.07411646512420275,0.0,0.0,0.0,0.24643078054083017,0.251679078239406,0.2987759237256293,0.1783407442603035,7,11,3,8,0.07411646512420275,0.0,0.0,8.7
LOW,0.06771443861076075,0.03465601329922116,0.04090005704416781,0.13919900031942647,0.0,0.23957348734005207,0.2916115529091921,0.15796498317694024,0.16506779479574377,7,10,3,7,0.03465601329922116,0.04090005704416781,0.0,6.15
LOW,0.12634507144370918,0.04916147062230378,0.26753137421199735,0.06137556845514315,0.15257275770588524,0.2017346994512842,0.2637251359408979,0.21749808943372717,0.0,5,10,3,7,0.04916147062230378,0.26753137421199735,0.15257275770588524,4.58
LOW,0.30367707870410043,0.3621763200901063,0.29344320206366037,0.21254848157855805,0.10571949540170632,0.19232769970266672,0.29036361919095943,0.0,0.09054764094045534,5,13,4,9,0.3621763200901063,0.29344320206366037,0.10571949540170632,18.73
LOW,0.07726983438275557,0.14093559734579966,0.054681675271166935,0.17115955290784948,0.06840220783038076,0.41283782872037333,0.6267635342660157,0.05276801846866516,0.13113052233515435,6,6,4,2,0.14093559734579966,0.054681675271166935,0.06840220783038076,30.1
LOW,0.17827151058865723,0.2960182924686994,0.28640823901845364,0.07311985944740555,0.08819309303883946,0.3015317706722754,0.4305676107556361,0.09328221993052774,0.12267380116394071,5,10,4,6,0.2960182924686994,0.28640823901845364,0.08819309303883946,10.07
MEDIUM,0.60655483438263,0.6961360622428138,0.6721361437575979,0.6034220384889685,0.5475453578358104,0.5066695851289189,0.5421032153742534,0.4855936024744815,0.4214446770473526,13,12,7,5,0.6961360622428138,0.6721361437575979,0.5475453578358104,44.08
HIGH,0.8471852578682512,0.811715298477026,0.76678255931911,0.9527080151615401,0.43885694314823837,0.6992722800151521,0.7725758857166679,0.6163409770382581,0.5622927658874985,15,6,5,1,0.811715298477026,0.76678255931911,0.43885694314823837,78.82
HIGH,0.9033464179167857,0.93772731471737,0.9936255408385285,0.7868493788232399,0.48585831129669543,0.8478445466158113,0.9368050088519141,1.0,0.4288077065233143,17,8,7,1,0.93772731471737,0.9936255408385285,0.48585831129669543,91.27
MEDIUM,0.3908866543964686,0.2864447421428945,0.28465323914730173,0.24000600643932943,0.321279038398987,0.515664210601932,0.6396371538146708,0.46851068730947715,0.19089890425617093,13,10,6,4,0.2864447421428945,0.28465323914730173,0.321279038398987,38.0
HIGH,0.6350884530964029,0.6504613998107008,0.7644682775218428,0.7261169823457241,0.4189408748045742,0.7793182404420237,0.9430897169419488,0.4297139900956484,0.6376080612886241,16,6,6,0,0.6504613998107008,0.7644682775218428,0.4189408748045742,94.04
MEDIUM,0.8007363971085637,0.839987236131202,0.7407663464476076,0.7370999037698105,0.7970110387608337,0.4768398127116157,0.6239483027054649,0.23676942876683227,0.2755847266748515,10,9,6,3,0.839987236131202,0.7407663464476076,0.7970110387608337,64.88
MEDIUM,0.3146435202524789,0.36621394647359173,0.3088117118779084,0.2747198925677816,0.32746788095572943,0.26386048523266775,0.33078615479729356,0.0,0.326943961771458,3,8,3,5,0.36621394647359173,0.3088117118779084,0.32746788095572943,7.11
MEDIUM,0.5055617817551615,0.507133439600904,0.6811813744719167,0.5873267812004069,0.5308209242826336,0.3199182485073101,0.37300691078252185,0.10652148197506307,0.37404902821392194,9,9,3,6,0.507133439600904,0.6811813744719167,0.5308209242826336,19.49
LOW,0.29892686334202945,0.37382062868694044,0.26639131284542766,0.34041607706971555,0.13168309514288534,0.10676923043758656,0.1648464701783443,0.0,0.03930674165289984,2,8,1,7,0.37382062868694044,0.26639131284542766,0.13168309514288534,4.87
LOW,0.39610957884590114,0.3560645433879604,0.4225068247283995,0.255391822346353,0.4130416184830724,0.15619581884592723,0.22005927805842157,0.055612545707487276,0.06518871434688416,2,10,2,8,0.3560645433879604,0.4225068247283995,0.4130416184830724,11.74
MEDIUM,0.4343266702522481,0.6347516273465212,0.40731919261639754,0.5135448296171804,0.48519438783016877,0.4625749228060185,0.6505921128682645,0.21523678574373228,0.14586148968156648,13,9,6,3,0.6347516273465212,0.40731919261639754,0.48519438783016877,49.55
LOW,0.4591947047738087,0.5261846475250582,0.37114407551029527,0.4632795660141651,0.45845781269378116,0.171130976580188,0.17014642508623845,0.25057055948129586,0.0946450481609287,5,9,2,7,0.5261846475250582,0.37114407551029527,0.45845781269378116,21.81
MEDIUM,0.25697496882999393,0.2216475054235079,0.15831832188171874,0.22440628023892523,0.10036610121447577,0.6054469630486257,0.7017731764353363,0.5546799874171022,0.36723529852001724,10,5,4,1,0.2216475054235079,0.15831832188171874,0.10036610121447577,38.2
HIGH,0.764742116722927,0.8441104625561354,0.8025696991116505,0.8654198418440503,0.5612951203997948,0.8254909537357225,0.8813151782391763,0.8247321019398823,0.6587771320212009,18,7,6,1,0.8441104625561354,0.8025696991116505,0.5612951203997948,84.16
MEDIUM,0.5028127790535983,0.3992510045103571,0.5290707158002992,0.3799882748807018,0.28000223763544474,0.45624073721658015,0.4849601797396476,0.5903449540622692,0.23597819280168872,11,6,3,3,0.3992510045103571,0.5290707158002992,0.28000223763544474,48.33
HIGH,0.5988120050835465,0.6156803156547288,0.7963773488217214,0.579669688360799,0.43784144452854534,0.6771841929435346,0.7671167793569903,0.4794041424015693,0.6051664842451324,15,7,5,2,0.6156803156547288,0.7963773488217214,0.43784144452854534,66.56
MEDIUM,0.5718367539149781,0.4724219584411861,0.510643001450384,0.5901955471577152,0.5569880285411426,0.3793029976972362,0.3994185471808765,0.3795368906839104,0.3187224562596409,11,9,4,5,0.4724219584411861,0.510643001450384,0.5569880285411426,34.57
HIGH,0.8330321718826379,0.9757489061923638,0.8731860358603676,0.8456271247108486,0.5356640729563595,0.7015466012199152,0.7832810614280314,0.5944092934683004,0.563480528347181,17,8,6,2,0.9757489061923638,0.8731860358603676,0.5356640729563595,67.91
HIGH,0.8994769509130309,0.9791248516732088,0.9487721612500486,0.9307315409148301,0.5930906798992549,0.6553274919412058,0.759674379859463,0.7414257180823999,0.25618860204523985,15,7,5,2,0.9791248516732088,0.9487721612500486,0.5930906798992549,76.78
HIGH,0.8824342785100061,0.9650592172041472,0.8084081372242159,1.0,0.6796009088393743,0.7590994492686203,0.8246416272197591,0.6565433822592485,0.665028982424576,16,7,6,1,0.9650592172041472,0.8084081372242159,0.6796009088393743,83.64
MEDIUM,0.41758885826905184,0.33555185226559675,0.48708229952558935,0.34494442422287463,0.32149257120147523,0.2611833519988275,0.3414766272409604,0.12331262337173797,0.1581742548995182,6,7,2,5,0.33555185226559675,0.48708229952558935,0.32149257120147523,25.57
LOW,0.1831360615970333,0.12309029282022513,0.22587034101865394,0.16172515511069235,0.12011214255607464,0.12085663061958969,0.11060612737963284,0.27246477095905,0.0,4,7,1,6,0.12309029282022513,0.22587034101865394,0.12011214255607464,4.69
HIGH,0.5188316463588593,0.4635109302875186,0.4420808590387635,0.6531696137759021,0.5896517453110067,0.7390847963813431,0.8959366657603518,0.3690486919401754,0.6385652926854847,12,6,5,1,0.4635109302875186,0.4420808590387635,0.5896517453110067,64.66
HIGH,0.6645279748509249,0.5594478189045836,0.608366881918144,0.7461235146799996,0.46181388835823184,0.7194719469819814,0.9100251073191017,0.20355037392974068,0.6637340390228612,15,7,6,1,0.5594478189045836,0.608366881918144,0.46181388835823184,74.05
LOW,0.032221040444881964,0.20620871703912805,0.09648082228867269,0.10126699242000228,0.20443749885667994,0.19552506178416382,0.22689044146746334,0.2352400051381753,0.06171397938025371,3,9,2,7,0.20620871703912805,0.09648082228867269,0.20443749885667994,0.21
LOW,0.07326010900402764,0.0996140467940021,0.04830345221408612,0.0,0.005515887726927023,0.156775957909621,0.1585934356215929,0.18528364648382425,0.12281583619950219,5,11,2,9,0.0996140467940021,0.04830345221408612,0.005515887726927023,0.0
MEDIUM,0.40823423557061495,0.44727206405966846,0.41302000736767314,0.35794946485390117,0.28662401200568194,0.46885760864733006,0.6191770998332138,0.14871569233964418,0.33804105139736457,9,5,3,2,0.44727206405966846,0.41302000736767314,0.28662401200568194,47.13
HIGH,0.5883403560224574,0.6790164943277741,0.6632027611079078,0.5737617922458262,0.37417391391022947,0.6560509777122259,0.8131883154807971,0.38083806045550145,0.45985188166323654,15,5,4,1,0.6790164943277741,0.6632027611079078,0.37417391391022947,53.94
MEDIUM,0.5022846152262126,0.5308845537820488,0.5379077040581309,0.5779966406221866,0.30700701441468176,0.4873977117834943,0.5631325968535319,0.29128769740685395,0.45630307095002176,10,12,7,5,0.5308845537820488,0.5379077040581309,0.30700701441468176,26.78
LOW,0.3070372884235709,0.4635954734834473,0.3660685165209034,0.41869976511854745,0.3809321751841307,0.2630872097606854,0.37577333259570406,0.1881160510163149,0.0,5,8,3,5,0.4635954734834473,0.3660685165209034,0.3809321751841307,19.19
MEDIUM,0.6380673676425485,0.5775208329474794,0.7019915566718806,0.6633826976328869,0.360893918425951,0.3067071109367419,0.38850977526196323,0.009736985303967053,0.3582692435938527,4,8,3,5,0.5775208329474794,0.7019915566718806,0.360893918425951,22.99
LOW,0.1826272706399684,0.125531792891914,0.10550407666790214,0.16354125756610713,0.17483873802190378,0.11531122584109504,0.16040204186943807,0.0,0.09535000359716098,3,10,2,8,0.125531792891914,0.10550407666790214,0.17483873802190378,4.72
LOW,0.11103361894353957,0.0372018256352423,0.0,0.2055316858545117,0.12396895086526263,0.17728317810135463,0.20989842071034764,0.12955827667773895,0.12716235169799128,3,7,1,6,0.0372018256352423,0.0,0.12396895086526263,2.08
LOW,0.30202020414560854,0.3154507869316399,0.41129894615598334,0.4011952637062819,0.07336171214542561,0.1534125230101444,0.17325760627100506,0.09836756031914144,0.14892223591856532,3,8,1,7,0.3154507869316399,0.41129894615598334,0.07336171214542561,9.11
HIGH,0.5556659557271945,0.5214775740018074,0.40817187617550627,0.47329480027533405,0.42068391564622637,0.8105833817437915,0.9268923431968518,0.587361661591869,0.6848782175365333,20,11,10,1,0.5214775740018074,0.40817187617550627,0.42068391564622637,76.18
HIGH,0.7626887721451525,0.6671639337431807,0.9063555568954944,0.8538875931634106,0.41398950510749644,0.7508590372493534,0.8368785219599454,0.7342497528089653,0.5094098675579655,17,9,8,1,0.6671639337431807,0.9063555568954944,0.41398950510749644,86.32
MEDIUM,0.7404666157210495,0.7886806394900759,0.6325142686611989,0.9073863423989094,0.6281945264917863,0.49154150215441283,0.607022143762147,0.4793266912396856,0.15731438824593746,8,4,2,2,0.7886806394900759,0.6325142686611989,0.6281945264917863,70.82
MEDIUM,0.6551005796890973,0.7607982423444725,0.6567492762319336,0.7498011333952753,0.6108299443678411,0.447603411876746,0.5379727043375685,0.30724488789103555,0.31685405847998904,8,3,2,1,0.7607982423444725,0.6567492762319336,0.6108299443678411,58.82
LOW,0.2344674420361374,0.23098933198817712,0.0747056908397929,0.3674750229084066,0.1273443246851243,0.15833941388224354,0.12586758469637924,0.23579827784518279,0.17829603747689718,4,9,1,8,0.23098933198817712,0.0747056908397929,0.1273443246851243,2.45
LOW,0.32947841094572494,0.27530706541531136,0.24961174654622484,0.33576672717266015,0.24084058877178685,0.16662519118848132,0.2777086519808022,0.0,0.0,3,10,3,7,0.27530706541531136,0.24961174654622484,0.24084058877178685,10.89
LOW,0.2094252273797083,0.2912582419417529,0.2374522853055108,0.23424079090378416,0.17694316758474946,0.013069046464702761,0.0,0.0014834011592094521,0.06386183116430436,1,7,0,7,0.2912582419417529,0.2374522853055108,0.17694316758474946,1.24
HIGH,0.5519795972959299,0.5512727663520518,0.6089030916098321,0.47805294369818435,0.3671024407303631,0.819023602176159,0.937324169238988,0.6522417718959032,0.6309037312679276,16,8,7,1,0.5512727663520518,0.6089030916098321,0.3671024407303631,68.55
MEDIUM,0.4619967332990844,0.3825701710746364,0.5085611992867055,0.563430613806286,0.257388406512958,0.32365928748563677,0.4408551783583062,0.19717028861573627,0.09856061373752886,8,12,5,7,0.3825701710746364,0.5085611992867055,0.257388406512958,24.52
HIGH,0.6612032533606018,0.6055865040275364,0.7762491083014461,0.5613042280754974,0.30898885422358746,0.7968467000267246,0.9441427265829929,0.6285587007381382,0.5232466196465062,18,9,8,1,0.6055865040275364,0.7762491083014461,0.30898885422358746,79.56
HIGH,0.5331904850328171,0.47715621452957324,0.4464412897609027,0.554726948914672,0.19336184845199564,0.7506615944970788,0.8642271925651813,0.6153850283336448,0.5452413664562057,17,9,8,1,0.47715621452957324,0.4464412897609027,0.19336184845199564,67.19
LOW,0.16799673114541658,0.2815271605497606,0.1419865511898687,0.16669515808383278,0.10372297705161877,0.16978893550354035,0.22774623303587901,0.0580151805104048,0.10769079789965993,5,11,3,8,0.2815271605497606,0.1419865511898687,0.10372297705161877,13.27
LOW,0.08198800582988873,0.0994080796504479,0.1436470398663636,0.04045716163457267,0.0,0.2910020164191983,0.36726116032075573,0.16858766667536404,0.18463893445836052,4,7,3,4,0.0994080796504479,0.1436470398663636,0.0,15.69
MEDIUM,0.35970730052447836,0.31083873817311536,0.28665158561366116,0.3188036893533118,0.33930346551300244,0.3322950114183338,0.3235502714908072,0.47581049366878525,0.21501374895046216,9,8,3,5,0.31083873817311536,0.28665158561366116,0.33930346551300244,24.4
MEDIUM,0.3966772879390563,0.35096327402374405,0.5022591716962941,0.39868123322465054,0.2650792722348446,0.37027539314241215,0.4533020916471871,0.2684112357738635,0.22305945499663585,8,10,5,5,0.35096327402374405,0.5022591716962941,0.2650792722348446,15.38
LOW,0.1720609172429791,0.12519785989839494,0.2449854068387948,0.0,0.2780670485670744,0.21616318514139496,0.32656133125369896,0.0371946736805182,0.06393725826535986,5,9,3,6,0.12519785989839494,0.2449854068387948,0.2780670485670744,6.25
HIGH,0.9113692721202004,0.9878591961150445,0.9239175143837484,0.9254312920594039,0.7000901933337923,0.723695443125874,0.9592850628836008,0.23272666450240642,0.5078953624761608,14,7,7,0,0.9878591961150445,0.9239175143837484,0.7000901933337923,90.24
LOW,0.0650857614436623,0.010546158520812157,0.07743337156098717,0.1316558105108922,0.2086923749666793,0.16735471545307856,0.16563749601387812,0.1830480909624985,0.15681299826126002,3,9,1,8,0.010546158520812157,0.07743337156098717,0.2086923749666793,0.0
MEDIUM,0.3142088560653933,0.3419754019452337,0.3098550552428402,0.2809682658381784,0.28642706187545613,0.3990328551538767,0.5199266249366838,0.16736416924295427,0.26802023171637795,7,10,5,5,0.3419754019452337,0.3098550552428402,0.28642706187545613,27.44
LOW,0.1239190108630546,0.10045083589989529,0.0,0.1326902263956412,0.0,0.22622701267424872,0.3286924660667348,0.09080275769658115,0.05425490747445807,4,10,3,7,0.10045083589989529,0.0,0.0,4.23
HIGH,0.8309506304332777,0.9807798861607334,0.697063112177913,0.7656888351839444,0.5886467994540995,0.7511717305768213,0.8587444690393078,0.6437369987714204,0.5358882469947631,16,9,8,1,0.9807798861607334,0.697063112177913,0.5886467994540995,85.94
HIGH,0.6588142083968426,0.5198741021960409,0.6264503530807171,0.6129952017642046,0.555527881551656,0.7815167971688795,0.8952591942144319,0.6745006466207635,0.5473057565803382,10,4,4,0,0.5198741021960409,0.6264503530807171,0.555527881551656,76.92
LOW,0.17651348072798878,0.10738876273331276,0.15728843117873254,0.1503466380044372,0.20145976139782948,0.20019036007987792,0.2867623978238967,0.04465854723563631,0.09600605969206319,4,9,3,6,0.10738876273331276,0.15728843117873254,0.20145976139782948,19.05
HIGH,0.8168744804206518,0.7240678342091635,0.765860574456595,0.6460085270597429,0.5869427902954298,0.7133846182655469,0.9518019163887067,0.13892297805071355,0.5725943641109009,17,9,9,0,0.7240678342091635,0.765860574456595,0.5869427902954298,72.84
HIGH,0.7009304497385398,0.748213459251861,0.6908618184707775,0.7314134391029767,0.6015748948210556,0.8115655824451156,0.8836782356718068,0.7068209617793418,0.699972243430815,15,8,7,1,0.748213459251861,0.6908618184707775,0.6015748948210556,85.63
MEDIUM,0.6046540215381073,0.6618530428444171,0.4171214148107672,0.5537874033784024,0.3647977663107948,0.5056357494367849,0.5567302587742179,0.6876529668881343,0.17033500397313647,13,12,7,5,0.6618530428444171,0.4171214148107672,0.3647977663107948,43.26
HIGH,0.7924304266824125,0.8444261795643112,0.7308739893379321,0.8325926769015383,0.4513455242876229,0.7182582655671532,0.8362203308815833,0.6310259671791485,0.4516043680118678,17,10,8,2,0.8444261795643112,0.7308739893379321,0.4513455242876229,75.33
LOW,0.3037609811421666,0.2504708231941912,0.39512186936174687,0.38924446796474677,0.16803859170499172,0.1613934545875457,0.2035601369913218,0.05262910234320485,0.14365775962055818,3,8,2,6,0.2504708231941912,0.39512186936174687,0.16803859170499172,12.58
MEDIUM,0.44089821062339063,0.492867168234541,0.45194256104428415,0.5170307358813799,0.27089893865029585,0.36423319804642107,0.48110639315106196,0.1265361992047668,0.2513106115741529,11,12,6,6,0.492867168234541,0.45194256104428415,0.27089893865029585,26.32
LOW,0.04014692742340778,0.0,0.10088240810649907,0.005984385564050752,0.0,0.11062017434222728,0.09821794591589113,0.16494807999399322,0.09349895396946978,3,7,1,6,0.0,0.10088240810649907,0.0,11.42
LOW,0.34686253296698477,0.20669421731660761,0.3347743507400295,0.2952794050349141,0.29718779266027395,0.22887509882440787,0.327176825414264,0.13264262129200396,0.030202396587243288,5,7,2,5,0.20669421731660761,0.3347743507400295,0.29718779266027395,23.52
LOW,0.2129790919389571,0.21698889480044112,0.2345068165587355,0.27025596995270207,0.2121019350809229,0.1593203899479432,0.20283025206601005,0.09509505826726639,0.09301613527441946,2,6,1,5,0.21698889480044112,0.2345068165587355,0.2121019350809229,11.84
LOW,0.2813933867913024,0.2772859699084522,0.3469610074661154,0.3323500910756869,0.2812683632311195,0.14568586237421993,0.1428361092197754,0.14088994504790422,0.15903103916386915,5,5,1,4,0.2772859699084522,0.3469610074661154,0.2812683632311195,24.17
MEDIUM,0.546705691455599,0.5938063792523605,0.520831024120661,0.5378920745541176,0.4791344735549722,0.320445875407037,0.40401742077003666,0.13785661737417493,0.25232049735090023,6,9,4,5,0.5938063792523605,0.520831024120661,0.4791344735549722,30.72
MEDIUM,0.32857569136386516,0.1333942580210076,0.24645468821036082,0.3494466127492006,0.27861733078245293,0.5138420867283533,0.6241544475792108,0.47191447896862765,0.22483261193550647,11,6,4,2,0.1333942580210076,0.24645468821036082,0.27861733078245293,43.56
LOW,0.23813735643375492,0.3408430014603859,0.20089445208770726,0.3235400964423826,0.37016373921746026,0.1589671453553887,0.20644910739291522,0.14993066769407684,0.025557736904121005,5,10,2,8,0.3408430014603859,0.20089445208770726,0.37016373921746026,7.35
HIGH,0.7280472738844604,0.7593100971065285,0.7930088531456823,0.769559234604419,0.495734309101838,0.8511718022251512,0.966663708434411,0.8723712179049228,0.4834966679176004,15,8,8,0,0.7593100971065285,0.7930088531456823,0.495734309101838,90.6
MEDIUM,0.41912457270128867,0.4297994653280642,0.4015089139057735,0.38841287479121955,0.3166043295755616,0.35829787175522104,0.4323636191458325,0.3029446127113135,0.19145388862729434,9,9,4,5,0.4297994653280642,0.4015089139057735,0.3166043295755616,26.91
MEDIUM,0.4235129693068382,0.515024582952649,0.3882319840793639,0.4743165665413889,0.2259383499839574,0.6008018310566043,0.672135760056985,0.5574611200007216,0.43014075511134503,14,11,7,4,0.515024582952649,0.3882319840793639,0.2259383499839574,50.52
MEDIUM,0.31535371633385956,0.2670946649928034,0.19569765957248986,0.4002452463118412,0.0698943746948674,0.2141989938683445,0.2830236489278955,0.1305214638209678,0.0914025587370683,5,9,3,6,0.2670946649928034,0.19569765957248986,0.0698943746948674,6.37
HIGH,0.7017112028447047,0.5521285550458167,0.6446151089670628,0.6957401026868648,0.4555155146443045,0.8628733592666789,0.873641341835781,0.8858573957472224,0.8075853750788289,14,7,6,1,0.5521285550458167,0.6446151089670628,0.4555155146443045,83.07
MEDIUM,0.4436065746276189,0.4924618640855704,0.620559314643316,0.30655690606119324,0.2598166355359528,0.5967689076856885,0.781171476604226,0.24559088794683298,0.39473922066893075,13,9,7,2,0.4924618640855704,0.620559314643316,0.2598166355359528,64.44
LOW,0.025417021458009573,0.0,0.2003012507854987,0.0,0.06747257193966402,0.03419099650239861,0.0,0.0,0.17095498251199304,1,8,0,8,0.0,0.2003012507854987,0.06747257193966402,0.0
HIGH,0.7693405886226637,0.746688799050058,0.6475913746615715,0.7717557197834864,0.5966632135768775,0.7759224137781775,0.8839461047899702,0.6731985366624843,0.5545752178584931,16,7,6,1,0.746688799050058,0.6475913746615715,0.5966632135768775,87.84
MEDIUM,0.5448875206307212,0.4908796781318482,0.595784524756304,0.5821248348176449,0.3104503851969853,0.47844537339470694,0.48035308936908455,0.48593862052950804,0.46522897833677307,11,4,2,2,0.4908796781318482,0.595784524756304,0.3104503851969853,57.93
MEDIUM,0.42111400519704023,0.45234868113457166,0.36986877634432264,0.40689840360130664,0.14727710849403022,0.39806900449388183,0.28877155643974595,0.8164613269411768,0.3075690262089945,10,8,2,6,0.45234868113457166,0.36986877634432264,0.14727710849403022,27.88
MEDIUM,0.4609426432762021,0.4452115810720449,0.40076642506064375,0.4993017467341257,0.3414963194801558,0.5194709180425674,0.6089361657615541,0.49100896240396713,0.27953713052420787,14,8,5,3,0.4452115810720449,0.40076642506064375,0.3414963194801558,45.15
LOW,0.25555387020574805,0.20520586261580648,0.16936579362227216,0.32637291157314163,0.16441087076810784,0.08772231023069843,0.048372313084178914,0.29349461190095544,0.0,2,8,0,8,0.20520586261580648,0.16936579362227216,0.16441087076810784,9.22
MEDIUM,0.5483129778395244,0.5469220669349877,0.6563616001600707,0.5139358644472104,0.22336464887307528,0.4276119084009911,0.5856274079540299,0.2994885039081608,0.08168881423470538,8,6,4,2,0.5469220669349877,0.6563616001600707,0.22336464887307528,59.4
MEDIUM,0.40827178046487184,0.4459413588546509,0.24511499007606818,0.3630792915730317,0.32588978422624654,0.45239022656830385,0.5748064459593203,0.24212877081927833,0.29540302414428,9,9,5,4,0.4459413588546509,0.24511499007606818,0.32588978422624654,38.77
MEDIUM,0.5903286389850946,0.6312278766194689,0.7274130220435012,0.6565291456222999,0.5873258919276635,0.3324644131493001,0.44921284506697307,0.03151722543089024,0.28316630511469115,10,8,4,4,0.6312278766194689,0.7274130220435012,0.5873258919276635,27.4
MEDIUM,0.4986215239251464,0.5066297242438951,0.4848991521460507,0.527307000181654,0.45694482983880014,0.5799490826220134,0.7803618206833993,0.3565614414912169,0.20209850956865225,12,11,9,2,0.5066297242438951,0.4848991521460507,0.45694482983880014,66.85
MEDIUM,0.6287278549714644,0.6835591234493112,0.4597286517604392,0.5455981884854209,0.47079832054933096,0.4012879713367227,0.44865295021736007,0.28694402433242255,0.37353698169911104,7,8,4,4,0.6835591234493112,0.4597286517604392,0.47079832054933096,45.48
MEDIUM,0.42012048684245235,0.4770217815708262,0.4277242518902594,0.526629382235672,0.30920512934546757,0.520174746549345,0.748589149987102,0.0,0.35510628278541945,6,7,5,2,0.4770217815708262,0.4277242518902594,0.30920512934546757,53.83
MEDIUM,0.20922279730890342,0.26646244813422065,0.2567546410213782,0.1513770767762907,0.06292556341991586,0.29908725297730715,0.3114137163102389,0.28249362055260707,0.27870149540321204,9,10,3,7,0.26646244813422065,0.2567546410213782,0.06292556341991586,9.59
LOW,0.1745954580596087,0.09980936096645306,0.0474348785578185,0.2245797248616493,0.1668565355896728,0.1882597591600183,0.2668122833937089,0.027175556650823652,0.11368638896814115,1,5,1,4,0.09980936096645306,0.0474348785578185,0.1668565355896728,8.37
LOW,0.03711821040606378,0.0,0.007886783519404892,0.1137997090388872,0.0,0.1710342039623517,0.21686903393540938,0.12453926406340808,0.08002465394212213,3,9,2,7,0.0,0.007886783519404892,0.0,0.0
HIGH,0.8504764901997609,0.9179101498219131,0.9385078653960527,0.7044036217165799,0.5004639546104755,0.8275531092672961,0.8751118744257511,1.0,0.5124299230592267,21,9,8,1,0.9179101498219131,0.9385078653960527,0.5004639546104755,93.6
HIGH,0.7424798630666045,0.7405974131836277,0.6464772366485148,0.5263867499877632,0.6479201523501958,0.6862346429648662,0.8506801770993969,0.27657736100578856,0.6025553225203516,18,9,8,1,0.7405974131836277,0.6464772366485148,0.6479201523501958,82.04
HIGH,0.6125018293331658,0.5870055678613679,0.6782330440575788,0.44429070982817487,0.4415719141423417,0.8773815834918937,0.9745697459584536,0.8281712894036279,0.63502739018048,16,10,10,0,0.5870055678613679,0.6782330440575788,0.4415719141423417,91.95
HIGH,0.8334651271678004,0.7394943690147304,0.6931589796007085,0.9763753419682516,0.4907734055555087,0.8047267180430356,0.8751320876293528,0.7554909280924977,0.642746399234622,20,10,9,1,0.7394943690147304,0.6931589796007085,0.4907734055555087,81.36
LOW,0.27225560564001344,0.1270528143451159,0.38575039297228164,0.07328955663519046,0.2940204876073943,0.13661737921029468,0.1239068038330611,0.1705509481283539,0.1408155364239362,3,8,1,7,0.1270528143451159,0.38575039297228164,0.2940204876073943,9.33
HIGH,0.918527176211538,0.811228056960748,0.6634754699764838,0.8852732348558648,0.5945664333566738,0.745757589484631,0.8697945459681621,0.4647122092144776,0.654692100304191,14,5,4,1,0.811228056960748,0.6634754699764838,0.5945664333566738,90.85
HIGH,0.7487143275825924,0.8246557080407895,0.7529995501631442,0.7209945984845402,0.5727370731703011,0.8033073940167542,0.9480292990089593,0.8279362042437506,0.34451286881314264,17,8,8,0,0.8246557080407895,0.7529995501631442,0.5727370731703011,89.38
LOW,0.1725587318842918,0.11421729332761713,0.2203158146783794,0.16189934652485508,0.26343777853133454,0.3113893593682306,0.4127543664979386,0.20007110486348895,0.11861259248384828,7,12,5,7,0.11421729332761713,0.2203158146783794,0.26343777853133454,12.93
MEDIUM,0.3655798125058659,0.3650702327190612,0.4026267577988474,0.25236725734699245,0.2110132759973397,0.5042794959717853,0.5819276520921095,0.4787252538321764,0.2968892697504214,9,8,5,3,0.3650702327190612,0.4026267577988474,0.2110132759973397,40.01
LOW,0.25105511151899945,0.2695593748935483,0.18314916059403535,0.2321301520351439,0.3269224123509804,0.17952254369230997,0.2653109879115874,0.08374669566435944,0.017933059062428255,4,7,2,5,0.2695593748935483,0.18314916059403535,0.3269224123509804,13.58
LOW,0.23879855843888145,0.20917964945738665,0.19791016648747503,0.4025576690220548,0.11151225871442857,0.041346311744476,0.04499555656425231,0.0,0.07174488902962306,0,10,0,10,0.20917964945738665,0.19791016648747503,0.11151225871442857,11.54
HIGH,0.8109558066746742,0.750338116072469,0.7515784684410909,0.818239462941072,0.6159245313067615,0.7972323332668713,0.8856834205947237,0.708493090136157,0.6206183144140279,13,5,4,1,0.750338116072469,0.7515784684410909,0.6159245313067615,83.11
LOW,0.24068777285183487,0.2003046180052538,0.08028156195488809,0.22176628070508886,0.062040837870453114,0.1918498424822177,0.2595598377419055,0.18056969918537202,0.0,4,6,2,4,0.2003046180052538,0.08028156195488809,0.062040837870453114,4.17
MEDIUM,0.5759179841834666,0.5629567334720077,0.5140050562219927,0.3910725741454416,0.48454511840453673,0.707375011594506,0.8503805468014533,0.7091302396670306,0.2766031779011394,14,6,5,1,0.5629567334720077,0.5140050562219927,0.48454511840453673,71.94
LOW,0.23027517032969452,0.23771544746407908,0.31255627460829705,0.315528615852144,0.10892385075962989,0.06799732029858065,0.08922650343362891,0.0,0.07230709119201648,2,6,1,5,0.23771544746407908,0.31255627460829705,0.10892385075962989,1.83
HIGH,0.7811966095751881,0.8129769839778876,0.7718614047802556,0.9161106636500088,0.620652518335935,0.764109661026293,0.8667311317004687,0.575749346809574,0.6446055632204843,14,8,7,1,0.8129769839778876,0.7718614047802556,0.620652518335935,87.72
MEDIUM,0.5917666641607014,0.7151865842818586,0.7573025145252608,0.7301633869865336,0.4483028430884632,0.3715023195143734,0.5187358187063539,0.0,0.3013041414528054,8,9,5,4,0.7151865842818586,0.7573025145252608,0.4483028430884632,24.96
HIGH,0.7645332048856681,0.6824600020885552,0.7777885045046442,0.7990633649560082,0.6469700075225421,0.8292971346585502,1.0,0.5744347874778667,0.5720508858148843,18,8,8,0,0.6824600020885552,0.7777885045046442,0.6469700075225421,89.11
LOW,0.0,0.033441686257839415,0.0389928807219387,0.0,0.0,0.16824435132927848,0.19268046670716396,0.028943923731002533,0.23423643279389791,2,9,2,7,0.033441686257839415,0.0389928807219387,0.0,0.0
LOW,0.26961491937436466,0.2523527712820814,0.3179089579468133,0.2417532770972995,0.29545197107887144,0.19147330817547817,0.31912218029246364,0.0,0.0,6,12,4,8,0.2523527712820814,0.3179089579468133,0.29545197107887144,5.73
HIGH,0.7207772065610121,0.62939197521115,0.6954406155270242,0.7169948713929515,0.4955002057062369,0.8925798090575878,0.9901230625425994,1.0,0.49252985766014096,19,6,6,0,0.62939197521115,0.6954406155270242,0.4955002057062369,99.34
LOW,0.2850358892014213,0.2180650417986918,0.2867375986494311,0.1920805066174088,0.2006083284889196,0.19222668525475073,0.18602540255412806,0.1608122899162077,0.24224492869516187,2,7,1,6,0.2180650417986918,0.2867375986494311,0.2006083284889196,11.75
HIGH,0.7201900088256737,0.7075961840028533,0.8392072040893819,0.7310871720150989,0.4936533796660249,0.680703244890096,0.8377835098535223,0.30065786253176074,0.5895078323581525,13,8,7,1,0.7075961840028533,0.8392072040893819,0.4936533796660249,68.92
HIGH,0.6375499475590823,0.5740850905071436,0.6699564812474708,0.6194850114350543,0.3871856041485817,0.7556279457870018,0.8310662379410478,0.6240029868474929,0.6609380282643723,17,8,7,1,0.5740850905071436,0.6699564812474708,0.3871856041485817,72.29
HIGH,0.7490414035180132,0.7698574820438419,0.8001237638588039,0.7364003045962263,0.5427357645395614,0.7027360672576665,0.8608835660896524,0.3398893357328938,0.5911403022864813,15,9,8,1,0.7698574820438419,0.8001237638588039,0.5427357645395614,83.11
LOW,0.022861558813531337,0.0,0.0,0.04990446725278534,0.0,0.23537401241907513,0.31816270309949335,0.19637988025594605,0.02600207254094961,5,6,2,4,0.0,0.0,0.0,11.12
MEDIUM,0.483800504403547,0.3079932569760858,0.43991921561164604,0.5712930490352455,0.639637366424419,0.3762974076058295,0.5141764248776549,0.1005768243259909,0.238380939070192,7,8,4,4,0.3079932569760858,0.43991921561164604,0.639637366424419,26.92
HIGH,0.7395577266225242,0.7260050114980164,0.6690295026150815,0.6859527266476606,0.4763045536687236,0.7191889970749368,0.8200458881932626,0.5085710007224471,0.6272363200724489,12,8,7,1,0.7260050114980164,0.6690295026150815,0.4763045536687236,78.9
MEDIUM,0.2840240443503363,0.25479372386122456,0.2206561380257132,0.3381765010767068,0.1616516084404699,0.4103593944431638,0.5390839999171059,0.31216111603154856,0.12238385643295287,12,11,6,5,0.25479372386122456,0.2206561380257132,0.1616516084404699,22.46
HIGH,0.7974117914847387,0.8018710725053461,0.9219521264181859,1.0,0.5455760804481787,0.6593364112989226,0.8533976205567309,0.45211814959585517,0.28437104522856554,17,10,9,1,0.8018710725053461,0.9219521264181859,0.5455760804481787,84.21
MEDIUM,0.3202835724082775,0.24581843682866228,0.4598585235643121,0.31467836042478936,0.15816974697392383,0.39646563834605475,0.39322400576436767,0.32170884391977755,0.4809473305173932,9,9,4,5,0.24581843682866228,0.4598585235643121,0.15816974697392383,34.94
HIGH,0.7334122210722523,0.9555017936751431,0.7136183686247717,0.8212545008449879,0.4740888942463639,0.8244740771875497,0.9722278749135537,0.6003225632870448,0.6053641979100426,25,13,13,0,0.9555017936751431,0.7136183686247717,0.4740888942463639,86.92
MEDIUM,0.47258744454038715,0.39194724441442574,0.5435455523993498,0.5415376557155743,0.312847666586912,0.6742252399570363,0.7995297980325564,0.6545792138739984,0.31795759181351435,13,9,7,2,0.39194724441442574,0.5435455523993498,0.312847666586912,59.03
HIGH,0.6521663010279002,0.6438151918874355,0.5193369212954965,0.69831141902759,0.5587292377721575,0.66565844004085,0.8993665812072541,0.11055158831229885,0.5196408682701884,10,5,4,1,0.6438151918874355,0.5193369212954965,0.5587292377721575,78.79
HIGH,0.6183637475112641,0.6847293164596555,0.5622096579473712,0.5560893333375101,0.6360952401186376,0.8474067645539655,0.930270991472842,0.8368604822063952,0.6093603661449063,21,8,7,1,0.6847293164596555,0.5622096579473712,0.6360952401186376,92.42
MEDIUM,0.4457619172575544,0.44230601738568015,0.4114197384325745,0.5242467676154294,0.3377221103321938,0.7100560726786259,0.8388209296664169,0.5700532818592206,0.46376429253465873,9,6,5,1,0.44230601738568015,0.4114197384325745,0.3377221103321938,55.95
MEDIUM,0.33393884566418297,0.25890409772732204,0.24423041227213854,0.5541810231744833,0.2195340009983157,0.4850874303685872,0.6294832024838597,0.12187653640095948,0.4151110079903974,5,4,3,1,0.25890409772732204,0.24423041227213854,0.2195340009983157,36.57
MEDIUM,0.35483012230953687,0.47674997039719025,0.3950879786636508,0.2996618482227942,0.3481427933235259,0.42248649863570736,0.4910073143090414,0.23191267255197748,0.4074978776994353,6,3,1,2,0.47674997039719025,0.3950879786636508,0.3481427933235259,34.39
LOW,0.39581369349227224,0.3533166717506875,0.4722868641132636,0.4181532718254741,0.31536868797954787,0.16035446163218245,0.16993492906075022,0.0697284497657102,0.22223907121295142,3,10,2,8,0.3533166717506875,0.4722868641132636,0.31536868797954787,9.64
LOW,0.2981495270050785,0.39244486897839115,0.34254501516635305,0.16880785250840513,0.28408257695642636,0.28900561046259643,0.3564293844323484,0.11735565456780371,0.25838424444813335,5,5,2,3,0.39244486897839115,0.34254501516635305,0.28408257695642636,22.82
HIGH,0.7612860855741027,0.905394550915121,0.8012627728307606,0.7289656041292698,0.4837932386597691,0.7798931460826882,0.8799858207189791,0.5478551917548297,0.7116530765016743,16,11,10,1,0.905394550915121,0.8012627728307606,0.4837932386597691,82.06
LOW,0.12187047181993528,0.15693047118584277,0.23873853884617552,0.19321519053619657,0.22001616916815508,0.09675010756450757,0.11378385829572088,0.10365077727666687,0.03874818565870834,3,8,1,7,0.15693047118584277,0.23873853884617552,0.22001616916815508,6.97
LOW,0.2688977163945762,0.20008412736730574,0.16072389924863878,0.3104993188510026,0.3382805123623246,0.1715710801584148,0.1970249747518109,0.0,0.2667804765366412,3,9,2,7,0.20008412736730574,0.16072389924863878,0.3382805123623246,3.32
HIGH,0.7686884162195553,0.8089300738638391,0.7142974459673607,0.7641231935829553,0.4764812211500121,0.8632109222990532,1.0,0.8289747957272225,0.4870798157680431,18,6,6,0,0.8089300738638391,0.7142974459673607,0.4764812211500121,86.5
HIGH,0.5864785866439557,0.5055658886822163,0.5994921988487977,0.5651283108165939,0.6601864492528384,0.7256010876791638,0.947540274613425,0.41966096371759737,0.36572365083794645,17,9,9,0,0.5055658886822163,0.5994921988487977,0.6601864492528384,80.67
HIGH,0.5017479690305666,0.4201940251571641,0.4477254045499963,0.5371109241000257,0.245948335336522,0.734037701716998,0.9122254075166861,0.3827700357575173,0.5507422502774144,19,9,8,1,0.4201940251571641,0.4477254045499963,0.245948335336522,69.48
HIGH,0.8493005086958159,0.834646265799192,0.9111858501439316,0.8002688470022042,0.6035881820763124,0.7737214116381539,0.8358985652337644,0.7144519910698418,0.6464593714196342,15,7,6,1,0.834646265799192,0.9111858501439316,0.6035881820763124,83.56
HIGH,0.5482056312664515,0.5764613447385504,0.5395898571368568,0.5378968799512052,0.43585098334463995,0.778331875526213,0.9528600281944329,0.6177996216825603,0.41527967136520577,18,7,7,0,0.5764613447385504,0.5395898571368568,0.43585098334463995,75.18
HIGH,0.6215613514164876,0.6709871762369618,0.6038291589715232,0.6817786937182585,0.5230265257353974,0.8062914254868415,0.8749728199771852,0.8399294969672197,0.566609170535432,15,9,8,1,0.6709871762369618,0.6038291589715232,0.5230265257353974,73.2
MEDIUM,0.41176143331157167,0.4209095139238739,0.4241814593148496,0.43462118905487185,0.21973854419148303,0.58611440718302,0.6537044445662258,0.7118576887103182,0.2576010135061048,11,7,5,2,0.4209095139238739,0.4241814593148496,0.21973854419148303,53.89
HIGH,0.526967158691679,0.41042700889554523,0.6085823698490745,0.629510681901549,0.5288659698799727,0.7407140051634852,0.9181043551023501,0.4518188984092377,0.4974380621011382,11,5,5,0,0.41042700889554523,0.6085823698490745,0.5288659698799727,71.64
HIGH,0.8958373555726242,0.8891898694777446,0.7872105707081761,0.8860837248722216,0.5988402289894968,0.7410235215141249,0.8607014658561243,0.718749913494975,0.4042632965072767,18,8,7,1,0.8891898694777446,0.7872105707081761,0.5988402289894968,96.76
HIGH,0.8043120450519277,0.76880036182744,0.7799688231255896,0.912139808349179,0.42585998903996775,0.8007204366071901,0.8677487758203526,0.8756892613451932,0.5246665942296987,16,7,6,1,0.76880036182744,0.7799688231255896,0.42585998903996775,88.03
MEDIUM,0.5609077821987857,0.5618243615187025,0.6482988675980493,0.5882512192651645,0.47854746432123313,0.44227396996844304,0.39574457888605036,0.6977105466866127,0.3264255664974514,11,3,1,2,0.5618243615187025,0.6482988675980493,0.47854746432123313,51.22
HIGH,0.63943169348128,0.6745918429640295,0.5683605799662969,0.5932791764676214,0.3923143750557272,0.7658313510727348,0.876620236503821,0.5469583500536278,0.6523376957985835,18,9,8,1,0.6745918429640295,0.5683605799662969,0.3923143750557272,79.59
MEDIUM,0.32756288050514126,0.4719766788552918,0.40176565287549426,0.456589041619988,0.3327478584497438,0.3190682594394408,0.4809442894201778,0.0,0.15250842893667052,7,9,4,5,0.4719766788552918,0.40176565287549426,0.3327478584497438,19.82
MEDIUM,0.6151062199098908,0.415461939777783,0.6140560387703482,0.5285639358897066,0.3581360958603313,0.47293514722842533,0.6775156145345705,0.144171609183198,0.18795728335521694,11,8,5,3,0.415461939777783,0.6140560387703482,0.3581360958603313,52.08
MEDIUM,0.2965596986489808,0.1802352506003081,0.17341681878616022,0.1643849974961463,0.24124668557029816,0.3247063873842603,0.40333160209162416,0.06796152723015614,0.34557560341627264,9,10,4,6,0.1802352506003081,0.17341681878616022,0.24124668557029816,25.46
LOW,0.22760909644497054,0.2673588226363645,0.18961843683784313,0.24078926475734774,0.03416454451531106,0.1463692159025343,0.12468797886869584,0.1371787305588083,0.22060341234777558,4,10,1,9,0.2673588226363645,0.18961843683784313,0.03416454451531106,8.25
LOW,0.05524000461123482,0.0,0.0,0.10122074985448676,0.13316278037644702,0.2378427357917249,0.2883888103431755,0.21826664380697988,0.10578060412211839,4,6,2,4,0.0,0.0,0.13316278037644702,2.03
HIGH,0.6640912596902606,0.6562087303115044,0.7195810380639472,0.6048037165229353,0.5612615403654073,0.725395837887749,0.7921922918432309,0.711310193587765,0.5390921203212872,15,10,8,2,0.6562087303115044,0.7195810380639472,0.5612615403654073,61.79
HIGH,0.6609077858450813,0.6536436175436248,0.6081278529723502,0.7339326162312602,0.49255707113256075,0.7568031907766493,0.9192531270445635,0.4160759063650277,0.6101806663845283,13,6,6,0,0.6536436175436248,0.6081278529723502,0.49255707113256075,68.01
HIGH,0.806447326006731,0.8245829251397854,0.7711016534870107,0.8151790314548261,0.5748745254181333,0.765304809544184,0.9052854947141195,0.6854668860519647,0.42520067752659685,13,8,7,1,0.8245829251397854,0.7711016534870107,0.5748745254181333,88.84
LOW,0.31775978301589164,0.12214088192294731,0.45171377841802873,0.18662212887365845,0.10243838519741097,0.18937223959598687,0.23588684455292014,0.16187149844245802,0.07732916587871594,3,10,2,8,0.12214088192294731,0.45171377841802873,0.10243838519741097,12.97
MEDIUM,0.38539249701861,0.23065821106731213,0.38341913169793046,0.3761919247223915,0.3775930242840608,0.347572499036427,0.3571083376444159,0.22211853518606176,0.4444189470628254,8,9,3,6,0.23065821106731213,0.38341913169793046,0.3775930242840608,28.12
HIGH,0.8821049994847682,0.8894282521231935,0.8011975373373491,0.9332087983829995,0.5608183322166269,0.7698177616368984,0.8912050418865367,0.7240362003511438,0.4514374821737374,17,7,6,1,0.8894282521231935,0.8011975373373491,0.5608183322166269,85.71
LOW,0.10138424021373683,0.02222229010081138,0.2538687094741626,0.0,0.06829731524978679,0.31428333877156733,0.422178061707548,0.09714085521007276,0.2077416535251199,6,9,4,5,0.02222229010081138,0.2538687094741626,0.06829731524978679,11.05
LOW,0.1680888340114638,0.1866663144779593,0.18662186678686982,0.3653575345837755,0.14575799042297521,0.23731774742979952,0.2756174384952614,0.21649631674099012,0.14324010492222333,4,8,2,6,0.1866663144779593,0.18662186678686982,0.14575799042297521,9.07
MEDIUM,0.42956151348241456,0.4795564247249429,0.3488345286560386,0.44130939015510606,0.4558997915784271,0.5174320650535321,0.5163064753982779,0.7186003253933555,0.3196405736794714,11,8,4,4,0.4795564247249429,0.3488345286560386,0.4558997915784271,37.91
MEDIUM,0.5556209829867781,0.7310380361025471,0.5940553245893916,0.5989266598952948,0.37067541953494504,0.5690434365130923,0.7236683648245964,0.342145676308045,0.33206641178362756,8,5,4,1,0.7310380361025471,0.5940553245893916,0.37067541953494504,59.33
MEDIUM,0.5621927690555405,0.4358582958301205,0.44397038703569397,0.6089237371399576,0.31885409953839505,0.47294476753087644,0.6841888909062664,0.02396635818359632,0.2881908067519863,9,8,5,3,0.4358582958301205,0.44397038703569397,0.31885409953839505,44.86
LOW,0.21712727615456817,0.25924169795820645,0.2977236731652112,0.18844314388383612,0.22955725740974242,0.22053760668954608,0.2582928529866115,0.23224050777143362,0.09556896671646255,3,5,1,4,0.25924169795820645,0.2977236731652112,0.22955725740974242,13.3
HIGH,0.5467317633659383,0.5217681781813084,0.6161800490911075,0.5384049271482476,0.3521387961429483,0.8267955455663615,1.0,0.4359991626336896,0.6979785651981177,19,10,10,0,0.5217681781813084,0.6161800490911075,0.3521387961429483,74.44
LOW,0.21819477563435372,0.1706314670393307,0.18394291752006015,0.18977681316252876,0.12040657288415929,0.1191879368071222,0.16270925233375164,0.0,0.10781192703435613,1,7,1,6,0.1706314670393307,0.18394291752006015,0.12040657288415929,3.95
HIGH,0.8275244527082471,0.7843860560338939,0.8809476670981268,0.9381494129791045,0.5164602459936138,0.8523632326466056,0.8962002232110595,0.9957383549819403,0.5774771386179096,19,9,8,1,0.7843860560338939,0.8809476670981268,0.5164602459936138,95.55
MEDIUM,0.23014764745441663,0.20172904473579123,0.13549334423683396,0.23912692459622023,0.06941944351220376,0.47486988266378233,0.621719269853872,0.35895268418675924,0.15023891957053623,10,7,4,3,0.20172904473579123,0.13549334423683396,0.06941944351220376,45.14
LOW,0.0902559505058953,0.24633474572997963,0.08947451478629469,0.09757346533165315,0.0,0.2138676142874223,0.22582642742484643,0.2715095676540176,0.12034922150855462,5,10,2,8,0.24633474572997963,0.08947451478629469,0.0,0.49
HIGH,0.588219782469517,0.6056427091564518,0.6861308859615171,0.6011006578415828,0.38097566586563514,0.7265999571369661,0.8368288198170102,0.7210891725690348,0.40142415366476525,17,6,5,1,0.6056427091564518,0.6861308859615171,0.38097566586563514,66.92
MEDIUM,0.4297120780424701,0.4877817633821451,0.4429522918844195,0.370265562709197,0.23008923293487887,0.45367657808756245,0.520733378372945,0.4104439485387283,0.2957388067802491,9,8,4,4,0.4877817633821451,0.4429522918844195,0.23008923293487887,34.98
MEDIUM,0.5828461094806531,0.5442611930653063,0.5931837535353778,0.4180192897975835,0.38647484783062575,0.3800085672320585,0.3850616254880455,0.154195646060142,0.5906623136360138,9,8,3,5,0.5442611930653063,0.5931837535353778,0.38647484783062575,40.1
MEDIUM,0.4261114006088283,0.5546235615617507,0.4938463844949477,0.4294181967530125,0.32460694287194075,0.4487372322709483,0.5294901375306252,0.36044783697327526,0.2947679117895908,13,9,5,4,0.5546235615617507,0.4938463844949477,0.32460694287194075,27.36
HIGH,0.6631765516288731,0.7647496034900576,0.6365009225877404,0.6961968457520934,0.44833916126067486,0.7438645664050759,0.7615526301297393,0.9977953752587972,0.43686956637736396,16,8,6,2,0.7647496034900576,0.6365009225877404,0.44833916126067486,65.63
MEDIUM,0.37877864855156745,0.2852734468470533,0.3759440393733926,0.260226110703741,0.2776924338275494,0.3659859486170306,0.5309009771503781,0.0,0.23722681163401868,6,9,5,4,0.2852734468470533,0.3759440393733926,0.2776924338275494,29.88
MEDIUM,0.32787342876573544,0.32689084450125666,0.39387271543354796,0.2577596503288942,0.2089303443778859,0.5402360368871851,0.7225358676971713,0.1784735870481579,0.3550989942962542,8,6,4,2,0.32689084450125666,0.39387271543354796,0.2089303443778859,47.18
LOW,0.14656769188813665,0.1809142460630469,0.16463522062400843,0.1047774211171668,0.0,0.20752689199361354,0.2754157858633096,0.06775932624781836,0.14362777613032046,3,9,2,7,0.1809142460630469,0.16463522062400843,0.0,14.4
MEDIUM,0.5928544768982283,0.6985578793420308,0.6768636508574464,0.5784095846289246,0.6697060482655588,0.48277878818617576,0.5727766688633866,0.3982112957692919,0.29735263857142696,11,6,3,3,0.6985578793420308,0.6768636508574464,0.6697060482655588,50.75
LOW,0.31595531083185424,0.3642210212757972,0.2605977687599899,0.28866905039087964,0.0,0.1638684512302941,0.18602388123600863,0.18027101876999838,0.08099959367344611,3,7,1,6,0.3642210212757972,0.2605977687599899,0.0,21.13
MEDIUM,0.6729499411690335,0.6272912607782557,0.6903284839795345,0.6382777871188713,0.6785136001941224,0.5512134621882341,0.5769557966964041,0.7756152274402363,0.24958469341172168,14,11,6,5,0.6272912607782557,0.6903284839795345,0.6785136001941224,58.38
MEDIUM,0.4918096739051168,0.4062800388658608,0.5123773859615192,0.3703384696620646,0.334858469776439,0.5508924373109904,0.7143418055690056,0.45951077579884103,0.15192599404909388,10,4,3,1,0.4062800388658608,0.5123773859615192,0.334858469776439,64.27
LOW,0.40974040781763615,0.40922094476411613,0.25304492512368687,0.284869979280556,0.3638132004094865,0.17980332198881677,0.21554816490020415,0.24822209657932637,0.004150018664145122,4,8,2,6,0.40922094476411613,0.25304492512368687,0.3638132004094865,18.87
HIGH,0.6637300624461518,0.6777017283885818,0.6879365446732091,0.6839358904544113,0.5852097946030181,0.6742784513352607,0.8038977190169023,0.2876632930990528,0.6720358065265437,12,6,5,1,0.6777017283885818,0.6879365446732091,0.5852097946030181,62.01
MEDIUM,0.2750083154130091,0.22944610839423188,0.32695480439537156,0.27469380024421103,0.24295653363979774,0.439265774852996,0.47558770038327275,0.5305691981563859,0.23899657495877577,9,4,2,2,0.22944610839423188,0.32695480439537156,0.24295653363979774,42.78
LOW,0.31992062674084143,0.251865251724455,0.37357877177022814,0.4595027021134134,0.22761753715574398,0.1676325104880896,0.17282202967723692,0.08943283245259351,0.23026363095614377,6,9,2,7,0.251865251724455,0.37357877177022814,0.22761753715574398,14.61
LOW,0.14164930647867902,0.14657788771811478,0.0,0.1036501195410288,0.05387473113009848,0.21697829061273427,0.228774770650264,0.294181822040145,0.10438531907273435,3,4,1,3,0.14657788771811478,0.0,0.05387473113009848,20.89
LOW,0.3624455522312584,0.4392517361009683,0.4368547901334757,0.34507490485905756,0.3636239902169687,0.11034071864915188,0.09248922485632506,0.1968294309293736,0.07740648774741062,3,5,0,5,0.4392517361009683,0.4368547901334757,0.3636239902169687,21.27
LOW,0.35627617502434605,0.22380090187862237,0.2605327160822371,0.344538091684175,0.2123169339242728,0.10618250325481465,0.11994399367289311,0.11336777188182233,0.05771276337357163,3,7,1,6,0.22380090187862237,0.2605327160822371,0.2123169339242728,8.21
MEDIUM,0.3725353144368493,0.2760856810960469,0.4336314884107456,0.5091588697042104,0.36723191961318613,0.4573072602776941,0.5997574122791975,0.2216943114528066,0.2655697530980711,7,10,6,4,0.2760856810960469,0.4336314884107456,0.36723191961318613,30.23
HIGH,0.5861719617815496,0.6200430245211925,0.6163311034428048,0.46982536736055025,0.41901818426137805,0.7830815026326587,0.8506043785598785,0.7332197351767067,0.6303746423069516,18,9,8,1,0.6200430245211925,0.6163311034428048,0.41901818426137805,77.03
HIGH,0.6969248216136776,0.6332061618759172,0.7794479218926416,0.7515838740921928,0.5558875101415613,0.8136247249549257,1.0,0.5840045070399302,0.48411911773469807,14,7,7,0,0.6332061618759172,0.7794479218926416,0.5558875101415613,73.4
MEDIUM,0.2825831842891407,0.19659017908833598,0.2744455941207439,0.24960497607012735,0.2863734647820052,0.4568219625170805,0.5590691957502243,0.19030626416556007,0.4165959611691695,6,9,5,4,0.19659017908833598,0.2744455941207439,0.2863734647820052,28.73
MEDIUM,0.36102746486397985,0.5105886377689807,0.3709691759401229,0.3436243857828641,0.2612143479343479,0.4978770453499146,0.681136039424394,0.20967910480931118,0.23629800366707976,7,9,6,3,0.5105886377689807,0.3709691759401229,0.2612143479343479,50.36
HIGH,0.675423319142459,0.5475166892890719,0.5909231861877116,0.7792366678308553,0.5772421107831933,0.7520785912509729,0.9921057839822484,0.3602023432923189,0.4238732610158005,18,9,9,0,0.5475166892890719,0.5909231861877116,0.5772421107831933,72.84
LOW,0.08686523539413647,0.21952485864065974,0.04886877146985514,0.08936861968315767,0.06917012499815825,0.23924751470508454,0.3326744544168571,0.004753343536759092,0.19346086673809232,4,5,2,3,0.21952485864065974,0.04886877146985514,0.06917012499815825,6.3
HIGH,0.8625437221702893,0.9183242108299416,0.8962431052615892,0.7786705108403555,0.5303004811023667,0.8802595615782928,1.0,0.7444678982513963,0.6568299096400677,17,8,8,0,0.9183242108299416,0.8962431052615892,0.5303004811023667,97.87
HIGH,0.6830039998911956,0.5698834353678836,0.7593166636767618,0.7182061048223464,0.4174765950090516,0.8526782033390934,0.9943402187302441,0.6987624998133249,0.5816078606914092,21,10,10,0,0.5698834353678836,0.7593166636767618,0.4174765950090516,85.69
MEDIUM,0.6880396985081435,0.6293356328390224,0.74771744562767,0.6813309651983573,0.5270991517020175,0.5729890337857809,0.735013497755541,0.2876843146062416,0.3722203610560397,11,9,7,2,0.6293356328390224,0.74771744562767,0.5270991517020175,70.41
MEDIUM,0.3978540082185998,0.4861415103976462,0.33134043621275716,0.3955392671877892,0.2355754222974083,0.5266343395975389,0.6626967983529987,0.2540633288933734,0.3910179740353253,10,9,6,3,0.4861415103976462,0.33134043621275716,0.2355754222974083,57.84
MEDIUM,0.2809183096731887,0.34940624060668385,0.10896567441019195,0.40026365577963985,0.20681820442386872,0.2544146349560734,0.3359522387792144,0.16030709950452568,0.10390935893819837,4,9,3,6,0.34940624060668385,0.10896567441019195,0.20681820442386872,20.34
MEDIUM,0.3929563031745487,0.4337039805234762,0.44283720954479605,0.48462053293818513,0.2116915785991222,0.4358157624723829,0.5455285806008605,0.22293457349371784,0.31955849706561534,6,6,3,3,0.4337039805234762,0.44283720954479605,0.2116915785991222,39.2
MEDIUM,0.4503545960681494,0.4908587245296471,0.44179486949647595,0.40397438272339203,0.3343765069734519,0.3933685932148426,0.4124224084913744,0.46383156315587065,0.265744177444219,9,8,3,5,0.4908587245296471,0.44179486949647595,0.3343765069734519,42.6
LOW,0.2073218953069772,0.1519322297181408,0.27151270770141755,0.18570545367397545,0.0,0.13668735272210553,0.17658941332864034,0.11914897943682139,0.03451954418778516,3,8,1,7,0.1519322297181408,0.27151270770141755,0.0,7.13
LOW,0.06884421388152884,0.23154841061637396,0.06621738826623219,0.11526111259772581,0.06097457637085571,0.011611585925795372,0.0,0.0,0.05805792962897686,0,10,0,10,0.23154841061637396,0.06621738826623219,0.06097457637085571,0.0
LOW,0.24728564477829365,0.2827033149248137,0.16856523568039639,0.11944633596298632,0.2270059156661088,0.23796390773160223,0.37197487298476745,0.06546983846243143,0.008425081241277383,4,7,3,4,0.2827033149248137,0.16856523568039639,0.2270059156661088,13.77
MEDIUM,0.5609964863285145,0.5757435316248546,0.40465065435816555,0.5056153960212248,0.33789530779539356,0.4055120224711231,0.438007602752801,0.38816425437298496,0.3253730497242276,9,5,2,3,0.5757435316248546,0.40465065435816555,0.33789530779539356,48.12
HIGH,0.7744826334868524,0.7131250559396392,0.875195088632118,0.7631391489198786,0.6933925660974902,0.7729254907989178,0.828485405177506,0.9376493213861781,0.4415219170758931,21,13,11,2,0.7131250559396392,0.875195088632118,0.6933925660974902,86.46
LOW,0.2715022383666548,0.2682602329966014,0.18420380833763775,0.047755825781661126,0.4408098964759477,0.15009948194771944,0.20876290707380157,0.0,0.12420868851719255,2,9,2,7,0.2682602329966014,0.18420380833763775,0.4408098964759477,5.9
HIGH,0.8202594230762175,0.8282562326620596,0.9373174474236163,0.9107569568786368,0.5513031187270012,0.7081836036163541,0.7743580992645464,0.6046658322407293,0.6131778880474025,17,8,6,2,0.8282562326620596,0.9373174474236163,0.5513031187270012,81.33
MEDIUM,0.41696057351372096,0.45855125151308196,0.5957993120360361,0.29777020866004,0.34060114814875064,0.6019230980159402,0.82480049275836,0.11508200078311194,0.4201320110215098,9,10,8,2,0.45855125151308196,0.5957993120360361,0.34060114814875064,55.73
HIGH,0.6939554203490147,0.6679590423314388,0.7989705476637852,0.6849857387170605,0.43943744077924707,0.7190255246456775,0.8642899589326233,0.5818020088221821,0.42045573760833566,15,7,6,1,0.6679590423314388,0.7989705476637852,0.43943744077924707,79.73
LOW,0.2240978899541757,0.18614031158642622,0.14321469044897905,0.24765684041870384,0.14513144489213917,0.16748997407385707,0.18988193071829906,0.12625295171480977,0.1415511264995784,4,9,2,7,0.18614031158642622,0.14321469044897905,0.14513144489213917,4.52
HIGH,0.7848259825125429,0.7509390834408052,0.677142559117546,0.8775919570335214,0.4551403385356981,0.8014156254040219,0.9028197683045618,0.7482326170418904,0.5503862050645334,14,3,3,0,0.7509390834408052,0.677142559117546,0.4551403385356981,93.85
MEDIUM,0.19512072216054385,0.36530026800076,0.08905259800579915,0.10884716538898022,0.2147722648661098,0.49030338497718623,0.6179262176338476,0.3660670210479617,0.23167125093642688,12,11,7,4,0.36530026800076,0.08905259800579915,0.2147722648661098,17.66
LOW,0.22192849929671749,0.31112903587975504,0.2677323891731834,0.4132583189931725,0.12435292232847947,0.1706946496814163,0.20193118895854628,0.17198306439597918,0.0756966171354634,3,10,2,8,0.31112903587975504,0.2677323891731834,0.12435292232847947,9.58
LOW,0.1860784786511862,0.11592432277051051,0.25856830573489015,0.1457228927494313,0.15028237506302894,0.1902268748801046,0.19554036323427743,0.15003642078537974,0.21447686391231097,5,8,2,6,0.11592432277051051,0.25856830573489015,0.15028237506302894,9.41
HIGH,0.6858442463440059,0.6631608558301809,0.7312972168975687,0.6943764097255406,0.40066451418460386,0.7038786668319129,0.8822430188709438,0.34481666018478274,0.52784761736195,19,8,7,1,0.6631608558301809,0.7312972168975687,0.40066451418460386,82.64
MEDIUM,0.4742123303198136,0.49175715544958004,0.4557773420986304,0.46087724832931626,0.29655365689464985,0.6200788851285222,0.8309062730324959,0.2667631493132111,0.34091245723191216,9,3,2,1,0.49175715544958004,0.4557773420986304,0.29655365689464985,63.23
LOW,0.14881132499115807,0.18493160660126845,0.15036818054415382,0.18612089223269593,0.07544382103633376,0.32382550063370086,0.4235918464461826,0.03302598678609905,0.3153259770438573,6,10,4,6,0.18493160660126845,0.15036818054415382,0.07544382103633376,7.35
HIGH,0.7603938430680615,0.5908250108542273,0.6480258184903636,0.7890040771813013,0.518945717981062,0.7771563107977149,0.8586817432359336,0.8657898388910925,0.44394648538968107,16,7,6,1,0.5908250108542273,0.6480258184903636,0.518945717981062,87.54
LOW,0.15023281481495954,0.012411597161944649,0.12520277679560796,0.2080767355955611,0.17925261989518276,0.11531674434314172,0.1126882000679036,0.15333219529159295,0.0851869262204049,3,11,1,10,0.012411597161944649,0.12520277679560796,0.17925261989518276,0.0
LOW,0.15409008007609112,0.1321540839041364,0.18096395785533123,0.04011344703011219,0.11532841354112869,0.19618216740448385,0.264139639386262,0.13640641894630692,0.05208549991732632,4,10,3,7,0.1321540839041364,0.18096395785533123,0.11532841354112869,4.73
MEDIUM,0.4854562031126219,0.45949273764414256,0.5837431550327494,0.509079100200714,0.34738513854882214,0.5185070889949379,0.5890204238684759,0.4965811861923401,0.32889298717692206,10,4,2,2,0.45949273764414256,0.5837431550327494,0.34738513854882214,52.27
LOW,0.15940564739668409,0.013268323709731411,0.0,0.0838562242480625,0.16331337686343392,0.24265193471295968,0.3557469145957133,0.13019712252759175,0.015821807250066874,5,6,2,4,0.013268323709731411,0.0,0.16331337686343392,3.79
LOW,0.38760375258246293,0.5583815181720537,0.4180598715812185,0.3602817671745834,0.3069572534228776,0.1947833465547149,0.3090301941262331,0.034922409420968095,0.011903740973907112,2,7,2,5,0.5583815181720537,0.4180598715812185,0.3069572534228776,26.29
LOW,0.20956414665973427,0.2882073883083617,0.3119515314874014,0.22624888920811198,0.18512452632313917,0.12745417963498412,0.07796112469958295,0.20230566469239042,0.20108185938378137,4,4,0,4,0.2882073883083617,0.3119515314874014,0.18512452632313917,2.0
MEDIUM,0.45930740697790656,0.4544773392890605,0.4427859687157574,0.3799023404160221,0.3738979859493323,0.35703897443623595,0.5070932996866475,0.08811553573512168,0.1757994373861157,6,5,3,2,0.4544773392890605,0.4427859687157574,0.3738979859493323,43.53
MEDIUM,0.5670529868083947,0.5575158284550056,0.5439005930610851,0.5683942212320802,0.5364525839415084,0.42587803919614936,0.3442991962086539,0.6812733942838288,0.41521921307095616,12,8,3,5,0.5575158284550056,0.5439005930610851,0.5364525839415084,37.93
LOW,0.14585854924582672,0.22317656235665018,0.08927810082697332,0.1417491261256875,0.1700148663045983,0.23109676511369734,0.3257827569785819,0.01788449582311178,0.16025105880962925,2,6,2,4,0.22317656235665018,0.08927810082697332,0.1700148663045983,4.55
MEDIUM,0.44853397452265836,0.4057341367821629,0.452972240401939,0.4503259483639988,0.3761636370522935,0.31383464304530756,0.30824351133615285,0.3295294086330963,0.3149132725849829,4,5,2,3,0.4057341367821629,0.452972240401939,0.3761636370522935,35.3
LOW,0.20120460250555297,0.15669672399809337,0.15341783506818304,0.16959049678721141,0.17069539788876142,0.23958074642994814,0.3493545208151982,0.0,0.14984016970414607,5,8,3,5,0.15669672399809337,0.15341783506818304,0.17069539788876142,19.14
HIGH,0.7944304677897246,0.6941070386434903,0.8046384064111051,0.7750291262428459,0.560729274253546,0.7880725869415869,0.8208772572120401,0.7373766912100403,0.7403544718617737,15,6,5,1,0.6941070386434903,0.8046384064111051,0.560729274253546,84.38
HIGH,0.8360392921556656,0.8016642248421684,0.826735715899762,0.75658695644154,0.5978865402159448,0.7903122062076102,0.9002418356399177,0.7771802489689733,0.47365527514932476,18,7,6,1,0.8016642248421684,0.826735715899762,0.5978865402159448,96.54
LOW,0.3847412248611145,0.42916582255887076,0.42628465332946397,0.43908465531470803,0.4181359329806964,0.24191435496219857,0.3485084079340624,0.0,0.1640465510088057,4,9,3,6,0.42916582255887076,0.42628465332946397,0.4181359329806964,9.69
MEDIUM,0.40626393358642815,0.2890966129116486,0.378763388086115,0.4634112338073847,0.22628912116488406,0.4318839707557485,0.5625193904126855,0.13600960834418652,0.33585207419649976,6,9,5,4,0.2890966129116486,0.378763388086115,0.22628912116488406,27.18
LOW,0.2509214796817852,0.26404200452563964,0.2469445361429388,0.24065895663047965,0.20792857932050873,0.16460420868662368,0.24114217904136867,0.05044225061864574,0.04915225569036678,3,8,2,6,0.26404200452563964,0.2469445361429388,0.20792857932050873,23.1
LOW,0.2289665312114379,0.26624065027408983,0.34100847446057325,0.1640717638717471,0.2942413547621736,0.20521605874944593,0.1823125310814991,0.35013452296464026,0.12900817753809196,4,6,1,5,0.26624065027408983,0.34100847446057325,0.2942413547621736,20.6
MEDIUM,0.4428449510883475,0.5003647241977622,0.41524513583494316,0.42598629702571256,0.21552401476868827,0.5707566189513975,0.8093231171449585,0.10547774415049363,0.3203359991716186,11,9,7,2,0.5003647241977622,0.41524513583494316,0.21552401476868827,43.92
HIGH,0.7522516918356618,0.6898613471479694,0.5864903140365846,0.7832099576587896,0.4393266462893851,0.7962381773180696,0.9504975418856202,0.609675740355143,0.5200225205783436,16,8,8,0,0.6898613471479694,0.5864903140365846,0.4393266462893851,78.91
MEDIUM,0.3126788490275316,0.36978426178446305,0.2880885305884844,0.1967239208954591,0.16297229644036926,0.46086019397599276,0.5651803847382861,0.2607819092976226,0.3479779063674827,15,9,5,4,0.36978426178446305,0.2880885305884844,0.16297229644036926,36.41
LOW,0.16397675150013255,0.14264544810429527,0.2099824252941037,0.08928986584399563,0.06165850963025892,0.04931758170866542,0.050670574890881365,0.03977342765084917,0.0548027562198338,0,7,0,7,0.14264544810429527,0.2099824252941037,0.06165850963025892,5.92
HIGH,0.5551170227285549,0.5571948578619491,0.429896632349151,0.6624974808106855,0.5499927532256512,0.7272763393368693,0.8955410164889164,0.47947096652906646,0.4702876806885309,15,7,6,1,0.5571948578619491,0.429896632349151,0.5499927532256512,79.09
HIGH,0.7971004503734095,0.8107467120272374,0.7048115124580722,0.7354959136028792,0.5640424415766297,0.7538294778874163,0.8039119922524727,0.7107965901104214,0.6466148225692419,18,9,7,2,0.8107467120272374,0.7048115124580722,0.5640424415766297,66.7
MEDIUM,0.2619137603961583,0.24969382328849246,0.3113972438990442,0.2906015624749442,0.055555999572714676,0.3848938391654064,0.38525115656444564,0.4074143244813563,0.36130140165233887,8,6,2,4,0.24969382328849246,0.3113972438990442,0.055555999572714676,14.1
MEDIUM,0.34393898138795637,0.35038005802141275,0.3369471660043159,0.4367915676208578,0.2649702898416032,0.47188245904542403,0.4601347218039227,0.42191854110883475,0.5570895887065174,10,9,4,5,0.35038005802141275,0.3369471660043159,0.2649702898416032,25.69
MEDIUM,0.5315991505962276,0.46073494481049376,0.5318142514825585,0.6466086635833805,0.3871586447197248,0.49229081204083747,0.3881302313053853,0.785569570534522,0.5114937957535092,14,9,3,6,0.46073494481049376,0.5318142514825585,0.3871586447197248,40.25
LOW,0.1576460194819248,0.04921281708552844,0.36499982834917893,0.0451229741520605,0.1401080267431381,0.18946828475754912,0.23430520222138054,0.15160055841895184,0.0928252587046522,4,8,2,6,0.04921281708552844,0.36499982834917893,0.1401080267431381,10.91
HIGH,0.6931638854175104,0.5874750899823604,0.8542584829933006,0.7360198173616997,0.5061053959226728,0.7305206769108458,0.8500426164528312,0.4492771614300311,0.6531983737657043,17,8,7,1,0.5874750899823604,0.8542584829933006,0.5061053959226728,67.84
MEDIUM,0.5581652922491325,0.5516802768279611,0.595575325722965,0.6174456410119177,0.2570176495329457,0.6134364052474466,0.801674033708188,0.4466521996165933,0.21550772549607555,13,6,5,1,0.5516802768279611,0.595575325722965,0.2570176495329457,62.22
LOW,0.202666455455628,0.12244696032154388,0.24335587864987737,0.1868636443235915,0.13969740616962562,0.3633538161222225,0.4852403246846692,0.1869069137764709,0.17414119278063406,8,13,6,7,0.12244696032154388,0.24335587864987737,0.13969740616962562,20.5
LOW,0.1547448141772654,0.0,0.2179786812817914,0.053391134392433384,0.19859496811966124,0.1587854141918156,0.19483687796473115,0.11280587147643657,0.09661056558844809,5,11,2,9,0.0,0.2179786812817914,0.19859496811966124,5.78
MEDIUM,0.5608666926398448,0.4829006949266239,0.4364777893503919,0.6007346821188629,0.514455677028214,0.42974687094623687,0.48923722483091864,0.4309035376469521,0.250119142591476,12,9,4,5,0.4829006949266239,0.4364777893503919,0.514455677028214,38.5
MEDIUM,0.2751563276866153,0.34921140228343517,0.18423100834998918,0.30491826698280466,0.2703501362248823,0.43221143966341546,0.47480471821741854,0.3167578299640088,0.4198852137008127,6,6,3,3,0.34921140228343517,0.18423100834998918,0.2703501362248823,34.44
LOW,0.36107310946036025,0.35317046782510153,0.3041033792167762,0.44620227873392704,0.08582161845620462,0.19765095513826847,0.22971330249777083,0.0956086407160795,0.20350622748195052,4,11,3,8,0.35317046782510153,0.3041033792167762,0.08582161845620462,17.75
HIGH,0.670667261509326,0.720058283473964,0.6438757317419714,0.686181298031568,0.5651942995845045,0.8543735755613415,1.0,0.7077360289618909,0.5641318488448167,19,6,6,0,0.720058283473964,0.6438757317419714,0.5651942995845045,86.59
HIGH,0.7085049222196693,0.7373572001040897,0.770248161410128,0.7801489646301167,0.657033635134429,0.8870344071161871,0.9194150806810093,1.0,0.6769267935379074,16,8,7,1,0.7373572001040897,0.770248161410128,0.657033635134429,87.96
LOW,0.12247368698677896,0.12907069878378313,0.13569119973252103,0.19784381433327497,0.04695042611241555,0.0969102208310922,0.09567395018536527,0.15700021512237344,0.0405290384769918,4,4,0,4,0.12907069878378313,0.13569119973252103,0.04695042611241555,6.98
LOW,0.28740127530155357,0.34183046903694975,0.31696412597518214,0.2725190127765713,0.25239155090159715,0.09485164805432747,0.13361210187510777,0.0,0.07342193464631407,1,11,1,10,0.34183046903694975,0.31696412597518214,0.25239155090159715,0.68
LOW,0.15849212955633335,0.19733173316909056,0.23768072410668897,0.1954147282969636,0.04771993282158857,0.26764293353316304,0.35395205702343263,0.17421226826035108,0.10214622833516625,5,8,3,5,0.19733173316909056,0.23768072410668897,0.04771993282158857,10.77
LOW,0.2750157746261674,0.3302752162158614,0.09093049737042941,0.31586986603874767,0.3681593961272883,0.07443249572754598,0.06468339761917523,0.09267087091092892,0.08544141486927531,4,11,1,10,0.3302752162158614,0.09093049737042941,0.3681593961272883,1.19
MEDIUM,0.7263206558733031,0.676344023942012,0.7254283531805565,0.7674012401523126,0.44741900413938646,0.5664447025390256,0.8144804627489118,0.25546633994329565,0.13331578450509668,12,7,6,1,0.676344023942012,0.7254283531805565,0.44741900413938646,60.9
LOW,0.25625504401416666,0.15954032064779433,0.21115886660662872,0.28417271277721207,0.24961974681026805,0.11970001678575842,0.1353459176278834,0.11517723102480286,0.07728510002033907,4,9,1,8,0.15954032064779433,0.21115886660662872,0.24961974681026805,6.14
HIGH,0.6587401628207301,0.6953291191692484,0.6964437264482972,0.8484238851062108,0.42749188976409996,0.7225420798631267,0.8886985210429206,0.5205536799215752,0.42606115626529667,16,7,6,1,0.6953291191692484,0.6964437264482972,0.42749188976409996,80.11
MEDIUM,0.4145082143364108,0.37503821546194605,0.34116177349944876,0.3699572062593703,0.16064294412225996,0.6092326014376932,0.7536787467813494,0.717430297264409,0.06769646958000874,15,9,7,2,0.37503821546194605,0.34116177349944876,0.16064294412225996,57.38
HIGH,0.8022513958755689,0.8350895800018537,0.8849811361926756,0.7432504375225445,0.4232576966471052,0.7876681069272198,0.9347924423665616,0.45741125483634937,0.6765519527000647,12,4,4,0,0.8350895800018537,0.8849811361926756,0.4232576966471052,80.37
HIGH,0.7261099071963205,0.7578087660764322,0.7772889153814961,0.786508816339491,0.49112437497024797,0.8879958961824069,1.0,0.9274180667913978,0.5125614141206367,19,8,8,0,0.7578087660764322,0.7772889153814961,0.49112437497024797,91.33
HIGH,0.6210462539076048,0.44765695427445473,0.5891534436057507,0.706226988625525,0.41952227572037676,0.7624568941761134,0.8923070446816268,0.7056318287711022,0.4297315080645848,19,8,7,1,0.44765695427445473,0.5891534436057507,0.41952227572037676,78.75
HIGH,0.8264131906268658,0.8794203715578903,0.7693438286924611,0.798882361537245,0.7716381187354695,0.7816793280616888,0.9251334810662799,0.6861913179544795,0.44680487915512546,18,8,7,1,0.8794203715578903,0.7693438286924611,0.7716381187354695,87.18
MEDIUM,0.4155136604463097,0.5108596858875976,0.4689361254594487,0.45823687859528855,0.3349477762072831,0.39005344659232355,0.37254550611471654,0.40446981734985327,0.42816089726761486,10,7,3,4,0.5108596858875976,0.4689361254594487,0.3349477762072831,33.22
LOW,0.20509364865570812,0.2760204935531076,0.08791911958205698,0.20774530626957838,0.21486704016674774,0.20073245780665105,0.23555594314951445,0.20956236560040364,0.08743209398430836,3,7,2,5,0.2760204935531076,0.08791911958205698,0.21486704016674774,9.42
MEDIUM,0.5413210216498933,0.4293861751174116,0.6353470317560239,0.46336735595951617,0.366809901025459,0.42775431422512117,0.4646775427513691,0.4334499767664774,0.3112889661050214,14,9,4,5,0.4293861751174116,0.6353470317560239,0.366809901025459,41.07
HIGH,0.7461069027555555,0.9017180424945456,0.7986141238618721,0.8217623914803547,0.3629171869390669,0.77152646606319,0.9309502879165901,0.5963964500148693,0.46838501655131004,17,8,7,1,0.9017180424945456,0.7986141238618721,0.3629171869390669,78.7
MEDIUM,0.4291815482641336,0.485376658225423,0.4473875355297795,0.4592554169720774,0.3983658806535598,0.4596164528807704,0.633243378975882,0.3487831214781742,0.049569005998032,9,9,6,3,0.485376658225423,0.4473875355297795,0.3983658806535598,46.44
MEDIUM,0.6099634828549455,0.7573493069709633,0.5362660199052323,0.5046944527459484,0.45954615491714434,0.4333449907001245,0.5863641631056842,0.1096248244151799,0.29800763976839,7,9,5,4,0.7573493069709633,0.5362660199052323,0.45954615491714434,35.14
HIGH,0.6787739750996583,0.7342916955616955,0.6526555212136377,0.6831993211816186,0.6997595655937566,0.7242515035223506,0.8234951773857002,0.5194013205397424,0.6313706649149097,18,10,8,2,0.7342916955616955,0.6526555212136377,0.6997595655937566,81.17
LOW,0.0,0.0,0.0077596549957887175,0.0,0.13838117488556093,0.2310580216408826,0.31575488770580323,0.0,0.20802544508700335,4,10,3,7,0.0,0.0077596549957887175,0.13838117488556093,1.62
HIGH,0.5028488084225047,0.5384806488256804,0.5903215792325074,0.49575176596554194,0.41678514720993226,0.7341731265483568,0.9082523629246259,0.49319214605761647,0.4529163979102897,16,9,8,1,0.5384806488256804,0.5903215792325074,0.41678514720993226,59.93
LOW,0.1486918579031487,0.052763207883971874,0.15443165254857968,0.21007399711010838,0.10609930695134594,0.10942923172456039,0.07205109727211013,0.1481803562403552,0.1828125105661163,4,12,1,11,0.052763207883971874,0.15443165254857968,0.10609930695134594,0.0
LOW,0.22565239206575977,0.13348445919621732,0.2483560090115174,0.37914652789832703,0.277543095517949,0.09517274917357035,0.0783860232516034,0.10137172168849383,0.13933395442454774,1,5,0,5,0.13348445919621732,0.2483560090115174,0.277543095517949,6.04
LOW,0.016118106653724772,0.047155988710334856,0.10307512293359815,0.0,0.017263853276725173,0.1899222291271469,0.26856940600210966,0.1439029276294055,0.0,4,6,2,4,0.047155988710334856,0.10307512293359815,0.017263853276725173,0.0
MEDIUM,0.526137112592086,0.437359080128358,0.5089902519685255,0.6165684835561123,0.3036720396756253,0.6211571176649271,0.6777375781516387,0.626635938112131,0.4459369157575879,15,8,5,3,0.437359080128358,0.5089902519685255,0.3036720396756253,55.89
HIGH,0.7240849541434539,0.8158284871122455,0.6951242454222447,0.7640381168035733,0.5612058159665552,0.6921701874846679,0.8256933060587986,0.45831132601764846,0.525459693229295,13,10,8,2,0.8158284871122455,0.6951242454222447,0.5612058159665552,68.81
LOW,0.07678706065623148,0.17709911371669146,0.0,0.0034637315294794163,0.03902876467176359,0.26208890899518106,0.42481508820571234,0.03599928035876842,0.0,4,5,2,3,0.17709911371669146,0.0,0.03902876467176359,10.74
HIGH,0.7069790821100606,0.704397383980865,0.7307634217868172,0.6429054552383189,0.5086725496265616,0.752033047824928,0.8045541602610357,0.919778185930813,0.4267245724107197,17,9,7,2,0.704397383980865,0.7307634217868172,0.5086725496265616,72.7
HIGH,0.998134798092135,0.9969791111533176,0.9324124143289185,0.9625703491502249,0.5482271034857418,0.8502512245136779,0.8869771262835954,1.0,0.5903247437176032,19,10,9,1,0.9969791111533176,0.9324124143289185,0.5482271034857418,97.69
MEDIUM,0.36296318034884983,0.39496371928733665,0.41219745356395115,0.406391024415773,0.23896589851036026,0.5395056206113366,0.7136366950978842,0.2984765122963041,0.25814150546672654,11,11,8,3,0.39496371928733665,0.41219745356395115,0.23896589851036026,36.86
HIGH,0.738724192667804,0.841411473825019,0.6858827120132748,0.8839111942910376,0.519826670295094,0.7872895801489598,0.8907576362241448,0.4800123718360883,0.784162620236276,13,8,7,1,0.841411473825019,0.6858827120132748,0.519826670295094,95.29
MEDIUM,0.5458596540725137,0.6803844717397716,0.5950166606688689,0.6238508026360701,0.38753426508356503,0.5241845512267194,0.6600598431152834,0.3431684370886746,0.2975747896990723,9,8,5,3,0.6803844717397716,0.5950166606688689,0.38753426508356503,57.33
LOW,0.28189165998945903,0.3330601811922968,0.4418951041187411,0.3661020391603844,0.1765989729511619,0.20567553953441756,0.2543685804591096,0.24126981141600157,0.024002144878757535,4,12,3,9,0.3330601811922968,0.4418951041187411,0.1765989729511619,20.73
HIGH,0.6949067600085559,0.5906737301167299,0.767506767602208,0.591838105200102,0.3421577087198171,0.8896518464939718,0.9927762414725261,1.0,0.46993050805228087,24,10,10,0,0.5906737301167299,0.767506767602208,0.3421577087198171,87.82
LOW,0.18363778197234362,0.22504051359786564,0.0833361913049309,0.08675541156025783,0.24545094385951857,0.22736316092995887,0.2661446253888094,0.08575431240620808,0.252627616077158,5,12,3,9,0.22504051359786564,0.0833361913049309,0.24545094385951857,1.39
LOW,0.1167418170004233,0.12390290426546008,0.041838043674220574,0.021043743046294888,0.0,0.1469186760320521,0.2200708776201164,0.0,0.07438074729991141,2,9,2,7,0.12390290426546008,0.041838043674220574,0.0,0.0
MEDIUM,0.350567336582934,0.36541997042232366,0.26794094734199236,0.342207822488292,0.21075506342405778,0.5291645793626556,0.5482717576732606,0.677030318803437,0.32397730499005917,11,9,5,4,0.36541997042232366,0.26794094734199236,0.21075506342405778,38.08
MEDIUM,0.4535587248850029,0.5054743705542464,0.4135400176652482,0.4217150900043315,0.26884964049131377,0.41267907510857343,0.474142053488953,0.38464704611472295,0.25632216896128523,15,11,5,6,0.5054743705542464,0.4135400176652482,0.26884964049131377,30.65
HIGH,0.8038007576055237,0.7825408326436054,0.724249466461065,0.9428546225227044,0.6312762597043868,0.871803633919714,0.9254952362378447,0.9401044800261876,0.6424279808588482,17,8,7,1,0.7825408326436054,0.724249466461065,0.6312762597043868,87.92
HIGH,0.7682085654809948,0.7532752359307809,0.9095336210406305,0.7556308625697299,0.6364977919098121,0.8786349659592352,0.9176031237829387,1.0,0.6403654584473593,19,8,7,1,0.7532752359307809,0.9095336210406305,0.6364977919098121,89.8
HIGH,0.5633296862461383,0.5880285174548726,0.5206482051769883,0.5204356688345073,0.3854467567175614,0.8245208539498678,0.9041778750717815,0.6514752023169812,0.758595442217014,22,9,8,1,0.5880285174548726,0.5206482051769883,0.3854467567175614,72.93
LOW,0.16165874593701446,0.11676819730302315,0.333302156049524,0.10020688438538913,0.0,0.07380645772298113,0.11504608290021748,0.0,0.02389403991425319,2,6,1,5,0.11676819730302315,0.333302156049524,0.0,0.0
HIGH,0.5124230736592084,0.5022030078468979,0.48649068878019663,0.5784511024513118,0.39385047905151666,0.8113578470293619,0.994949833700861,0.5777093416043948,0.49423039243983197,20,9,9,0,0.5022030078468979,0.48649068878019663,0.39385047905151666,78.97
MEDIUM,0.477919500272136,0.4750163703680984,0.510713913430691,0.6407142558304726,0.3102863120348073,0.418898597029423,0.4953264757876869,0.26178882680936494,0.3467247309746897,7,4,2,2,0.4750163703680984,0.510713913430691,0.3102863120348073,49.79
MEDIUM,0.4724045555776617,0.6411513926421784,0.4989325455759612,0.2932664258746941,0.18969475224863228,0.4077378679826989,0.5123495122866275,0.1892348183575352,0.3124059846960769,10,7,4,3,0.6411513926421784,0.4989325455759612,0.18969475224863228,37.04
LOW,0.2217258487275187,0.24901660420767585,0.23347026941375904,0.02882397485886906,0.16353730191006952,0.17799540514834916,0.1819094752549693,0.18641097529128564,0.15783762468555226,3,8,1,7,0.24901660420767585,0.23347026941375904,0.16353730191006952,18.04
MEDIUM,0.48303984027133934,0.6546733032814197,0.43278413430677987,0.38820439162388115,0.337044087501108,0.3406999729688682,0.49392852068110243,0.0,0.22171430280103369,7,9,4,5,0.6546733032814197,0.43278413430677987,0.337044087501108,25.47
HIGH,0.7123072479243137,0.769513198633221,0.6609871962820262,0.7822157911656302,0.389550776121085,0.7992245695201114,0.8597298464640258,0.9897986403201422,0.4271346678883379,15,7,6,1,0.769513198633221,0.6609871962820262,0.389550776121085,79.16
HIGH,0.770654229284295,0.7691631786028011,0.7446790413466416,0.6712323183946971,0.46674491498081194,0.754598423424309,0.7763171361023239,0.7973119249769078,0.6467287838376655,18,8,6,2,0.7691631786028011,0.7446790413466416,0.46674491498081194,82.3
HIGH,0.8393610683992425,0.7574576526999066,0.8114674501552331,0.8019416949554338,0.6522765572824206,0.7825627856088117,0.7852686936539138,0.9395949214229102,0.6174129256594063,21,12,9,3,0.7574576526999066,0.8114674501552331,0.6522765572824206,79.13
MEDIUM,0.5736678093497128,0.5165141421119894,0.41386008874302055,0.4275665779981708,0.42770595912949705,0.5400467060287633,0.7810284081808633,0.08983226678839734,0.26731603881282917,13,7,5,2,0.5165141421119894,0.41386008874302055,0.42770595912949705,69.39
MEDIUM,0.557760044030578,0.6273759635759004,0.45533431845972394,0.6136418852654473,0.28847138369139547,0.4920936570147943,0.5242696256535075,0.5779474090166262,0.3097119990968227,14,10,5,5,0.6273759635759004,0.45533431845972394,0.28847138369139547,33.12
LOW,0.3162092454831117,0.4124018350804078,0.3367368147873565,0.34758652683808217,0.31065124164645386,0.23216736573092525,0.30492906936222286,0.06958160174079417,0.17646801882716345,3,7,2,5,0.4124018350804078,0.3367368147873565,0.31065124164645386,18.03
MEDIUM,0.36084152565492095,0.5395702357974408,0.2894906654329812,0.39043826698736395,0.3105689856051054,0.48987572958489967,0.5418675563077151,0.4842979870726311,0.33947799192872186,10,6,3,3,0.5395702357974408,0.2894906654329812,0.3105689856051054,40.9
MEDIUM,0.5014950332660502,0.4454827511792299,0.5288781975819417,0.42750667815328053,0.3768244312855943,0.3864657587253883,0.5161453315500235,0.1846257663213084,0.19926703265556264,11,13,7,6,0.4454827511792299,0.5288781975819417,0.3768244312855943,31.81
LOW,0.24711661029025844,0.19603692752599763,0.15954717293875859,0.24452345853791968,0.16898471828804748,0.10589209036604808,0.1499558026128285,0.01087077205603434,0.06872227193572047,1,7,1,6,0.19603692752599763,0.15954717293875859,0.16898471828804748,8.53
LOW,0.3331765170337365,0.48853007457681763,0.28776121231101326,0.46715157603143176,0.2559511435605322,0.23467997510542365,0.3183636190063715,0.1457703958048155,0.0725386227031882,5,9,3,6,0.48853007457681763,0.28776121231101326,0.2559511435605322,8.08
MEDIUM,0.5546885023893936,0.5768822314449047,0.5922461800692173,0.4945745962177977,0.4139030123130436,0.42688888133589015,0.5355486083213592,0.3093093530793784,0.21848922863599493,11,10,5,5,0.5768822314449047,0.5922461800692173,0.4139030123130436,40.9
MEDIUM,0.5068559003420956,0.602895635353567,0.5286905265469835,0.4786028053011603,0.24888539807503102,0.41826432134118896,0.5862085191996673,0.0,0.33269604910694284,8,9,5,4,0.602895635353567,0.5286905265469835,0.24888539807503102,34.44
MEDIUM,0.6162724344084871,0.5892923579197251,0.5385050146962177,0.6598453196271663,0.4424663148649743,0.40905320614562773,0.49624978232086137,0.25719332689451185,0.2993233568710426,11,11,5,6,0.5892923579197251,0.5385050146962177,0.4424663148649743,40.25
LOW,0.2027531891128242,0.2348773711796522,0.2148434076717578,0.24993562255393187,0.09751281495828319,0.12018312991679792,0.0632788563724909,0.19068481504147977,0.22039426542503712,2,6,0,6,0.2348773711796522,0.2148434076717578,0.09751281495828319,2.61
HIGH,0.7246645734828383,0.990862356397234,0.7005498946579976,0.8476479604408487,0.6707282659731003,0.8093721155492916,0.9426877967240052,0.6574166638756389,0.5613805236988035,20,8,8,0,0.990862356397234,0.7005498946579976,0.6707282659731003,78.04
HIGH,0.671781404227649,0.5336858505377322,0.7404945970086418,0.7568149547391162,0.4068251396031976,0.7666749571547948,0.9824105965323796,0.33326845579254305,0.5528745403842923,16,8,8,0,0.5336858505377322,0.7404945970086418,0.4068251396031976,77.87
MEDIUM,0.4034672501500766,0.39477077267345545,0.5125249492781898,0.3571697341573645,0.5079610764237004,0.4261465240085622,0.4547253320930136,0.3980118433833827,0.3685447803803875,11,7,3,4,0.39477077267345545,0.5125249492781898,0.5079610764237004,35.16
MEDIUM,0.6145517727653778,0.5333124303239196,0.5693130912025653,0.6595574073195971,0.5103328834772178,0.4779136191470902,0.5983932827733177,0.3245615355686433,0.2698267118468545,11,10,6,4,0.5333124303239196,0.5693130912025653,0.5103328834772178,39.58
HIGH,0.8513461312593928,0.7938452023002919,0.873164616626178,0.9594186460383581,0.6501530209595242,0.7478827239728001,0.8393886073863933,0.44686118096325694,0.7743866167415633,13,6,5,1,0.7938452023002919,0.873164616626178,0.6501530209595242,80.5
LOW,0.2573805204895621,0.1399587504555999,0.2405485697770502,0.31159562027696625,0.24827367204442413,0.10220277382481206,0.1313056068435168,0.0,0.11709704859350992,3,5,1,4,0.1399587504555999,0.2405485697770502,0.24827367204442413,7.71
HIGH,0.5945498592613906,0.5439053259980008,0.4695953738471712,0.6341321848777891,0.33590024238757904,0.8438700068279735,0.931973740940485,0.7575091434924748,0.665919667825938,21,9,8,1,0.5439053259980008,0.4695953738471712,0.33590024238757904,87.38
MEDIUM,0.48822318898703515,0.4436252850711526,0.4092132129423143,0.5907891497319236,0.4023306035348937,0.5371603468784867,0.6530243584373543,0.23185807864690186,0.49487058043346904,7,8,5,3,0.4436252850711526,0.4092132129423143,0.4023306035348937,47.34
HIGH,0.5888952373990205,0.5288054365945276,0.8207759828868503,0.6641782563050104,0.338921081636793,0.6635133785588129,0.8134842113056966,0.31546056133038947,0.5616536975465853,18,9,7,2,0.5288054365945276,0.8207759828868503,0.338921081636793,51.15
HIGH,0.6880449422433126,0.9110585467120382,0.7589171424351129,0.7178689241437186,0.35913910051766346,0.6774098253271555,0.7304011760721013,0.6577699371181036,0.53807566130137,14,7,5,2,0.9110585467120382,0.7589171424351129,0.35913910051766346,64.59
MEDIUM,0.6167409357873798,0.54581867206615,0.5946490910859109,0.6136146873300864,0.5023466885542952,0.4085459974750582,0.4222254488205433,0.5456136043000546,0.2304400366136066,12,8,3,5,0.54581867206615,0.5946490910859109,0.5023466885542952,36.05
MEDIUM,0.570553304167146,0.595345128346372,0.5611508383923322,0.7406096269737193,0.3980027734750665,0.46853186862496443,0.5806116250049205,0.2826946452244943,0.31812982288556646,10,10,6,4,0.595345128346372,0.5611508383923322,0.3980027734750665,29.18
LOW,0.09216655588911865,0.15151667124585244,0.09206057735098237,0.16761528415403992,0.0,0.09466335280406146,0.1357734555398808,0.06599639740066492,0.0,1,10,1,9,0.15151667124585244,0.09206057735098237,0.0,6.47
LOW,0.1801132667657147,0.20772255865649702,0.20553192983214055,0.14807903383947305,0.15589426817198057,0.1992906648942374,0.2877419994220409,0.005531730017898306,0.12769559618716605,1,3,1,2,0.20772255865649702,0.20553192983214055,0.15589426817198057,22.28
HIGH,0.614656182750648,0.6104141448660922,0.58298005036071,0.5355675589256096,0.2663544267321234,0.7049401475557275,0.7425474023413148,0.7977584770519711,0.49930005370272185,17,10,7,3,0.6104141448660922,0.58298005036071,0.2663544267321234,70.24
LOW,0.20444467288590967,0.21188761773478745,0.16878813233939138,0.10607495185555224,0.21972444557750712,0.29906735866022083,0.3912256150630467,0.26592154099740234,0.05573840711456173,5,7,3,4,0.21188761773478745,0.16878813233939138,0.21972444557750712,16.11
HIGH,0.6002071541742695,0.48182828645063713,0.6042025386948613,0.31777442610254614,0.41007932599040764,0.7910015329113061,0.8244201913271149,0.8060309053225684,0.6757161852526176,18,10,8,2,0.48182828645063713,0.6042025386948613,0.41007932599040764,64.52
LOW,0.22876106831814,0.09709191031484476,0.3402450274752629,0.20231066577435333,0.21015011506699144,0.0014803594848330093,0.0,0.007401797424165047,0.0,1,10,0,10,0.09709191031484476,0.3402450274752629,0.21015011506699144,3.83
HIGH,0.746847505391236,0.7198521565585538,0.7305638582333235,0.7395089118864966,0.5633564192665881,0.9111001352755759,0.9345694736974423,1.0,0.7517922552855528,16,4,4,0,0.7198521565585538,0.7305638582333235,0.5633564192665881,87.64
MEDIUM,0.4121102444878541,0.44925335468358735,0.22514531406544455,0.2910221795763918,0.4977064890517439,0.4304124958093224,0.5575366597312371,0.1503079953061962,0.32914450454670463,6,6,3,3,0.44925335468358735,0.22514531406544455,0.4977064890517439,33.24
LOW,0.1583663310541373,0.24802227620107425,0.1954900116687901,0.20944825392950478,0.10827896660149809,0.19005145457603861,0.2987418918043503,0.012648073065675926,0.04138352440146628,4,9,3,6,0.24802227620107425,0.1954900116687901,0.10827896660149809,7.9
MEDIUM,0.6004140497473773,0.7048582843616872,0.5503207889022775,0.4596245019961188,0.3491401447344,0.4346354598834338,0.4154559780148063,0.5163496681598148,0.41045969721293496,6,6,2,4,0.7048582843616872,0.5503207889022775,0.3491401447344,32.48
MEDIUM,0.44461002870991084,0.507739774105025,0.48438053227466543,0.49342626639440534,0.15702681611836378,0.4286607220533215,0.45605109451116144,0.5397794609486407,0.23537086578448266,10,5,2,3,0.507739774105025,0.48438053227466543,0.15702681611836378,41.78
MEDIUM,0.44779023349916264,0.4256126780670764,0.556845504789032,0.343577783968189,0.45687528141252276,0.4130764395037213,0.45409660066811164,0.382473972063202,0.32061842345106967,6,7,3,4,0.4256126780670764,0.556845504789032,0.45687528141252276,31.17
LOW,0.39619606429480303,0.3577055866398253,0.48891184464919846,0.47836990098090815,0.31363021890204834,0.16326146276490205,0.1837185159120463,0.11937818470803807,0.14577358138033328,2,8,1,7,0.3577055866398253,0.48891184464919846,0.31363021890204834,5.87
HIGH,0.4365286096784529,0.45218342196860106,0.41773036851897954,0.4493927013467809,0.19157335265151326,0.871337458722555,0.9280541990347299,0.6912032868350146,0.8813214096735706,20,8,7,1,0.45218342196860106,0.41773036851897954,0.19157335265151326,62.91
LOW,0.22262733029568457,0.24420642501793138,0.24531281377251493,0.3591343840004557,0.18134957777923644,0.1042984915750309,0.10590535409770753,0.03840619607285543,0.1653701995091765,1,9,1,8,0.24420642501793138,0.24531281377251493,0.18134957777923644,8.22
MEDIUM,0.5025909623716911,0.4381466392902038,0.4800724235977396,0.45900628574853425,0.5037049719837221,0.6160959191433043,0.6102771625465031,0.602222600461466,0.6474255076155458,15,8,5,3,0.4381466392902038,0.4800724235977396,0.5037049719837221,52.05
LOW,0.1192491152570771,0.11777590473390746,0.16219932780388432,0.17478761366165926,0.0,0.10391995804624715,0.09595736913706472,0.16114500787708957,0.070582674942952,2,5,0,5,0.11777590473390746,0.16219932780388432,0.0,0.78
HIGH,0.7529241320947299,0.7901762408213981,0.6914702845340424,0.7200578545977039,0.6198257617950935,0.702020986109423,0.8565452106365562,0.5709815882681877,0.3694877103692586,17,8,7,1,0.7901762408213981,0.6914702845340424,0.6198257617950935,67.42
LOW,0.05782722645066225,0.12089540541336168,0.0,0.05153245868164746,0.1122652740100185,0.170267479656225,0.22253859789432218,0.05600413365610482,0.12771747094205363,3,10,2,8,0.12089540541336168,0.0,0.1122652740100185,0.0
MEDIUM,0.49803175860723714,0.49538564940650953,0.33960201074835816,0.47416707035387323,0.26107450801939436,0.3322136838532455,0.3675581105553291,0.32271011385995635,0.23568397374028371,9,7,3,4,0.49538564940650953,0.33960201074835816,0.26107450801939436,32.83
HIGH,0.6377618779150209,0.6013731922782487,0.6179663395069404,0.6844858926650885,0.34217730157786475,0.7976806078641304,1.0,0.7669543982255277,0.2214486410951243,21,8,8,0,0.6013731922782487,0.6179663395069404,0.34217730157786475,83.64
MEDIUM,0.442668986442606,0.4569345822962874,0.5042360468124713,0.32946139859270995,0.24936645518616934,0.6454595717423844,0.7957867192101219,0.35658944465618714,0.4833482564253695,15,14,11,3,0.4569345822962874,0.5042360468124713,0.24936645518616934,48.35
HIGH,0.8098992717648731,0.909010941506976,0.9916574705774208,0.8069548302195712,0.61573514179066,0.6446039940355149,0.8430584279236363,0.14860301012447658,0.5452416762821891,13,6,5,1,0.909010941506976,0.9916574705774208,0.61573514179066,59.62
LOW,0.2267679203640459,0.2565568937570957,0.22297278056596048,0.3761555337985346,0.31568390783574374,0.17111183703562383,0.11788070083208954,0.2609409667786361,0.2409761159032145,4,8,1,7,0.2565568937570957,0.22297278056596048,0.31568390783574374,9.15
LOW,0.14543323204105293,0.2509790378327806,0.18042332349308077,0.10109806827610349,0.009203655193191912,0.11674966505604759,0.10902675216638297,0.0836144777965084,0.1730535909845807,4,6,1,5,0.2509790378327806,0.18042332349308077,0.009203655193191912,3.66
HIGH,0.8025796148145921,0.8700483122497752,0.6902181834088673,0.7158585231499172,0.5388540805026749,0.8532313423351277,0.9284778258424948,0.9229151310446653,0.5578081031034885,21,11,10,1,0.8700483122497752,0.6902181834088673,0.5388540805026749,87.02
LOW,0.11827724743669785,0.2110296059925411,0.0,0.07799173292600786,0.19761480122553818,0.19413374508920622,0.16252178227169645,0.20728864703125016,0.27581473159969166,4,8,1,7,0.2110296059925411,0.0,0.19761480122553818,20.01
MEDIUM,0.44423241751340364,0.5164296429074086,0.5389697577831863,0.44112719400351247,0.2625783264033066,0.6323904908293593,0.8076092977444498,0.2958771084555759,0.44324745245787095,16,9,7,2,0.5164296429074086,0.5389697577831863,0.2625783264033066,49.82
LOW,0.2854486401830003,0.19502149565681604,0.2947789171821674,0.40932137881979036,0.02133083423474008,0.21277441320544682,0.24825671343302855,0.2211745389324271,0.09792738679572136,3,6,1,5,0.19502149565681604,0.2947789171821674,0.02133083423474008,10.31
LOW,0.17232944396477445,0.13126860216769598,0.20962123556170972,0.2986586937344854,0.15341269865979243,0.278934174190469,0.3612398684532515,0.2578824897780453,0.05306877581454501,6,9,3,6,0.13126860216769598,0.20962123556170972,0.15341269865979243,5.64
HIGH,0.5947850381951535,0.6335293002430636,0.4703147915438559,0.6084644781533619,0.25927622630931446,0.7848552712614211,0.9539091813097541,0.5713239852821047,0.4912248270957381,18,10,10,0,0.6335293002430636,0.4703147915438559,0.25927622630931446,76.84
HIGH,0.7507392419343143,0.834174835715322,0.8175900784856183,0.7134057563697466,0.6464221662146022,0.703248640375619,0.8266918909503826,0.5015036173243987,0.5346639117025482,15,10,8,2,0.834174835715322,0.8175900784856183,0.6464221662146022,78.26
HIGH,0.6566266476413866,0.7444511569492207,0.5924129813463509,0.8394807399413808,0.44197447449474225,0.8531309147321613,0.9119873363384834,0.9585810032157182,0.5711115614296377,17,10,9,1,0.7444511569492207,0.5924129813463509,0.44197447449474225,81.05
HIGH,0.8081419297623409,0.8697176544232137,0.8622244983969721,0.8930265571507031,0.613201316174431,0.714711336837587,0.7285452778568099,0.9384406505027373,0.44948020011476797,19,9,7,2,0.8697176544232137,0.8622244983969721,0.613201316174431,78.47
MEDIUM,0.21735680833982476,0.13716649581211496,0.28345588331937194,0.10162705933469081,0.06412166883707687,0.4434940552933114,0.6127069980699351,0.1445150650264603,0.23483421723029121,10,8,5,3,0.13716649581211496,0.28345588331937194,0.06412166883707687,28.28
HIGH,0.7398854752863702,0.6380294333638059,0.7570729133708365,0.6825588169067967,0.5303113507690667,0.8295794013031469,0.9578463202405716,0.614748195876533,0.6596098499174867,22,10,10,0,0.6380294333638059,0.7570729133708365,0.5303113507690667,86.76
LOW,0.2385095303530245,0.1051287010455611,0.1751438778122451,0.22160896502494812,0.1582343663088283,0.20175749243529245,0.24292865110950382,0.019304812483997236,0.2606966963639536,3,8,2,6,0.1051287010455611,0.1751438778122451,0.1582343663088283,6.8
MEDIUM,0.4348436195317407,0.43704767746689976,0.42789129181211294,0.5672560949747371,0.29175959853443534,0.4807726045454075,0.5371106088343446,0.5130590956955077,0.27947210052849586,8,9,5,4,0.43704767746689976,0.42789129181211294,0.29175959853443534,29.83
MEDIUM,0.42220588973137796,0.3574839072063338,0.43195402845337655,0.43893389726537624,0.224554435094813,0.397467154949661,0.47218062633936075,0.3933233098885782,0.1774705858416445,9,7,3,4,0.3574839072063338,0.43195402845337655,0.224554435094813,32.17
HIGH,0.6096930681017945,0.5286361599600026,0.599152629584157,0.7717580699607143,0.4833638119120458,0.7260978844474676,0.7933708605684198,0.7914432334797913,0.4589336070522868,16,8,6,2,0.5286361599600026,0.599152629584157,0.4833638119120458,81.51
HIGH,0.731361225613546,0.676535321273446,0.790467471963673,0.7548375312185759,0.6374081225446847,0.8567171612493423,0.9574494235724675,0.5112932262252978,0.8999443093040113,17,9,9,0,0.676535321273446,0.790467471963673,0.6374081225446847,84.82
LOW,0.2592794478935238,0.29896169570286607,0.3365980202072335,0.3287331286617343,0.0967389969018568,0.3639730901633633,0.45296649248086857,0.2968887817550214,0.16407719161918966,7,8,4,4,0.29896169570286607,0.3365980202072335,0.0967389969018568,20.85
MEDIUM,0.18758587021223513,0.3100069464452682,0.281782161542541,0.05345092681764252,0.220308900635509,0.4631720359235374,0.5488428088177105,0.31019077213686624,0.35914098102768915,8,5,3,2,0.3100069464452682,0.281782161542541,0.220308900635509,34.58
HIGH,0.5632510601627723,0.5990043373128259,0.6480362598477392,0.5958375772897005,0.3713569509961131,0.8215798397876206,1.0,0.46508504288161284,0.6428141560564904,21,8,8,0,0.5990043373128259,0.6480362598477392,0.3713569509961131,77.86
MEDIUM,0.510686037787711,0.4260202354790921,0.44117560151780144,0.48863260765725663,0.453218508199318,0.505642106241388,0.5849645108036926,0.3086530226620218,0.4646639761338401,4,4,2,2,0.4260202354790921,0.44117560151780144,0.453218508199318,35.43
LOW,0.1903273855426954,0.2676307278381188,0.18158671890010536,0.27218207902485225,0.12055393826248006,0.20018720906148066,0.24918937101174635,0.12635134908112688,0.12701658319103734,4,11,3,8,0.2676307278381188,0.18158671890010536,0.12055393826248006,9.41
MEDIUM,0.4557944416836379,0.42396362403936677,0.4130171389308211,0.578195614116511,0.3119840003234499,0.6935944539271413,0.9156919800846062,0.4556549972749697,0.26524133210691775,14,9,8,1,0.42396362403936677,0.4130171389308211,0.3119840003234499,73.77
HIGH,0.519881401658542,0.5487598824972085,0.5867370735034172,0.5427538376279765,0.4311644990578885,0.7527547144887418,0.9420349490176202,0.35391996093406586,0.5837487644567821,18,11,10,1,0.5487598824972085,0.5867370735034172,0.4311644990578885,61.73
HIGH,0.7556756729713228,0.899326095595167,0.5991679864771409,0.7845742424994944,0.43575221541691406,0.8222886177842963,0.9406181677071,0.7675662517957085,0.5220223340044725,21,9,8,1,0.899326095595167,0.5991679864771409,0.43575221541691406,85.06
HIGH,0.8425572821077739,0.9088528708310522,0.8876577966394252,0.7872799501782737,0.688333684904853,0.8374154115850221,1.0,0.6257379339502488,0.5613391239748615,15,6,6,0,0.9088528708310522,0.8876577966394252,0.688333684904853,83.66
MEDIUM,0.4091065256730169,0.4389305462060303,0.3377544586804156,0.395702001691752,0.19102094546690013,0.4152263493786568,0.5781357366546699,0.023535140010699878,0.31818939691857473,7,7,4,3,0.4389305462060303,0.3377544586804156,0.19102094546690013,30.67
HIGH,0.6701257107406425,0.6874947279695912,0.5205197698544656,0.5707070486419277,0.43007258140727567,0.8642078549305743,1.0,0.7554542696860189,0.5655850049668525,15,6,6,0,0.6874947279695912,0.5205197698544656,0.43007258140727567,85.98
MEDIUM,0.4750768921760409,0.6118414688230592,0.4204799543171456,0.48942648743803663,0.16323635211293835,0.5127728122115781,0.5816568281000849,0.6438746426710593,0.1750189340865763,16,10,6,4,0.6118414688230592,0.4204799543171456,0.16323635211293835,38.13
HIGH,0.8579631744808609,0.8764011874632244,0.9209003742817916,0.7160472257274203,0.6602878748138417,0.728635041211227,0.9413790192415732,0.3847575868078416,0.434280561523574,15,9,8,1,0.8764011874632244,0.9209003742817916,0.6602878748138417,91.17
HIGH,0.7056455566542273,0.6920096339963865,0.7290601272089885,0.7698801464555196,0.5473369589600563,0.8250577281490652,0.8661593071672814,0.8978874105080542,0.628923308735428,19,9,8,1,0.6920096339963865,0.7290601272089885,0.5473369589600563,86.68
LOW,0.22413092743812357,0.3553455618034081,0.24172986237448088,0.23080911293468134,0.09730321865944597,0.2125236725471077,0.25912727362603544,0.08049255926618512,0.20474398259124715,3,6,2,4,0.3553455618034081,0.24172986237448088,0.09730321865944597,7.78
HIGH,0.6810234338387596,0.6371772368090466,0.513775870202388,0.6081136749958777,0.5295048980263921,0.7648021647070476,0.941910059327307,0.5197593535092877,0.47852129204402977,25,12,11,1,0.6371772368090466,0.513775870202388,0.5295048980263921,85.7
MEDIUM,0.6625710315742543,0.8397367555666317,0.6384168027416661,0.592309594555054,0.6471487004158017,0.3079344621941265,0.4053558973087523,0.14428078115575338,0.17932383788862213,4,8,3,5,0.8397367555666317,0.6384168027416661,0.6471487004158017,28.47
MEDIUM,0.30648896234099193,0.3914819074629593,0.3070208184624039,0.35265071601588105,0.26129529156808795,0.4917672321744827,0.5189840365350423,0.5476263050453338,0.3542577462219526,7,7,4,3,0.3914819074629593,0.3070208184624039,0.26129529156808795,45.07
LOW,0.23802831255908533,0.2443393972529171,0.1291987778359013,0.2587000758418707,0.1857517624844072,0.16653794746825035,0.223393700167411,0.11469969172886987,0.04780894511014874,3,9,2,7,0.2443393972529171,0.1291987778359013,0.1857517624844072,4.04
MEDIUM,0.5623716721068969,0.610867520102718,0.5457960831899016,0.40721441579353956,0.5418291875635254,0.35812937049311716,0.25673538388170486,0.4672122786837764,0.5532284221366948,9,8,2,6,0.610867520102718,0.5457960831899016,0.5418291875635254,36.34
HIGH,0.935061348394051,0.8676081601757644,0.857563216665003,0.9088612630479559,0.8286261031339865,0.7952260578306283,0.8538498712817146,0.7360596503581593,0.6785210249498379,21,10,9,1,0.8676081601757644,0.857563216665003,0.8286261031339865,99.9
LOW,0.15429511016782643,0.166072621412666,0.12717083327747175,0.3560192687045517,0.054740911822350184,0.1769112466124767,0.25797692053755683,0.0,0.11062547144971299,4,7,2,5,0.166072621412666,0.12717083327747175,0.054740911822350184,10.74
HIGH,0.8337569334148321,0.8284525391116296,0.7582060420146413,0.7675884254450178,0.6139036509925805,0.7850481497217564,0.9126228890709677,0.7015853181562571,0.4857867632396223,17,11,10,1,0.8284525391116296,0.7582060420146413,0.6139036509925805,83.87
LOW,0.17910268103233504,0.2788279937841716,0.1560823687803976,0.18722086789424905,0.19179616236515817,0.1475218675362747,0.15976203703622865,0.13826276642612442,0.1200604601465631,3,6,1,5,0.2788279937841716,0.1560823687803976,0.19179616236515817,8.45
LOW,0.32812602922581785,0.49576499166048404,0.36696260170217465,0.295060864851068,0.22329298727023997,0.1497786143132978,0.1863482218043669,0.059211978676415505,0.1306364274769728,2,9,2,7,0.49576499166048404,0.36696260170217465,0.22329298727023997,19.36
LOW,0.1777518047076293,0.26969702655212474,0.22634311885149505,0.14919389862946486,0.3213086146404388,0.11555854284746618,0.1471911797232587,0.0,0.1362191750675548,1,4,1,3,0.26969702655212474,0.22634311885149505,0.3213086146404388,17.57
HIGH,0.7580609507752947,0.6654130042201207,0.8267393527162603,0.6227852314743519,0.6625058263385581,0.7982569465724754,0.8619715010415828,0.9562317044136374,0.44913852532399073,20,12,10,2,0.6654130042201207,0.8267393527162603,0.6625058263385581,75.11
MEDIUM,0.5980786846915221,0.6613417657018098,0.6911163862246297,0.6629203005220471,0.3366282903884986,0.515657326966821,0.664962534262791,0.3685667904704939,0.21483224157523798,10,8,5,3,0.6613417657018098,0.6911163862246297,0.3366282903884986,65.29
LOW,0.14383823745990396,0.08794714622943126,0.29558611503130433,0.09242332351330909,0.2303705894664333,0.1000727268103274,0.07623349998061996,0.15066238221933964,0.12100075189043746,4,10,1,9,0.08794714622943126,0.29558611503130433,0.2303705894664333,2.5
HIGH,0.8624961639101922,0.8115403677765795,0.6810782619202411,0.7138109273895463,0.4422411798257778,0.8296343300475494,0.9476556436159956,1.0,0.3052047193897607,18,6,6,0,0.8115403677765795,0.6810782619202411,0.4422411798257778,100.0
MEDIUM,0.5208959786980372,0.5008888388249676,0.7294689093312583,0.5324592017086994,0.40019606240315875,0.4737925534397245,0.5626385438896998,0.2670626864612759,0.413984449068247,5,6,3,3,0.5008888388249676,0.7294689093312583,0.40019606240315875,48.31
LOW,0.14192231048002799,0.15684155402588118,0.04426660476828974,0.22693537530356045,0.16453658059645765,0.14479503473434252,0.20236739829418526,0.11687297878915688,0.0,3,5,1,4,0.15684155402588118,0.04426660476828974,0.16453658059645765,8.3
MEDIUM,0.40644805510632204,0.4660783236096362,0.5201113772994079,0.3993546617731835,0.31548002923560314,0.4403104196621881,0.5188218804498811,0.32473873820629773,0.3203477187549993,13,11,6,5,0.4660783236096362,0.5201113772994079,0.31548002923560314,37.87
MEDIUM,0.34221898214499497,0.3733818174214784,0.4417186072629763,0.48009133402762016,0.0,0.718668753003246,0.9169582438890126,0.4333973896495371,0.4090716436996551,11,5,5,0,0.3733818174214784,0.4417186072629763,0.0,65.98
MEDIUM,0.1034026356038948,0.13024306378815464,0.09942002255086946,0.21870960263404193,0.056389997334264794,0.5049068993023643,0.5369921810376258,0.4895355011273663,0.42402245227157775,12,7,4,3,0.13024306378815464,0.09942002255086946,0.056389997334264794,29.78
HIGH,0.7670769742807357,0.8346878817909757,0.7925421667931137,0.6806325481180798,0.3499284110729898,0.8206222455071627,0.8849635209420438,0.8442569717419528,0.6039636929677292,18,8,7,1,0.8346878817909757,0.7925421667931137,0.3499284110729898,88.03
LOW,0.27802018191652816,0.3457246985903001,0.24959894124906584,0.31298079236865917,0.022959180904569193,0.19044867124103035,0.22160574991655999,0.08668747390583333,0.2007386325496385,5,8,2,6,0.3457246985903001,0.24959894124906584,0.022959180904569193,10.22
HIGH,0.6774463679189766,0.6931869483280516,0.6895133682140572,0.6907224083408549,0.4235670373067269,0.671488786608798,0.8741017939403981,0.42473123108389343,0.3104073201389017,15,8,7,1,0.6931869483280516,0.6895133682140572,0.4235670373067269,80.48
LOW,0.22910187991442926,0.39882086110434506,0.2144741653930288,0.22888203265986587,0.20300599293724955,0.17202251482682893,0.2605423348646873,0.05914926634393537,0.019336303196147306,2,9,2,7,0.39882086110434506,0.2144741653930288,0.20300599293724955,15.41
MEDIUM,0.45037021849045794,0.4083215887905882,0.5648408283721879,0.4702910750844255,0.2830853542821058,0.4801090182423388,0.49751456565373825,0.32036857306642585,0.5876328211840535,9,5,2,3,0.4083215887905882,0.5648408283721879,0.2830853542821058,48.83
HIGH,0.7629066795191521,0.7631757195484976,0.8445088898087826,0.7812881854670957,0.6095302787240375,0.8335155593932606,1.0,0.6685039947644966,0.49907380220180625,18,7,7,0,0.7631757195484976,0.8445088898087826,0.6095302787240375,81.58
LOW,0.10324312382976798,0.1439102533032771,0.04307066218345509,0.000304490839299551,0.0,0.11329886396437107,0.13146939668908425,0.05196991811032259,0.12011621164427998,2,8,1,7,0.1439102533032771,0.04307066218345509,0.0,3.33
MEDIUM,0.22106105078320473,0.13088318107520522,0.26545198861955555,0.23797403814026302,0.2524360309036954,0.2949191120391423,0.31839735572224204,0.25496908540111,0.2644344076278753,8,8,3,5,0.13088318107520522,0.26545198861955555,0.2524360309036954,19.05
HIGH,0.8372336270954683,0.9725303693492415,0.7478018868235206,0.8408425239165511,0.6658629664975383,0.7978987553945418,0.946826238536744,0.5684312751328631,0.5805837862296144,14,5,5,0,0.9725303693492415,0.7478018868235206,0.6658629664975383,78.48
HIGH,0.5884042051900918,0.6014468591715321,0.6139398524238169,0.5944733163175652,0.3486876573398873,0.8069545891209771,0.8831705399821103,0.8862143336419442,0.4990469920166104,17,8,7,1,0.6014468591715321,0.6139398524238169,0.3486876573398873,84.3
MEDIUM,0.35832311898436314,0.35889313966690345,0.33904056846584457,0.46972968785608676,0.24635743263845078,0.39836402790447384,0.34258766674287644,0.4497266472899053,0.5143304920038347,7,10,3,7,0.35889313966690345,0.33904056846584457,0.24635743263845078,25.82
HIGH,0.6981451141439308,0.7286220627182379,0.6706170335316961,0.6248952076974652,0.5838816135516447,0.6668694219514513,0.8101147134183925,0.48957669179181434,0.4144262777102648,16,9,7,2,0.7286220627182379,0.6706170335316961,0.5838816135516447,74.49
LOW,0.07469868829650184,0.03918661185888369,0.06009890535565562,0.09142639291810703,0.0,0.1662251969887543,0.257447703594041,0.010576126171048406,0.048206747990600145,3,10,3,7,0.03918661185888369,0.06009890535565562,0.0,4.71
MEDIUM,0.3517458027779092,0.31598545710462744,0.4494295469500119,0.5087796862955913,0.35269464863298206,0.5641531555167122,0.8328807501640707,0.21173361506649022,0.11038991202485848,13,8,7,1,0.31598545710462744,0.4494295469500119,0.35269464863298206,37.58
HIGH,0.6184604906987126,0.6469855756896743,0.6366700557986795,0.556447628818365,0.450903463258178,0.6776374165621568,0.8084155852189332,0.5647150374768709,0.39822528967711407,13,8,6,2,0.6469855756896743,0.6366700557986795,0.450903463258178,70.73
LOW,0.17732572482175074,0.31877567434131915,0.2079887789832417,0.14787339813119643,0.0657544726666172,0.0785597113418804,0.05825928728825002,0.09341161145452108,0.12460908339013085,1,4,0,4,0.31877567434131915,0.2079887789832417,0.0657544726666172,0.0
MEDIUM,0.45519089832311266,0.46976306175566346,0.4454063088884728,0.4992048440338456,0.2601424010693869,0.42256689214015797,0.5431142709309191,0.1493372830329306,0.3341543648751019,6,8,4,4,0.46976306175566346,0.4454063088884728,0.2601424010693869,32.47
LOW,0.22810119032201212,0.2535506708477042,0.17040631520651792,0.28919276295662927,0.2119764011093342,0.07745984318049792,0.11305044917534303,0.0,0.0481478683764605,2,5,1,4,0.2535506708477042,0.17040631520651792,0.2119764011093342,11.56
LOW,0.09106585823237737,0.15401019906279817,0.09782592846239217,0.0,0.030506385897437427,0.13833590522591185,0.1467580324168045,0.22108178959747032,0.030323639281675478,3,9,1,8,0.15401019906279817,0.09782592846239217,0.030506385897437427,0.0
MEDIUM,0.6337957752066844,0.6199261313106,0.7062651399653709,0.7018801182246986,0.39883065752285546,0.3332592530039008,0.3574866285760023,0.11963633418860736,0.47420004510288977,4,8,3,5,0.6199261313106,0.7062651399653709,0.39883065752285546,40.2
LOW,0.1173875756420039,0.12389112544788716,0.31902110203419004,0.1826676619102866,0.03393232948773744,0.20318262629810988,0.20339771552122754,0.1919709216602271,0.2137490632666397,4,8,2,6,0.12389112544788716,0.31902110203419004,0.03393232948773744,1.37
LOW,0.30259719927619233,0.147502405905812,0.2708527181668627,0.20552151753450723,0.22690873518593652,0.06884418033079297,0.051446453065696326,0.0,0.18988154245687586,1,8,0,8,0.147502405905812,0.2708527181668627,0.22690873518593652,8.96
LOW,0.1581407167424818,0.12643554844910518,0.12677539456855264,0.24466142836881205,0.10388498875999103,0.17615891737649492,0.16506820257111876,0.13908964318682,0.24650033598229834,3,8,1,7,0.12643554844910518,0.12677539456855264,0.10388498875999103,17.87
HIGH,0.8184825006498018,0.7784275603124022,0.7704962779222843,0.6717501443804572,0.669429439240286,0.7405046905864666,0.9061597720297284,0.2898224245936948,0.694221712249453,14,7,6,1,0.7784275603124022,0.7704962779222843,0.669429439240286,72.29
LOW,0.25017700257768327,0.2463379983332039,0.21671796786685754,0.4602944136579834,0.054787128207840166,0.10599063233209466,0.1134275609363948,0.17082567378433955,0.018844805066949334,4,6,1,5,0.2463379983332039,0.21671796786685754,0.054787128207840166,11.52
LOW,0.21818248490375677,0.1628102131928078,0.19796879660091893,0.21185649968272993,0.2373493747481687,0.18473753665554085,0.2511028838703861,0.00721565344583619,0.16316337822070975,2,5,1,4,0.1628102131928078,0.19796879660091893,0.2373493747481687,2.68
LOW,0.39265862780395655,0.27500469609024514,0.32712310332451805,0.43349076950941334,0.22786076347222436,0.21026519499161453,0.21866692769215704,0.24295496326852778,0.15237022861307378,4,7,2,5,0.27500469609024514,0.32712310332451805,0.22786076347222436,22.91
LOW,0.3561575569331394,0.35781777612198057,0.3850062769377321,0.38508415216350855,0.2400876344526844,0.13594353168517664,0.12737148723243055,0.17425955980216679,0.12334363692642474,2,4,1,3,0.35781777612198057,0.3850062769377321,0.2400876344526844,20.83
LOW,0.3203944919729829,0.5765805642727859,0.12368881374702168,0.34474700074360953,0.2312347564077593,0.16026014597208366,0.1783412253592817,0.15429395453621464,0.1119830992463585,3,7,1,6,0.5765805642727859,0.12368881374702168,0.2312347564077593,16.87
MEDIUM,0.47263587691436226,0.42596006669413705,0.6981673075723678,0.5013969418094222,0.40709143657366725,0.4262393208522329,0.47382963207084183,0.3879147388325741,0.3217929692160648,6,4,2,2,0.42596006669413705,0.6981673075723678,0.40709143657366725,40.87
MEDIUM,0.32161930378066944,0.32512778668474507,0.4334079928925421,0.33205839975939394,0.10700646707927702,0.31816204639422946,0.3953644145201604,0.27458977015810176,0.13012721825256415,12,9,4,5,0.32512778668474507,0.4334079928925421,0.10700646707927702,19.62
HIGH,0.6571039312328794,0.6067337031307335,0.6722700166666774,0.6040394914639557,0.37913270661401777,0.7304657682557985,0.7704566894456463,0.6629176455477293,0.6780411273943243,20,9,7,2,0.6067337031307335,0.6722700166666774,0.37913270661401777,65.82
HIGH,0.5897367381487861,0.6464774298070177,0.7212717204680212,0.6296072583977553,0.5789968783985244,0.7239152127876473,0.8521014401539212,0.6231537868973243,0.4401179565791487,18,8,7,1,0.6464774298070177,0.7212717204680212,0.5789968783985244,73.07
HIGH,0.6509284239293635,0.6785420712880332,0.6381854695013502,0.5587841835158539,0.26592129215324367,0.6760721234339537,0.8523609210455299,0.37354625265670766,0.4497316013764719,14,7,6,1,0.6785420712880332,0.6381854695013502,0.26592129215324367,67.98
MEDIUM,0.2986676359682441,0.3954046326034762,0.2856621951928194,0.24606552466099665,0.267824946216898,0.4299178705822385,0.482068367309749,0.18860706271211278,0.5147771882698328,6,4,2,2,0.3954046326034762,0.2856621951928194,0.267824946216898,36.86
MEDIUM,0.40218829225854197,0.6150695118053422,0.46291781716640173,0.21280486739818438,0.13616353168422307,0.4487174076483833,0.5855401001187658,0.12122674852861431,0.36573998935700514,6,7,4,3,0.6150695118053422,0.46291781716640173,0.13616353168422307,36.45
LOW,0.0,0.08362198601324507,0.08596294982463018,0.0,0.0,0.17029503671160773,0.26670370509188757,0.05136406828237597,0.0,3,12,3,9,0.08362198601324507,0.08596294982463018,0.0,0.0
MEDIUM,0.44185830764596024,0.5607533771854305,0.41141668563937084,0.41226180230982534,0.3428236385717884,0.4936849574373101,0.5799276881832073,0.3960075429807996,0.332634179656129,9,8,5,3,0.5607533771854305,0.41141668563937084,0.3428236385717884,52.78
HIGH,0.7804350297602457,0.89145599682253,0.7262317603732905,0.9727937032537745,0.4750432303146135,0.7783384983899406,0.8435689457078571,0.7579981662987625,0.6029874885273689,20,8,7,1,0.89145599682253,0.7262317603732905,0.4750432303146135,80.55
HIGH,0.6946774582126946,0.6263179684857962,0.6505407144637583,0.7323834087510563,0.534869389414429,0.7825382615278758,0.9165180825534216,0.4800992855858282,0.683037774393286,20,12,11,1,0.6263179684857962,0.6505407144637583,0.534869389414429,89.82
HIGH,0.9218687174646668,0.9596802447101505,0.9327969635264971,0.9892608161030375,0.6019496022913393,0.8724385434193112,0.9325693910287711,0.9161432893239811,0.6483412546862611,18,8,7,1,0.9596802447101505,0.9327969635264971,0.6019496022913393,100.0
HIGH,0.7750064383128531,0.8021614867464228,0.709042867157823,0.721794209208367,0.5886211832963483,0.8317822999046032,0.9665167535607253,0.7903872448029678,0.46897399403787166,17,8,8,0,0.8021614867464228,0.709042867157823,0.5886211832963483,79.56
LOW,0.33581563647022805,0.34379995652661305,0.4884664707801235,0.32268731877639906,0.2381926663438492,0.062663612441969,0.0810791730777022,0.06527560166629116,0.004804941310447205,0,5,0,5,0.34379995652661305,0.4884664707801235,0.2381926663438492,9.46
LOW,0.15001271826378593,0.1828023638417589,0.02610884846206818,0.15649560296398093,0.18981644638255477,0.2367847080297144,0.31214713892954826,0.15165670497533382,0.09582541838459341,4,7,2,5,0.1828023638417589,0.02610884846206818,0.18981644638255477,20.35
LOW,0.1893118129675738,0.23440723439135486,0.19328975287615807,0.2073752490218911,0.10784655360416188,0.1300444869105525,0.15020746951103545,0.19960002601965615,0.0,3,9,1,8,0.23440723439135486,0.19328975287615807,0.10784655360416188,0.0
HIGH,0.6963953910702131,0.7045137294038444,0.7555957475112888,0.7610368498338088,0.33280527742642696,0.8325160739841472,0.9302002869081113,0.7957087946845545,0.5762707145118476,15,9,8,1,0.7045137294038444,0.7555957475112888,0.33280527742642696,77.77
MEDIUM,0.4164350013430275,0.5942833145218942,0.3141612084164941,0.5415367806336284,0.23043393964165484,0.5285802173954066,0.6793653974422538,0.2909235169016386,0.31388137774863334,10,9,6,3,0.5942833145218942,0.3141612084164941,0.23043393964165484,53.26
MEDIUM,0.47136599204564245,0.2597522804449399,0.44437917009175376,0.5724493511137739,0.3994239131438198,0.5821524004747778,0.6829818421515587,0.3606635355722842,0.5011529403469286,10,9,6,3,0.2597522804449399,0.44437917009175376,0.3994239131438198,58.16
HIGH,0.7629591224767451,0.7307244114796779,0.7854768962423374,0.8744251113567235,0.5818263851833454,0.6677104815737729,0.7817789970646247,0.5242472575060974,0.46896815916889295,10,6,5,1,0.7307244114796779,0.7854768962423374,0.5818263851833454,83.25
HIGH,0.6196051690456986,0.46426849264086006,0.6889194878211905,0.6123359808145551,0.39863225782369915,0.7776875945170099,0.8761598918042227,0.7675608784533914,0.4923974187189894,12,4,4,0,0.46426849264086006,0.6889194878211905,0.39863225782369915,69.46
MEDIUM,0.5616022848639778,0.6788667352535899,0.43081073148254423,0.6112238922441847,0.33161448018434225,0.819298882120676,0.9885187116723314,0.6267108261302474,0.5042274494561387,18,10,10,0,0.6788667352535899,0.43081073148254423,0.33161448018434225,74.38
LOW,0.11998949130423531,0.16939554394919548,0.2448217152377259,0.09144486404639099,0.011757762914668624,0.07774986789387597,0.021979591382902203,0.12446916683935165,0.19834139848132157,3,11,0,11,0.16939554394919548,0.2448217152377259,0.011757762914668624,1.52
HIGH,0.8282252262014752,0.7394203252292673,0.7929576320786468,0.9650930726308576,0.47229710603188385,0.8055839991818114,0.897243349376178,0.7762661211415448,0.5599238266389786,23,10,9,1,0.7394203252292673,0.7929576320786468,0.47229710603188385,91.0
MEDIUM,0.33855894426434174,0.32595580548679837,0.5309742386585039,0.49399337795805354,0.10929733925278234,0.4742909852091617,0.5480856387236804,0.3772149253046785,0.3499830845700884,15,11,6,5,0.32595580548679837,0.5309742386585039,0.10929733925278234,32.05
LOW,0.26481960831061857,0.2631291460697174,0.12896695436144118,0.34629749791374254,0.24589309703930115,0.1997713028402309,0.24675070761360135,0.0018734094985388139,0.2567309818618116,2,8,2,6,0.2631291460697174,0.12896695436144118,0.24589309703930115,4.05
MEDIUM,0.5348699687688334,0.49782915623710144,0.571879981675257,0.5882784761718476,0.3884015002378754,0.45543668853348696,0.4447988318583443,0.5422711898334589,0.400515757258943,8,9,4,5,0.49782915623710144,0.571879981675257,0.3884015002378754,31.79
HIGH,0.7929571126614456,0.8761869431383975,0.839707659389441,0.7569207784123693,0.47464923886359384,0.8054701195452583,0.8986506536002627,0.6485232017416616,0.6828754351838418,15,7,6,1,0.8761869431383975,0.839707659389441,0.47464923886359384,97.61
HIGH,0.611721955883591,0.7292221077993533,0.5219714161580781,0.5769972586188236,0.396181019336529,0.8036212152348644,0.893792670180162,0.7739512674395255,0.562776798194311,18,9,8,1,0.7292221077993533,0.5219714161580781,0.396181019336529,80.48
MEDIUM,0.2834003910677081,0.32204120776299344,0.2910848205466109,0.22628762457200083,0.1558960609044534,0.4563893888884952,0.48995188828386443,0.3010163051150341,0.5110749744758486,8,12,6,6,0.32204120776299344,0.2910848205466109,0.1558960609044534,29.9
LOW,0.17839232219875342,0.2526395289812978,0.31072573729577324,0.06864496298402666,0.1382508141616266,0.2790420792941953,0.43480966125356674,0.0,0.09078141271027626,5,7,3,4,0.2526395289812978,0.31072573729577324,0.1382508141616266,20.85
HIGH,0.7032209296910181,0.5656891020493136,0.8170611313825864,0.6749676244624666,0.4780221449380776,0.8586329843549063,0.977727984209565,0.6895199350964575,0.6704610340493792,19,9,9,0,0.5656891020493136,0.8170611313825864,0.4780221449380776,86.42
LOW,0.18510198705006428,0.2718257510444919,0.11321078285870506,0.12787990075421454,0.04160896219713796,0.2078485399427061,0.21840567162872632,0.24025288527710645,0.14377279955024513,4,4,1,3,0.2718257510444919,0.11321078285870506,0.04160896219713796,17.64
MEDIUM,0.43205997895979836,0.36322345446069954,0.426342251628415,0.39674237092980796,0.333213480094065,0.3528387159324953,0.4170992429531762,0.12504602910573082,0.387849821697217,9,10,4,6,0.36322345446069954,0.426342251628415,0.333213480094065,23.96
LOW,0.13175107668222572,0.2029826710622601,0.06574716803090457,0.2024743174525801,0.15591606942330483,0.27906189356669175,0.3485272377840502,0.2063153078988084,0.1434124465825,5,5,2,3,0.2029826710622601,0.06574716803090457,0.15591606942330483,22.63
MEDIUM,0.6134669097281411,0.6013600561673629,0.5711109963721618,0.7033914031622984,0.38891756778191827,0.3430752215407087,0.46307601690659617,0.12456917955323578,0.20157887743051897,8,7,3,4,0.6013600561673629,0.5711109963721618,0.38891756778191827,30.58
MEDIUM,0.48638757606737854,0.4356714726942351,0.4850862226372802,0.5889808541286771,0.34762577786303145,0.6173069810993317,0.7764431673134262,0.33637062579359855,0.42083477776278116,10,7,5,2,0.4356714726942351,0.4850862226372802,0.34762577786303145,50.61
LOW,0.1775333570377511,0.07125063267266142,0.1902821547768604,0.15331255846218733,0.14773134303812052,0.10664671397472734,0.0424170818569387,0.17017323106510915,0.23580909323771143,4,11,0,11,0.07125063267266142,0.1902821547768604,0.14773134303812052,3.46
LOW,0.24875835398700372,0.229700772453996,0.10952338205833909,0.3143023150848155,0.1506906598333381,0.04079839240125305,0.023917666910617977,0.04917177347444016,0.08306718779997116,1,8,0,8,0.229700772453996,0.10952338205833909,0.1506906598333381,11.4
LOW,0.18478558270998913,0.1144684753038236,0.2852790428094575,0.139869254197539,0.09496692414555286,0.28563553936098385,0.3259634438433654,0.23247748224438713,0.21780988303043583,4,5,2,3,0.1144684753038236,0.2852790428094575,0.09496692414555286,25.92
HIGH,0.7066568111099022,0.8095187262265716,0.7897439492734715,0.7784098692423824,0.5153511876251773,0.7851920122342948,1.0,0.5698754312024047,0.3560846299690694,16,7,7,0,0.8095187262265716,0.7897439492734715,0.5153511876251773,89.95
HIGH,0.7491230074029074,0.6309434654525816,0.8356364396373631,0.7545885605593803,0.49633049803128165,0.8578400780993757,1.0,0.8639814159220213,0.4252189745748573,24,8,8,0,0.6309434654525816,0.8356364396373631,0.49633049803128165,100.0
LOW,0.015295186304612109,0.12186720806301679,0.0,0.12117662103901333,0.0,0.17657758986339406,0.25865954554756404,0.0359717373582343,0.07093757531604389,2,9,2,7,0.12186720806301679,0.0,0.0,14.87
LOW,0.09168497739442794,0.14169567882871786,0.19504026832423357,0.06578875606784812,0.0,0.07851959265765882,0.0893145309574666,0.0,0.12465437041589426,2,8,1,7,0.14169567882871786,0.19504026832423357,0.0,0.06
LOW,0.1590055980130584,0.09994921890310454,0.17150912348246297,0.15460639726106803,0.13659912004509658,0.10274704157338826,0.11459444707685247,0.1642217289452464,0.005730137691137486,4,7,1,6,0.09994921890310454,0.17150912348246297,0.13659912004509658,0.0
HIGH,0.5590900626888384,0.43227199274490524,0.43958108188675116,0.5684345560684814,0.4643226189264797,0.9092195963236056,1.0,0.8925741514273571,0.6535238301906712,15,6,6,0,0.43227199274490524,0.43958108188675116,0.4643226189264797,86.54
MEDIUM,0.32626309441076007,0.4297830415618886,0.17263609694761936,0.35745710192558594,0.2180034393099437,0.42238424369886557,0.5193715382744536,0.35625422613993873,0.19755237753102828,10,9,5,4,0.4297830415618886,0.17263609694761936,0.2180034393099437,34.8
MEDIUM,0.4652300295249758,0.39973256024189907,0.37419809933931814,0.6010901749777615,0.48269831973093524,0.5618215744757092,0.6831057415724716,0.36197078042531533,0.3978198672358162,12,11,8,3,0.39973256024189907,0.37419809933931814,0.48269831973093524,52.44
LOW,0.18709383743726252,0.31063572115745863,0.27337766051121526,0.19789438155005867,0.0,0.11137643483092986,0.12130488374752815,0.11024059648661051,0.08272692642545437,3,8,1,7,0.31063572115745863,0.27337766051121526,0.0,1.53
LOW,0.18505566128331563,0.12879944787121833,0.33276267424491623,0.14693897680882795,0.0,0.2858681558223468,0.4139919032103184,0.015372401549256088,0.17199266793152299,5,7,3,4,0.12879944787121833,0.33276267424491623,0.0,13.62
LOW,0.17862957616953562,0.12620398356380058,0.19919116432123277,0.1480302376521738,0.0,0.15406732698617576,0.1278199124427781,0.38687689760254446,0.0,4,8,1,7,0.12620398356380058,0.19919116432123277,0.0,19.33
MEDIUM,0.46215641235362587,0.5170522270624363,0.44781283878204187,0.4007521679992547,0.32128987195617104,0.4419903343452892,0.5035755634206504,0.28753949987795474,0.4116854815865404,11,9,5,4,0.5170522270624363,0.44781283878204187,0.32128987195617104,36.78
HIGH,0.8304259700573972,0.8074889112416875,0.8959834825273277,0.7267309064115219,0.35599258227670705,0.832725010549773,1.0,0.5833283119533027,0.5802967407955624,12,6,6,0,0.8074889112416875,0.8959834825273277,0.35599258227670705,84.74
LOW,0.14834571993875265,0.12148248394664246,0.08878483364007125,0.2416087670835793,0.19069500486553317,0.13489985943568297,0.14190221026856653,0.1684116265390367,0.08038103983367864,3,7,1,6,0.12148248394664246,0.08878483364007125,0.19069500486553317,8.43
LOW,0.25023946175506584,0.4500651396057504,0.26488915618348235,0.2530969091105181,0.16675085616916127,0.20164858853965353,0.25738539940027094,0.0,0.23608674449745484,3,10,3,7,0.4500651396057504,0.26488915618348235,0.16675085616916127,11.64
MEDIUM,0.4859082028670415,0.49081627194611044,0.5041988873458352,0.403642478825305,0.2919813914063697,0.48179355780111327,0.7219086869350266,0.24324172820048637,0.0,15,8,6,2,0.49081627194611044,0.5041988873458352,0.2919813914063697,55.87
HIGH,0.6949398222895414,0.7493285718889786,0.5544396800567303,0.6264551026950894,0.5262925631356535,0.8600354896753781,1.0,0.5621353636651826,0.7380420847117081,9,6,6,0,0.7493285718889786,0.5544396800567303,0.5262925631356535,87.86
LOW,0.27361842834679145,0.32938681811265824,0.2889584327010387,0.2529132136937291,0.16946406210973142,0.09884328380755196,0.144751831799485,0.059960923639304775,0.0,2,6,1,5,0.32938681811265824,0.2889584327010387,0.16946406210973142,0.0
MEDIUM,0.4098861391845923,0.39961966588019127,0.38481771118209995,0.21949355267634557,0.44215981975660734,0.2677303654367846,0.33456539981829936,0.18636778590496744,0.1485878418240575,9,11,4,7,0.39961966588019127,0.38481771118209995,0.44215981975660734,20.85
HIGH,0.7179593234077783,0.618234979309842,0.7484184755794792,0.6740677364156449,0.5545354445801182,0.7303051393564475,0.9388578009189322,0.5312776763281007,0.3036746176973397,14,8,8,0,0.618234979309842,0.7484184755794792,0.5545354445801182,80.13
LOW,0.14120051201201186,0.037555529571255256,0.23614364633459023,0.10490592841775638,0.33417544478659267,0.17017411422465056,0.20419155313478107,0.13515893616848057,0.10313697555042914,5,9,2,7,0.037555529571255256,0.23614364633459023,0.33417544478659267,12.67
MEDIUM,0.552659687953643,0.592430841440816,0.5555310638939515,0.6896637618317004,0.5621384634034435,0.49105270963786346,0.6856894404833695,0.24129320245428057,0.1569020242849281,14,10,7,3,0.592430841440816,0.5555310638939515,0.5621384634034435,41.1
LOW,0.17451344626479867,0.029793219511644486,0.2120651386831962,0.24726437854270752,0.08702454663861545,0.10741409328143697,0.07311744420762326,0.2712090926894273,0.04650904109488786,3,10,1,9,0.029793219511644486,0.2120651386831962,0.08702454663861545,7.21
HIGH,0.7873416006508906,0.9067802721096168,0.7222512237200586,0.8290035824016994,0.4144823819747734,0.7005505536574308,0.7897668039621901,0.53433308368784,0.5991192727127436,22,11,9,2,0.9067802721096168,0.7222512237200586,0.4144823819747734,71.95
HIGH,0.7943005465290492,0.8555311616070994,0.7807440070432241,0.8003889495654669,0.5449922904007856,0.7534698297502376,0.8833300843059356,0.5817179146347836,0.535640981198597,13,7,6,1,0.8555311616070994,0.7807440070432241,0.5449922904007856,88.24
LOW,0.38765937431686304,0.4172208159384071,0.35430256242038777,0.3375445439146994,0.2760981687567571,0.17491279967923934,0.26634501960507145,0.07552893958098224,0.0,3,7,2,5,0.4172208159384071,0.35430256242038777,0.2760981687567571,22.34
HIGH,0.7265083450621669,0.7441979074827819,0.6903822254386479,0.6795545675220782,0.43492346740572146,0.8605782768192304,0.9112645042692266,0.8753637325495561,0.6937341387389163,16,6,5,1,0.7441979074827819,0.6903822254386479,0.43492346740572146,73.03
LOW,0.25976479201311403,0.3854416868574331,0.11684820102715474,0.17271999825466405,0.1962490345967426,0.05688832135198063,0.005793396023045148,0.11722121508513046,0.14984020360563727,2,5,0,5,0.3854416868574331,0.11684820102715474,0.1962490345967426,0.0
HIGH,0.7206646092460192,0.6694594869286565,0.6216132988220201,0.751796584728439,0.640258776682455,0.7073306488984378,0.8382796872638514,0.5620710667856177,0.45974311591501726,14,11,9,2,0.6694594869286565,0.6216132988220201,0.640258776682455,80.21
HIGH,0.6928384880133757,0.6655877160360014,0.7120065585319474,0.6344545876181938,0.5908252552681309,0.8094347036358642,0.9879197634235284,0.45331819204465124,0.6300960358640847,16,7,7,0,0.6655877160360014,0.7120065585319474,0.5908252552681309,89.86
LOW,0.2926549439829587,0.32922495829914294,0.27713269282688824,0.32204722938526464,0.22969965311976,0.04774004649672323,0.060997602547437024,0.03932761563803133,0.01637980920327378,2,7,0,7,0.32922495829914294,0.27713269282688824,0.22969965311976,9.46
MEDIUM,0.4171958775504816,0.43588586642402594,0.4767229559749785,0.36513451451704015,0.16829393190891412,0.48332664118075563,0.5415485644338376,0.4638059342062819,0.3281815783959836,13,6,3,3,0.43588586642402594,0.4767229559749785,0.16829393190891412,45.73
LOW,0.13380325982778332,0.22232389969694694,0.17955101123186923,0.15897633416062878,0.0,0.2701471701366814,0.33128362719419197,0.17569029729769517,0.18119467180313592,5,8,3,5,0.22232389969694694,0.17955101123186923,0.0,10.06
LOW,0.14575537320777926,0.0508557857339062,0.11589487993483041,0.10310521356961605,0.22801344489270414,0.054191100966787135,0.03728091216603279,0.04387091519672819,0.1152418531391091,2,11,0,11,0.0508557857339062,0.11589487993483041,0.22801344489270414,8.81
MEDIUM,0.4255656623906363,0.49401018464441193,0.3161927877889231,0.288774860451093,0.3955223231315784,0.49705422828308216,0.5815850238960827,0.5428007622888995,0.19771530743826335,13,11,6,5,0.49401018464441193,0.3161927877889231,0.3955223231315784,38.45
LOW,0.2346927893936694,0.16615421580728612,0.203891625282884,0.2611825771892834,0.12177156096734476,0.07347616310805552,0.02366973505740142,0.12948887645389004,0.16688273391418326,3,10,0,10,0.16615421580728612,0.203891625282884,0.12177156096734476,9.08
LOW,0.207965581738493,0.03845224715194209,0.3007480790724968,0.13650011839107912,0.0324882190025049,0.13729498498446302,0.06759110560205774,0.3484577932085967,0.13524381490754514,2,6,0,6,0.03845224715194209,0.3007480790724968,0.0324882190025049,7.62
MEDIUM,0.48351508055185793,0.4092265652696299,0.5088868040461187,0.4346200557819143,0.44315205845771716,0.45122822932291673,0.5584444903427153,0.19813318043559788,0.3826744951508402,8,9,5,4,0.4092265652696299,0.5088868040461187,0.44315205845771716,40.57
LOW,0.32018221984095074,0.3769933024134449,0.30306646940877213,0.18493983242251327,0.24279221337333604,0.1656338430442711,0.2410165070119611,0.10511969418547223,0.0,3,9,2,7,0.3769933024134449,0.30306646940877213,0.24279221337333604,18.53
MEDIUM,0.4196642902851298,0.454743012883699,0.42228651318873034,0.461710976673402,0.3041095136650885,0.4154452605659688,0.4724529533247788,0.16901155643658078,0.4908558864189269,10,9,4,5,0.454743012883699,0.42228651318873034,0.3041095136650885,32.8
HIGH,0.6104032717739217,0.6170577873314927,0.6508421609439489,0.713816839436903,0.6945899001918022,0.7444214301711187,0.9326014897633934,0.5177798519695498,0.40652282959586383,13,6,6,0,0.6170577873314927,0.6508421609439489,0.6945899001918022,57.5
LOW,0.27167407013381417,0.2777060492688646,0.25098410210950295,0.14191785807471594,0.29521284705219974,0.17659192405419943,0.2614175949104475,0.09870683553965454,0.0,4,7,2,5,0.2777060492688646,0.25098410210950295,0.29521284705219974,12.68
LOW,0.26854461615682046,0.2809237341852119,0.3205186187961856,0.20106068893399384,0.0657040556694718,0.2163217190876822,0.25728328187279537,0.16824084615381643,0.1415179036662086,4,8,2,6,0.2809237341852119,0.3205186187961856,0.0657040556694718,15.59
HIGH,0.7439297447622352,0.952500909292529,0.6702654419220659,1.0,0.3950687121507356,0.7580682462881235,0.9308534981128482,0.4110314838143937,0.5867492532876795,17,10,9,1,0.952500909292529,0.6702654419220659,0.3950687121507356,85.99
LOW,0.0,0.05013673060314026,0.002451065961213502,0.0,0.0,0.17898714394228962,0.248789808221434,0.018546710282205336,0.13001958476494077,5,10,2,8,0.05013673060314026,0.002451065961213502,0.0,8.06
MEDIUM,0.4809198119885723,0.44889992981696086,0.4436683338592956,0.5506823558654087,0.3058928625595734,0.48733609098517194,0.6049149461634535,0.1574980985188367,0.46443751791666243,10,7,4,3,0.44889992981696086,0.4436683338592956,0.3058928625595734,43.28
HIGH,0.8328031781357869,0.7827225769609449,0.7073711581060511,0.7496079351964756,0.6686330927948777,0.7708484939286613,0.9608496434601486,0.49749978340673645,0.47419375585612455,21,9,9,0,0.7827225769609449,0.7073711581060511,0.6686330927948777,85.53
LOW,0.2873433066547989,0.45958356520252186,0.19488602815876171,0.23384543399369476,0.15049298124688265,0.21953931768602872,0.29930289784576947,0.07480822779488346,0.12497966709795184,3,8,2,6,0.45958356520252186,0.19488602815876171,0.15049298124688265,15.8
HIGH,0.6029414351060941,0.5910649398316217,0.5057192154421332,0.6210659893566256,0.40250611850022183,0.8204786023396109,0.9855394506054317,0.6490353558901207,0.4967393039916393,21,8,8,0,0.5910649398316217,0.5057192154421332,0.40250611850022183,69.42
HIGH,0.7036008044000067,0.6526866886736014,0.7428553382211234,0.6990819693511335,0.5181190533430392,0.7505541651321013,0.9094262508222628,0.6293909214205367,0.39510115177318145,13,8,7,1,0.6526866886736014,0.7428553382211234,0.5181190533430392,75.88
HIGH,0.8189687535708429,1.0,0.7847084352985183,0.7497587831532342,0.6255064825856088,0.876467890784631,1.0,0.9565489585521815,0.4257904953709743,22,8,8,0,1.0,0.7847084352985183,0.6255064825856088,98.85
MEDIUM,0.39615016991890545,0.4427873873514917,0.4704982343090649,0.32158856386686263,0.410328708854289,0.5417957321561795,0.6987939270947005,0.20160770009366222,0.4109891794031337,13,10,7,3,0.4427873873514917,0.4704982343090649,0.410328708854289,56.82
HIGH,0.7331521315822908,0.5220538711694761,0.8224179473082409,0.8147190449895059,0.6488099225860762,0.7979711390021782,0.8250655674264377,0.8424090771590231,0.6722499155725546,19,7,6,1,0.5220538711694761,0.8224179473082409,0.6488099225860762,80.64
LOW,0.2584480820469902,0.19707153297272373,0.12437352887806563,0.2877723440923216,0.174380587123147,0.2771652687628274,0.36845762852370884,0.11817191210404879,0.16228154613896156,6,9,3,6,0.19707153297272373,0.12437352887806563,0.174380587123147,11.79
HIGH,0.6859264096927802,0.7382210803998818,0.7063914558339133,0.6368033804139136,0.4463551327930945,0.7892507082363166,1.0,0.31112977635774325,0.63512376482384,19,10,10,0,0.7382210803998818,0.7063914558339133,0.4463551327930945,90.54
MEDIUM,0.49609484564852363,0.45875648097509253,0.5283082414229984,0.5506293992635711,0.3476164343899943,0.34942646377687436,0.4385760086133148,0.10915546679871087,0.3222488262457167,5,5,2,3,0.45875648097509253,0.5283082414229984,0.3476164343899943,26.33
LOW,0.31540467091711877,0.32172051573811394,0.46192139346590266,0.4231956110944206,0.26876184115670415,0.15386046082641522,0.18641427669053393,0.0650601881116752,0.14499928594879913,3,8,1,7,0.32172051573811394,0.46192139346590266,0.26876184115670415,16.15
LOW,0.30957858156229895,0.2912944810045059,0.31128566545392494,0.23137661353634958,0.18964333359431665,0.30438595521881096,0.4589838147170495,0.009961343112978062,0.1350169888299282,3,7,3,4,0.2912944810045059,0.31128566545392494,0.18964333359431665,24.17
LOW,0.23190412163413396,0.3110816386398837,0.25067199236918103,0.25816802930649363,0.07553889276318627,0.18709774570596766,0.28481904330295515,0.08103159862097285,0.0,5,10,3,7,0.3110816386398837,0.25067199236918103,0.07553889276318627,20.51
HIGH,0.7773534547627757,0.8184712241842589,0.864677274119181,0.706393843028225,0.3769504752194579,0.7923269651134816,0.861839295319646,0.9054488354706032,0.47066810413786686,20,9,8,1,0.8184712241842589,0.864677274119181,0.3769504752194579,87.55
LOW,0.23427057461121822,0.20054629751137634,0.3704994699876681,0.3252208516460353,0.12536009463644218,0.2740072546372111,0.41188837741895645,0.13437114092918606,0.0,7,8,3,5,0.20054629751137634,0.3704994699876681,0.12536009463644218,12.05
HIGH,0.5640153682236196,0.46792473090080794,0.49727618871130363,0.4658235086403017,0.33298334928628837,0.8574096181819267,1.0,0.6427854868001813,0.6442626041094525,18,10,10,0,0.46792473090080794,0.49727618871130363,0.33298334928628837,73.25
LOW,0.1365716994486455,0.19253867317861628,0.2707574931316573,0.020141068455786962,0.05990677332970438,0.12546954803675497,0.17620743527468705,0.04736335489295789,0.05136207946675592,2,7,1,6,0.19253867317861628,0.2707574931316573,0.05990677332970438,4.27
LOW,0.19748813311899985,0.28694212890307774,0.1501441269791381,0.10137910611007027,0.107766289742108,0.23387254256203907,0.2554991185486388,0.18604667031447575,0.21681868684980318,5,9,2,7,0.28694212890307774,0.1501441269791381,0.107766289742108,19.92
LOW,0.17898590006090803,0.4006589569035444,0.247497015445114,0.21984192475661773,0.2146592144752083,0.034697950870684426,0.03971874252327739,0.03531735714183367,0.019016169641756293,1,9,0,9,0.4006589569035444,0.247497015445114,0.2146592144752083,0.64
HIGH,0.5373594072514366,0.6081575222237584,0.39638369228040127,0.4791476681097316,0.2446043570771943,0.7754873173973265,0.8296207063834483,0.6903717125639487,0.6982027552723384,13,5,4,1,0.6081575222237584,0.39638369228040127,0.2446043570771943,56.57
HIGH,0.7071892068632947,0.7685554122355,0.5377042479455263,0.7512333524572565,0.39776844389710486,0.7393738618063204,0.8027047378245148,0.6634975390183494,0.6252575565397082,14,8,6,2,0.7685554122355,0.5377042479455263,0.39776844389710486,72.39
HIGH,0.7604032474954898,0.8464318739996977,0.841320206766272,0.7588233676570888,0.6445483417030665,0.7763549763846083,0.8183215770702721,1.0,0.42681015071222544,18,4,3,1,0.8464318739996977,0.841320206766272,0.6445483417030665,75.73
HIGH,0.5969191953075722,0.7860074678948086,0.7426646089121773,0.7206435098055212,0.42667921044273543,0.8518843127951127,0.9784559383800288,0.6393895872682618,0.6846641615672149,20,7,7,0,0.7860074678948086,0.7426646089121773,0.42667921044273543,76.36
HIGH,0.6533471025308145,0.6687432917081491,0.6222914350967461,0.6923275480673714,0.409244273431435,0.8805536611922573,0.9632630816947226,0.9536734036217128,0.5593056572554056,26,12,12,0,0.6687432917081491,0.6222914350967461,0.409244273431435,98.05
MEDIUM,0.25062489596600773,0.19413391802515018,0.20229396075262643,0.17438286006504422,0.0,0.5045113094762705,0.7036970111068386,0.0,0.41146551406083703,9,12,8,4,0.19413391802515018,0.20229396075262643,0.0,30.29
HIGH,0.7827075946774777,0.6871547317570671,0.7721643083102355,0.8724020157760308,0.5430082632914479,0.7203885858209458,0.7697097849795198,0.8983306834101319,0.3944828907560375,18,8,6,2,0.6871547317570671,0.7721643083102355,0.5430082632914479,78.33
MEDIUM,0.5380576093286333,0.5218695996688723,0.5862706416964677,0.5548531796172219,0.3810772677905704,0.4696870083465787,0.586568079059909,0.26318260491757806,0.3255481996355887,6,7,4,3,0.5218695996688723,0.5862706416964677,0.3810772677905704,57.16
MEDIUM,0.4669664444799354,0.40613265275891175,0.4085475515053801,0.38384731349842305,0.42170620692330485,0.555232540825741,0.7284582396091253,0.35518691291312127,0.2356010723882084,11,5,4,1,0.40613265275891175,0.4085475515053801,0.42170620692330485,48.96
HIGH,0.7029263421504212,0.6761962868597263,0.5814820061995513,0.5924686941020506,0.525702756782074,0.7724539102368422,0.8475446931559093,0.7520517149392757,0.5675837567772072,17,10,8,2,0.6761962868597263,0.5814820061995513,0.525702756782074,76.81
MEDIUM,0.3748539016916178,0.46503016214250764,0.24155168636511268,0.3082186219332466,0.09202895407044123,0.4075439074398301,0.4396187540013692,0.3190831889118951,0.39978008628314793,8,8,4,4,0.46503016214250764,0.24155168636511268,0.09202895407044123,19.74
MEDIUM,0.48722471406142426,0.5577410949561341,0.4536869585250284,0.5841058758873934,0.24606555993508156,0.44931145203582223,0.4914189071795714,0.28877088404386647,0.4835296545965307,6,8,4,4,0.5577410949561341,0.4536869585250284,0.24606555993508156,41.58
MEDIUM,0.42003111334783727,0.34826452734414004,0.48917170652259023,0.5771722842852435,0.37889495473877793,0.35381767810991066,0.3065490469806094,0.5009363630744829,0.348504886533242,11,6,2,4,0.34826452734414004,0.48917170652259023,0.37889495473877793,31.52
HIGH,0.5938523849886125,0.6257546045378144,0.5222448048495449,0.613665743267728,0.5634192145175179,0.6797032946501957,0.7858865814696583,0.3761997676574963,0.6646569611845078,16,8,6,2,0.6257546045378144,0.5222448048495449,0.5634192145175179,58.35
LOW,0.26881288199152575,0.285628897194745,0.12571309569854788,0.49462074248904153,0.20940146558431955,0.07664028838720757,0.03914994973561793,0.1314199892540242,0.13433160347515988,3,10,0,10,0.285628897194745,0.12571309569854788,0.20940146558431955,4.83
MEDIUM,0.5053635638164697,0.3739702794700921,0.6025831320713162,0.44674292657526826,0.4172505281370801,0.36204010485086247,0.4515746782234208,0.251592867575355,0.2038836220086947,8,9,4,5,0.3739702794700921,0.6025831320713162,0.4172505281370801,37.95
HIGH,0.6768581747494644,0.6797033699462038,0.6891639032226644,0.602921827985215,0.5441814872547608,0.7883422691338628,0.8782928635245812,0.7587801474611018,0.5480526076344688,18,9,8,1,0.6797033699462038,0.6891639032226644,0.5441814872547608,75.58
LOW,0.15062661642007458,0.26732953239976337,0.15603915259701162,0.04073611419648808,0.046892036152317025,0.12188509821455232,0.08008345520196909,0.20729187803816423,0.1618832474286901,3,8,1,7,0.26732953239976337,0.15603915259701162,0.046892036152317025,2.97
HIGH,0.7519831642823661,0.8079812206201739,0.7366354858680024,0.701458379906168,0.5928945235000767,0.9222002264504611,1.0,0.8712020877866874,0.7397990444656184,17,8,8,0,0.8079812206201739,0.7366354858680024,0.5928945235000767,85.32
LOW,0.01380564781297351,0.1341861842668079,0.0,0.16767684528145815,0.0026037743009774414,0.2544436623508919,0.28670849867076253,0.33850463982662427,0.07358817591554775,4,7,2,5,0.1341861842668079,0.0,0.0026037743009774414,0.09
MEDIUM,0.3834190965169674,0.28339853938638926,0.3665806078627297,0.41940202207150684,0.17880282746902082,0.4675709491688355,0.5256325292910088,0.6313008949130418,0.12965626305810976,12,12,6,6,0.28339853938638926,0.3665806078627297,0.17880282746902082,36.97
LOW,0.3584340214389502,0.3960196777280319,0.3028735800169524,0.2958091196173136,0.19341457315183358,0.29354159961028103,0.4267107852157346,0.061685449391726564,0.12589019301247492,3,6,3,3,0.3960196777280319,0.3028735800169524,0.19341457315183358,32.78
LOW,0.1748294341643163,0.056503848728597136,0.1689504523265016,0.2987710474949944,0.03707680394367896,0.1917778118315261,0.30769222493040876,0.0,0.035812384366404125,3,4,1,3,0.056503848728597136,0.1689504523265016,0.03707680394367896,24.09
LOW,0.2289277151202624,0.32506446946354145,0.33750305028552213,0.19646446224240496,0.0,0.1442103210948889,0.09217520402444992,0.17661445949242427,0.26791153390867045,2,8,1,7,0.32506446946354145,0.33750305028552213,0.0,21.91
LOW,0.07722319941046721,0.06771058980386777,0.15721741114508192,0.07159326466458873,0.13349229815451594,0.012681772869974451,0.007399115960455465,0.0,0.04121151646850586,1,7,0,7,0.06771058980386777,0.15721741114508192,0.13349229815451594,0.0
LOW,0.12614432068670392,0.10102520075824734,0.06929190124628254,0.21249538821521116,0.20169606376715743,0.1577413353166296,0.1462813376963983,0.30657458322034653,0.04328808027360657,5,10,1,9,0.10102520075824734,0.06929190124628254,0.20169606376715743,0.0
MEDIUM,0.12299447504935386,0.18893146350003842,0.03486600939294848,0.1683920441690724,0.16159499933161192,0.5977625569816115,0.718020771933443,0.5280430700135353,0.30670739909419314,11,7,5,2,0.18893146350003842,0.03486600939294848,0.16159499933161192,33.42
MEDIUM,0.41511652220523004,0.3520590426983434,0.2758210647578814,0.31296163279689015,0.0,0.38671081866163143,0.5038181212160724,0.4220997296599398,0.0,10,8,4,4,0.3520590426983434,0.2758210647578814,0.0,25.58
MEDIUM,0.5760964998260798,0.4981613749676674,0.5824045858862174,0.6038241722289032,0.3210468192357792,0.560852165774106,0.7012406508386877,0.4307681889571213,0.2697706873973452,17,13,9,4,0.4981613749676674,0.5824045858862174,0.3210468192357792,38.16
HIGH,0.9466642607777386,0.8680897426704623,0.9519709642042649,1.0,0.7278971413149299,0.8483436087750159,0.9637175476576628,0.7975182737033406,0.5530471271987509,18,6,6,0,0.8680897426704623,0.9519709642042649,0.7278971413149299,93.64
LOW,0.3482471887136588,0.31776750938751136,0.4847376209061892,0.36878849600556307,0.2278582589521595,0.08230160167469752,0.0,0.31198557279384265,0.09952243557964494,4,3,0,3,0.31776750938751136,0.4847376209061892,0.2278582589521595,20.55
HIGH,0.7931183414839184,0.5892197497211061,0.7359907259378216,0.7691661500703868,0.6404016337498215,0.8412479081519485,1.0,0.6010462373835362,0.6051933033762064,23,13,13,0,0.5892197497211061,0.7359907259378216,0.6404016337498215,90.54
HIGH,0.8959167161641964,0.8388786085733444,0.9174024197786008,0.9151355791337802,0.6356755335164509,0.8109823326659474,0.8652549057677263,0.6982652490013224,0.7608816970252359,21,13,11,2,0.8388786085733444,0.9174024197786008,0.6356755335164509,87.18
LOW,0.4686135606372313,0.4789203525009769,0.557816966202873,0.5243464119395642,0.5488696623143328,0.15191680800505752,0.1702759666301078,0.0,0.2487561401349642,3,10,2,8,0.4789203525009769,0.557816966202873,0.5488696623143328,27.5
LOW,0.356990069063971,0.3767174207046915,0.4291459750401217,0.39910137509953,0.21736467484175698,0.14160243729855815,0.1753531467995009,0.060713778468981267,0.12123896762530664,2,7,1,6,0.3767174207046915,0.4291459750401217,0.21736467484175698,16.13
HIGH,0.722251866973722,0.6769591931780976,0.699693757546224,0.5886031608926969,0.4935893722513986,0.7195274192475871,0.8211351015903083,0.6699704861566265,0.46426130531038456,18,4,3,1,0.6769591931780976,0.699693757546224,0.4935893722513986,72.22
LOW,0.14730103014313148,0.2831503440877915,0.05516520106967139,0.16138355621157574,0.0,0.3555235209337283,0.5120891826353426,0.07507385252615208,0.16627620423646147,6,9,5,4,0.2831503440877915,0.05516520106967139,0.0,19.62
HIGH,0.7668205931098943,0.7798169829722086,0.8083664281481622,0.920023687952517,0.4950933778690236,0.6226224255645424,0.7516890476281448,0.4306998058709458,0.4273451790673317,12,6,5,1,0.7798169829722086,0.8083664281481622,0.4950933778690236,69.27
HIGH,0.7236671725458866,0.6652449394638715,0.803179177969471,0.7664236382881694,0.6646978845278684,0.8379949788850715,0.9677408832357374,0.5800936482822456,0.7066585964358996,20,9,9,0,0.6652449394638715,0.803179177969471,0.6646978845278684,87.99
MEDIUM,0.4623924456516726,0.4518824750873367,0.39415674259235023,0.2908168634152194,0.2542941566794692,0.5404520639736831,0.579874848469958,0.5671169758447447,0.39551879861379663,9,7,4,3,0.4518824750873367,0.39415674259235023,0.2542941566794692,50.51
HIGH,0.4884730372650094,0.3648614672670296,0.5984523459179281,0.6370558297000886,0.417325223478646,0.7176222904693959,0.8953477899799905,0.37140392546999196,0.5306641569370157,18,9,8,1,0.3648614672670296,0.5984523459179281,0.417325223478646,70.68
HIGH,0.8942952264211214,0.8618934382819121,1.0,0.732700222551728,0.5481755139392652,0.8072017933792065,0.9160000202731802,0.7598051845236831,0.5282037215528091,21,7,6,1,0.8618934382819121,1.0,0.5481755139392652,88.08
LOW,0.36908256528822003,0.437014780580988,0.4566599430280363,0.3847522642942626,0.12075912661896337,0.14996953251746203,0.21015436577991042,0.0,0.11938456524757893,4,9,2,7,0.437014780580988,0.4566599430280363,0.12075912661896337,14.01
HIGH,0.6096154459663529,0.6869459625637715,0.6635816808527463,0.5455948381834284,0.47976707653411615,0.8157121519568005,0.9871776968048477,0.6657291848363298,0.451298484533129,19,8,8,0,0.6869459625637715,0.6635816808527463,0.47976707653411615,74.25
LOW,0.2521622341855967,0.3180276703275978,0.4241428220050551,0.3054203639738469,0.05560539383231264,0.30796415771898994,0.4447740245990027,0.20549871479794146,0.0,5,6,3,3,0.3180276703275978,0.4241428220050551,0.05560539383231264,35.03
HIGH,0.6880887583913564,0.7505726668277942,0.4613597651506273,0.7478294319344255,0.5683564760631369,0.6725341421727299,0.8322677970761374,0.4193425463341806,0.4465247733010569,10,3,2,1,0.7505726668277942,0.4613597651506273,0.5683564760631369,69.93
MEDIUM,0.5666459499070113,0.5748513243594404,0.5874473697592874,0.5344862168762661,0.47095655973714723,0.5781144785296681,0.7435841028783827,0.2684962715057977,0.3913238125073948,13,10,7,3,0.5748513243594404,0.5874473697592874,0.47095655973714723,67.57
HIGH,0.6578451684963049,0.5956884183873047,0.7158469000755883,0.6360462673163427,0.39091670405272816,0.9021113702497221,1.0,1.0,0.5105568512486104,21,5,5,0,0.5956884183873047,0.7158469000755883,0.39091670405272816,89.98
HIGH,0.7105001009595573,0.6464746826634845,0.6774372644844616,0.7647177043545818,0.45259403461827363,0.7759525448983119,0.9346386822601241,0.652673115431366,0.423173562279821,21,11,10,1,0.6464746826634845,0.6774372644844616,0.45259403461827363,83.57
LOW,0.02071082913116669,0.0,0.0,0.03068572671447211,0.04708880083518985,0.17374817846052742,0.21696065898968037,0.21785891533359614,0.0,3,6,1,5,0.0,0.0,0.04708880083518985,3.38
LOW,0.31965298679793047,0.44311075659673693,0.353699947380101,0.1989272749131547,0.23972961529740186,0.20062373246789414,0.2408411079099277,0.07281576836319943,0.2077795702464882,5,8,2,6,0.44311075659673693,0.353699947380101,0.23972961529740186,19.64
LOW,0.292042738400042,0.4145135602505831,0.3639668997955448,0.2859759370653356,0.13843789015429217,0.06199600580169534,0.06534711952822596,0.0,0.11393867042379884,1,7,0,7,0.4145135602505831,0.3639668997955448,0.13843789015429217,12.17
HIGH,0.8895103648245901,0.8436623783014546,0.8118342718309399,0.7888994548765431,0.6949323611469763,0.7859599499784488,0.9921188844664052,0.5311210207482558,0.4223220757447728,17,11,11,0,0.8436623783014546,0.8118342718309399,0.6949323611469763,95.89
LOW,0.2397095357110188,0.32586327349666877,0.27781003088601275,0.21608905068789655,0.3074064011191252,0.23446548983457888,0.23469216619155778,0.4682509505982211,0.0,6,5,1,4,0.32586327349666877,0.27781003088601275,0.3074064011191252,15.83
HIGH,0.5901619110123906,0.5944925309495088,0.6267473095016838,0.546665043515188,0.43629630829299954,0.7651304102286727,0.7910779055297448,0.7289645716296635,0.723453762924465,12,6,5,1,0.5944925309495088,0.6267473095016838,0.43629630829299954,75.94
HIGH,0.7840600978475091,0.7884879767232238,0.7506343424213042,0.9013820840879883,0.6416568493349589,0.7244137786098837,0.9223772502633496,0.2194666962912434,0.6354704459681259,13,6,6,0,0.7884879767232238,0.7506343424213042,0.6416568493349589,79.08
HIGH,0.6746757942050785,0.5608540473208388,0.7922472908709601,0.7327343714049361,0.5485706364373876,0.8875267364129305,1.0,0.9946417697265961,0.44299191233805585,19,5,5,0,0.5608540473208388,0.7922472908709601,0.5485706364373876,85.92
HIGH,0.5878330607101173,0.63454478997313,0.620003554614982,0.5753932137782878,0.2726489177335294,0.8750956312360958,0.9967320023045162,0.7011409016481813,0.684141247618749,14,4,4,0,0.63454478997313,0.620003554614982,0.2726489177335294,75.97
HIGH,0.794321056544723,0.8239168458404531,0.7957708352716858,0.7953434913471018,0.40004822181063493,0.7692033512340022,0.8274745556948322,0.8742575089083362,0.48933558017717804,21,10,8,2,0.8239168458404531,0.7957708352716858,0.40004822181063493,85.54
MEDIUM,0.3976790120094596,0.38558684719729114,0.4489098840563955,0.2276298820679187,0.40275294766940245,0.4096739827947974,0.4749820835199289,0.33274316815958493,0.29068049525461537,6,8,4,4,0.38558684719729114,0.4489098840563955,0.40275294766940245,31.87
LOW,0.0,0.0,0.07166922850366374,0.05678377152783955,0.029874123529077697,0.10595117829190041,0.11814222856731922,0.17156126102600683,0.0037679447315375684,2,8,1,7,0.0,0.07166922850366374,0.029874123529077697,0.0
LOW,0.27558108608102533,0.31023563254383457,0.22993503966096596,0.3628050233988451,0.09727522458315276,0.15704104000938843,0.19576586378382985,0.03851786725189385,0.15938974144355864,4,9,2,7,0.31023563254383457,0.22993503966096596,0.09727522458315276,11.13
LOW,0.15691315302657158,0.28213392945400273,0.1309135816476449,0.0035102563499597728,0.15477239255655828,0.17924030955683684,0.2628871246813812,0.027280102147416108,0.08026007159262454,4,6,2,4,0.28213392945400273,0.1309135816476449,0.15477239255655828,7.41
HIGH,0.6990456172777787,0.6404036674884048,0.8159304727814126,0.7705414359344513,0.47710399770173534,0.8202754791926634,0.9064851323675698,0.8527552455875959,0.5291667532730119,23,10,9,1,0.6404036674884048,0.8159304727814126,0.47710399770173534,80.68
MEDIUM,0.6126140268607019,0.632498731051176,0.5771010667092152,0.6315029499076737,0.404379729214711,0.38537695759492463,0.4310842216094322,0.4564550390654032,0.1771770840809233,8,7,3,4,0.632498731051176,0.5771010667092152,0.404379729214711,32.2
MEDIUM,0.4225994351483053,0.5265068999558565,0.4030271949184439,0.3900718211063723,0.2053553331190609,0.48310215947646773,0.555854380904394,0.358935646441137,0.3890120082280198,13,8,4,4,0.5265068999558565,0.4030271949184439,0.2053553331190609,38.54
HIGH,0.592852365703438,0.6356361632110952,0.5113861165380763,0.6404399164666905,0.5045605604930484,0.8114954426462259,0.9735793740941866,0.47616254995486584,0.6605765409937037,17,9,9,0,0.6356361632110952,0.5113861165380763,0.5045605604930484,75.24
HIGH,0.6327148902175609,0.6568636464114008,0.7483630461007093,0.7098393806460455,0.4510990425037321,0.7574788139227622,0.9187314086944942,0.5423874123983679,0.4888124311319604,15,5,5,0,0.6568636464114008,0.7483630461007093,0.4510990425037321,80.3
LOW,0.11226758048657588,0.11755785852880377,0.21960874591133872,0.18410611282546668,0.07563986994797223,0.353707046890946,0.44569164820956586,0.36987169898898653,0.06158859083704597,8,8,4,4,0.11755785852880377,0.21960874591133872,0.07563986994797223,11.03
HIGH,0.7101467693461477,0.7398778485051013,0.6641117417942282,0.6471305007904462,0.29855619195075134,0.8938184738720949,1.0,0.8382892886093822,0.6308030807510924,15,9,9,0,0.7398778485051013,0.6641117417942282,0.29855619195075134,83.18
LOW,0.09186536474919722,0.0,0.01367633680530575,0.09579680063698973,0.06924565347642814,0.27757742238294336,0.3089027400725264,0.3063179700892982,0.15486092160783962,7,8,2,6,0.0,0.01367633680530575,0.06924565347642814,0.82
HIGH,0.6113276589735305,0.6763026548053948,0.6248124791352967,0.5210617625306029,0.35521990774198287,0.7079738421745754,0.8006813199607238,0.4016983180205513,0.7361269329701541,18,8,6,2,0.6763026548053948,0.6248124791352967,0.35521990774198287,59.9
HIGH,0.722708266031656,0.7930827918715749,0.7430721464167781,0.8015149374934538,0.5613155474731387,0.7544531631233573,0.8126982488067964,0.7965429528854782,0.5376281163109192,17,6,5,1,0.7930827918715749,0.7430721464167781,0.5613155474731387,81.13
MEDIUM,0.40793220980359773,0.296962585698158,0.26355403957665613,0.3885475460403156,0.3647579950772731,0.4605960582546325,0.4640101458389836,0.6355587327760315,0.2753911209801803,10,8,4,4,0.296962585698158,0.26355403957665613,0.3647579950772731,41.4
LOW,0.18710398326744118,0.14331422704452845,0.142178540200107,0.18991633082570777,0.11964045920900118,0.2443849414188097,0.3262005558384826,0.09892257998001364,0.14440045959858702,6,8,3,5,0.14331422704452845,0.142178540200107,0.11964045920900118,10.23
MEDIUM,0.5394046305331784,0.5141244031844492,0.5792759653126622,0.7264377829761227,0.2796879751032335,0.6102663647067915,0.7797505699582546,0.2515586743379034,0.4605214393212902,13,9,7,2,0.5141244031844492,0.5792759653126622,0.2796879751032335,56.73
MEDIUM,0.36335909039501163,0.36386117371472976,0.34864617469388987,0.3786405506439787,0.11328585312271106,0.5352013450406108,0.5533967679738319,0.6025305971195501,0.41328582416200843,16,8,4,4,0.36386117371472976,0.34864617469388987,0.11328585312271106,33.36
HIGH,0.5549485003029855,0.5226576753742433,0.697973630652344,0.5257100057254235,0.23568083089648717,0.8573598616711015,0.969759910663571,0.7278420484417559,0.649677527923038,15,7,7,0,0.5226576753742433,0.697973630652344,0.23568083089648717,76.98
MEDIUM,0.4413207671907946,0.4723571810533678,0.39837530416338895,0.4753284895052748,0.3086231432375297,0.39278874224384436,0.44411891257151886,0.37799003101803536,0.25359694248662995,11,9,4,5,0.4723571810533678,0.39837530416338895,0.3086231432375297,35.35
HIGH,0.6035229246237306,0.5525967753085085,0.5398178010772696,0.5600951666241322,0.5149908946433615,0.8107844077002005,0.9558923550831103,0.5652297340526741,0.6210152391989976,18,9,9,0,0.5525967753085085,0.5398178010772696,0.5149908946433615,84.09
LOW,0.2052759537263422,0.12120714553951001,0.12504159734342077,0.0964147517353418,0.04510745249531617,0.1556156161718511,0.20997206733865828,0.0697515820758072,0.07841029676747342,4,7,1,6,0.12120714553951001,0.12504159734342077,0.04510745249531617,1.2
LOW,0.11545774074265655,0.10970615397105739,0.1566394457496209,0.164944749853494,0.17528425015683838,0.170415750366063,0.187011336074937,0.06036788800931958,0.23067685559618434,2,3,1,2,0.10970615397105739,0.1566394457496209,0.17528425015683838,16.38
MEDIUM,0.2507320593773705,0.21712104830302195,0.1421232432884324,0.10686994997126881,0.15505987230151694,0.570452274335619,0.6749640636418611,0.5911939176662202,0.2361752630862912,13,9,6,3,0.21712104830302195,0.1421232432884324,0.15505987230151694,48.29
HIGH,0.6805769560650747,0.7667349066590753,0.5835347730367271,0.7330977974225975,0.5797711965244007,0.7723097254384015,0.9744167365298496,0.41299573753510066,0.5253026800673579,18,9,9,0,0.7667349066590753,0.5835347730367271,0.5797711965244007,79.25
HIGH,0.5704353989329909,0.5512153322143374,0.4354136309298791,0.6201353037493025,0.45476672399712204,0.8890071497231139,1.0,0.8552719316771665,0.5897638169384026,19,9,9,0,0.5512153322143374,0.4354136309298791,0.45476672399712204,82.23
LOW,0.0035240662022444805,0.01927715344280437,0.011604831672223787,0.14384512834033672,0.0,0.11144094531597443,0.10813455754045707,0.12685320820799653,0.10594784575050437,2,8,1,7,0.01927715344280437,0.011604831672223787,0.0,0.0
HIGH,0.6783518501087669,0.7369241079640548,0.6243907029690982,0.6606532514688035,0.5289667917702856,0.8430414863840364,0.8784478172702053,1.0,0.5798639801095666,15,6,5,1,0.7369241079640548,0.6243907029690982,0.5289667917702856,78.53
HIGH,0.7536978118219417,0.6651770553178806,0.7272013513151234,0.8451175644827964,0.47561125282013333,0.7360177835634732,0.9537189250247706,0.31340594923793386,0.505526193505121,15,6,6,0,0.6651770553178806,0.7272013513151234,0.47561125282013333,73.32
HIGH,0.5360615105915157,0.6269240021018151,0.6063236774398556,0.560850403113916,0.38068638276526007,0.9050255994814533,1.0,1.0,0.5251279974072662,19,8,8,0,0.6269240021018151,0.6063236774398556,0.38068638276526007,74.73
MEDIUM,0.4799546883582451,0.35113698544744165,0.5164348471734181,0.5026058766027252,0.2758438130966123,0.4555773109416491,0.4500216008681756,0.43475595348204127,0.49306579862167743,12,9,4,5,0.35113698544744165,0.5164348471734181,0.2758438130966123,31.34
LOW,0.2608016772886051,0.15213408651667987,0.27737781315288584,0.3002755199444016,0.17870776410586603,0.17419659764758544,0.23832464389259211,0.10578198477837726,0.050227071781773575,3,6,1,5,0.15213408651667987,0.27737781315288584,0.17870776410586603,19.74
HIGH,0.6654667704497228,0.6361784153592985,0.6302897792947644,0.6303000609145912,0.494601681625025,0.8808427664851234,0.9845985116293123,1.0,0.4504182975376797,22,9,9,0,0.6361784153592985,0.6302897792947644,0.494601681625025,84.68
HIGH,0.7275373096844681,0.8971276926344729,0.7490610780459583,0.664558781115077,0.49354948591414355,0.7424138507985271,0.808786077831323,0.653702057178653,0.6320089633200139,10,7,6,1,0.8971276926344729,0.7490610780459583,0.49354948591414355,75.67
LOW,0.12493301652155366,0.06418888825238132,0.15695317057730135,0.0923005435354379,0.18049767480712853,0.21483002433412998,0.31429420005295466,0.07293679951256755,0.05833072199921838,4,8,3,5,0.06418888825238132,0.15695317057730135,0.18049767480712853,0.0
LOW,0.27143357474106045,0.23435477141882682,0.11812291779125011,0.2569990257755527,0.1312058203152064,0.12808278310827395,0.192731215630778,0.0,0.06222026864903579,2,7,1,6,0.23435477141882682,0.11812291779125011,0.1312058203152064,7.85
HIGH,0.8521177378479058,0.8109166028681434,0.7792251013787117,0.7139312961420134,0.545371300776831,0.7488372674987215,0.7878999260827051,0.8420192589216657,0.5384673003238265,22,10,8,2,0.8109166028681434,0.7792251013787117,0.545371300776831,76.05
HIGH,0.8331686801537143,0.8483060865038823,0.8748894751135458,0.9158068858712943,0.6728695414740036,0.8539136145589747,0.9328287642632831,0.9292722970355987,0.5418094829694261,20,9,8,1,0.8483060865038823,0.8748894751135458,0.6728695414740036,97.91
LOW,0.031714366192042466,0.08410834918565444,0.0,0.0,0.14869304978247017,0.20272211306885862,0.31595354614294097,0.06574992691547032,0.0,5,9,3,6,0.08410834918565444,0.0,0.14869304978247017,6.57
LOW,0.18186108278540264,0.14902355128399547,0.09336813321636368,0.12606934873045897,0.15945122394396571,0.18012723144618062,0.2405512341074016,0.17898245490869838,0.0,3,5,1,4,0.14902355128399547,0.09336813321636368,0.15945122394396571,3.17
LOW,0.06901233824601008,0.16343090965321516,0.0032475095708429103,0.19642627754996944,0.10073882182339329,0.13016542974017653,0.07337215399869979,0.3094745015353822,0.12123618516940105,4,8,1,7,0.16343090965321516,0.0032475095708429103,0.10073882182339329,3.72
HIGH,0.61350260481349,0.5964184887710672,0.6227586814335281,0.660121841985807,0.4894207510758404,0.7514468820437809,0.9131633435339171,0.5399354088755012,0.4778089707416516,15,6,5,1,0.5964184887710672,0.6227586814335281,0.4894207510758404,71.36
HIGH,0.7237743906977483,0.7240891241559636,0.7233254853594466,0.6513774371527665,0.5335283293271332,0.7893194503307708,0.8749737074057675,0.6327199105086314,0.6889562189279194,17,9,8,1,0.7240891241559636,0.7233254853594466,0.5335283293271332,80.24
LOW,0.16926175480383934,0.17245225425797275,0.22239340029643623,0.18647707383611334,0.08120141649798654,0.1168000501925727,0.110789532529025,0.0989901058266783,0.1526415475491102,2,11,1,10,0.17245225425797275,0.22239340029643623,0.08120141649798654,14.32
HIGH,0.7924826668255612,0.7334798446488547,0.6636155128395254,0.687446973218798,0.5216421918073864,0.8003985384666868,0.941927452205696,0.6562384913953833,0.5199718443209633,19,10,9,1,0.7334798446488547,0.6636155128395254,0.5216421918073864,87.75
MEDIUM,0.4490353792000749,0.39336777017077634,0.48751216059475516,0.5077624951908944,0.34442311126814223,0.5659852932051757,0.5735368693404086,0.6464461925315772,0.46286966547307545,11,8,5,3,0.39336777017077634,0.48751216059475516,0.34442311126814223,54.87
LOW,0.28851616681096937,0.3224406689091218,0.502118649888927,0.40637991845530574,0.094087266970341,0.08264721492412438,0.13774535820687397,0.0,0.0,1,8,1,7,0.3224406689091218,0.502118649888927,0.094087266970341,17.65
MEDIUM,0.4174206679721235,0.3911556727447329,0.5362505045151112,0.5545892513578535,0.19893467678443277,0.36279847249122776,0.3908225290744484,0.28978177058804866,0.3517430046447449,9,7,3,4,0.3911556727447329,0.5362505045151112,0.19893467678443277,40.27
LOW,0.15543241199374364,0.04447305875417609,0.08850562703945962,0.13185829262314736,0.03608157191953372,0.20524181572964306,0.2623973079617605,0.11509562831239266,0.12392152645054137,4,7,2,5,0.04447305875417609,0.08850562703945962,0.03608157191953372,6.42
LOW,0.24190093112070743,0.08802167627602211,0.2649362372432257,0.17240248603425345,0.135444887774613,0.04484234174190997,0.01261605217958013,0.06413282952133977,0.12223072264946967,0,9,0,9,0.08802167627602211,0.2649362372432257,0.135444887774613,5.35
MEDIUM,0.3907571952536636,0.39083024445817705,0.2252734699596076,0.3189944708024225,0.3005820583973783,0.5860862204696577,0.6933201106308895,0.2301444418448079,0.6203263286108125,7,9,6,3,0.39083024445817705,0.2252734699596076,0.3005820583973783,56.13
HIGH,0.7328427025397869,0.6585034175241963,0.6242479465911712,0.809814877703285,0.48701219543324487,0.761851279640124,1.0,0.4464132823975106,0.36284311580310996,22,7,7,0,0.6585034175241963,0.6242479465911712,0.48701219543324487,86.49
LOW,0.25869392101559113,0.21990644568265216,0.47704194291147645,0.2953407549291789,0.21751737306944371,0.19684058165844118,0.3181835539416205,0.0,0.029652246467344292,5,8,3,5,0.21990644568265216,0.47704194291147645,0.21751737306944371,5.14
HIGH,0.67911504796339,0.5531641833533347,0.6384005168428389,0.7224952174172327,0.3270535690052244,0.8670259750492528,1.0,0.7436090770864955,0.5915207981597689,16,8,8,0,0.5531641833533347,0.6384005168428389,0.3270535690052244,80.77
MEDIUM,0.3718013754626305,0.3869013013353867,0.2998908699230425,0.4079157685029228,0.31286902262343175,0.279680332159701,0.30584670161504984,0.363461707300197,0.11739984865315864,5,4,1,3,0.3869013013353867,0.2998908699230425,0.31286902262343175,50.26
LOW,0.3392104043657002,0.3878837274475957,0.3556458751099263,0.41084173370444754,0.17349014618973857,0.2286097562052689,0.256461754007693,0.21770978124248347,0.15595373776078214,5,10,3,7,0.3878837274475957,0.3556458751099263,0.17349014618973857,28.44
MEDIUM,0.7041230916010583,0.7500116853925907,0.6734073911349181,0.6097926768707,0.4120870608136846,0.3395336817245451,0.4060957500615153,0.3322561587237636,0.1471249997144162,9,11,4,7,0.7500116853925907,0.6734073911349181,0.4120870608136846,42.04
LOW,0.0,0.0,0.0,0.0,0.16178051404774607,0.060535175922442556,0.029874002748816384,0.0,0.21305387136576362,1,9,0,9,0.0,0.0,0.16178051404774607,0.0
MEDIUM,0.46198503800923696,0.33850225848781085,0.5206402277992812,0.4957725481406999,0.4405448613518445,0.32781755961691994,0.36263517047867727,0.20413162048286557,0.3470506661657021,3,6,2,4,0.33850225848781085,0.5206402277992812,0.4405448613518445,29.46
HIGH,0.687106817905843,0.7309576280861992,0.7193762190512738,0.6879464465135254,0.4945710882037986,0.8199830524392386,1.0,0.45714988472127405,0.6427653774749191,13,6,6,0,0.7309576280861992,0.7193762190512738,0.4945710882037986,88.17
MEDIUM,0.42100905027071445,0.6099168187128992,0.5030531030955918,0.3620352932357176,0.2381238101868082,0.4731277862732292,0.5244825807724678,0.6123888462078284,0.1798023428409142,11,6,3,3,0.6099168187128992,0.5030531030955918,0.2381238101868082,37.3
HIGH,0.6914911018424386,0.6887854848841771,0.5823215100906046,0.7197903337731569,0.5394202740829716,0.8227813504451936,0.8470008539169834,0.9821514622732902,0.5907527282017278,20,6,5,1,0.6887854848841771,0.5823215100906046,0.5394202740829716,75.31
MEDIUM,0.3915862532160684,0.44151850117908753,0.3530639901917514,0.3579177480525722,0.25811261304945693,0.42751002196017657,0.47470746174849726,0.5643629176902616,0.14906480686512938,10,8,4,4,0.44151850117908753,0.3530639901917514,0.25811261304945693,32.7
MEDIUM,0.26952624069961,0.31495962018400697,0.16993006085892076,0.22882411913693707,0.053899353905579456,0.4463018663258864,0.5001863237095152,0.2343577448040034,0.4965926156968831,9,8,4,4,0.31495962018400697,0.16993006085892076,0.053899353905579456,18.99
LOW,0.3638225980376139,0.43341533152291123,0.25886159203611997,0.3266912498143008,0.2655248297358145,0.16138764551438303,0.13074041890226182,0.3532990853260803,0.06141788553904947,3,8,1,7,0.43341533152291123,0.25886159203611997,0.2655248297358145,17.94
MEDIUM,0.463782654333251,0.4462615939506626,0.3778698186335802,0.560489563802641,0.310278464225227,0.3701441359585439,0.5219955572990448,0.0,0.28473400789558523,4,7,4,3,0.4462615939506626,0.3778698186335802,0.310278464225227,46.5
HIGH,0.889556887770998,1.0,0.831964598910963,0.999101979952673,0.7837440408876221,0.6601313766602361,0.8552771555582488,0.4434679781098454,0.29135743851658913,15,9,8,1,1.0,0.831964598910963,0.7837440408876221,85.54
MEDIUM,0.3564322090733652,0.31151291005747006,0.252446855515907,0.3114759466431577,0.1758412794609423,0.43718811388974776,0.5478766542467788,0.370851617237068,0.17145898947133434,10,10,5,5,0.31151291005747006,0.252446855515907,0.1758412794609423,40.65
LOW,0.20691040388538617,0.16763215584327923,0.2560975552510596,0.20959574397832073,0.23068385363206878,0.2708140525140131,0.39255948770701515,0.027314713181986305,0.14907708626703367,5,9,4,5,0.16763215584327923,0.2560975552510596,0.23068385363206878,11.61
MEDIUM,0.37993413956411876,0.33163677468259345,0.3127241822879222,0.3715743567039936,0.19017206229709266,0.5055450378951808,0.6153465540769069,0.3613908178987089,0.3202947093464745,9,7,4,3,0.33163677468259345,0.3127241822879222,0.19017206229709266,44.17
LOW,0.1557610720717908,0.18580302957067465,0.051251396571806426,0.21272705862687247,0.053106661450226175,0.05482971621221258,0.09052743226292193,0.0,0.0025662842722971426,3,7,1,6,0.18580302957067465,0.051251396571806426,0.053106661450226175,0.0
HIGH,0.7365466286555348,0.6474061052505241,0.8017312349673478,0.7028604879493695,0.48818183829947925,0.8322670522076363,0.9957848683084207,0.7735459021536785,0.4004347539592415,13,6,6,0,0.6474061052505241,0.8017312349673478,0.48818183829947925,100.0
HIGH,0.816981298472728,0.7743993332220236,0.7305928546933845,0.8187061605588609,0.539220490066566,0.8369019569014834,0.9641499746210933,0.81287678291625,0.47918307772788665,14,5,5,0,0.7743993332220236,0.7305928546933845,0.539220490066566,76.4
LOW,0.19881996515092995,0.10739373168340081,0.09772787653905005,0.19753325487928475,0.0759785107530118,0.14130430208921888,0.1744485253622335,0.06327751510208558,0.11989841925730835,2,7,1,6,0.10739373168340081,0.09772787653905005,0.0759785107530118,0.0
MEDIUM,0.460643018687716,0.4464270627215141,0.6135897419283967,0.47366531487638824,0.30680240295570266,0.5955029417587223,0.6248717453289857,0.7725727075335455,0.33032676527310895,11,4,2,2,0.4464270627215141,0.6135897419283967,0.30680240295570266,50.56
HIGH,0.8697561247080489,0.9882718447343197,0.7973419230352391,0.7978656351961203,0.6248460084869423,0.7149921013044838,0.8291856926565474,0.6229852712688613,0.4644181572839156,13,7,6,1,0.9882718447343197,0.7973419230352391,0.6248460084869423,84.79
MEDIUM,0.4379755212991872,0.43507612098926085,0.4883080827899659,0.4381276128862996,0.4795392497927717,0.3732241645508877,0.352545571543431,0.5221883919363682,0.2862957161877771,12,6,2,4,0.43507612098926085,0.4883080827899659,0.4795392497927717,45.62
HIGH,0.7444725348042256,0.7067776338036702,0.719648947399067,0.6538725998881039,0.3931045552583131,0.839663322891943,1.0,0.6422464232327438,0.556070191226971,16,6,6,0,0.7067776338036702,0.719648947399067,0.3931045552583131,76.89
HIGH,0.5800225288016123,0.6834532582994141,0.4478706597033726,0.4856852890239185,0.2012568430128982,0.7423652978769935,0.8287990134401695,0.5580958038173659,0.6673336452470932,15,8,7,1,0.6834532582994141,0.4478706597033726,0.2012568430128982,68.62
MEDIUM,0.7391889435229061,0.6919086696619485,0.7722858861284887,0.8053054061913578,0.4554608600416202,0.4614261912579483,0.5748058498962033,0.24983090964752888,0.3328824969536028,9,8,5,3,0.6919086696619485,0.7722858861284887,0.4554608600416202,51.86
HIGH,0.7586399238175763,0.631548935614269,0.7250103566172252,0.6330882414890608,0.6072560832767964,0.7589007278614643,0.8982573838020654,0.6508155550325427,0.4489159328685828,18,7,6,1,0.631548935614269,0.7250103566172252,0.6072560832767964,88.92
LOW,0.044783313548390026,0.02989403142481504,0.06504839013063761,0.0,0.0,0.07829471394246894,0.04560433444974952,0.24997747687024352,0.004683089492852538,2,8,0,8,0.02989403142481504,0.06504839013063761,0.0,0.0
LOW,0.2789137013451029,0.2817627348692619,0.22886132854862626,0.2830212072839186,0.06748517456054248,0.17067473555124146,0.25711335167046695,0.031903314966381734,0.05013030777842468,3,9,2,7,0.2817627348692619,0.22886132854862626,0.06748517456054248,10.17
LOW,0.10268122664277676,0.14255202677979664,0.17864314882845508,0.19603300256050843,0.28952886053416993,0.1094826333862165,0.12294317138262056,0.013206416670486843,0.16537723611273397,1,10,1,9,0.14255202677979664,0.17864314882845508,0.28952886053416993,2.86
HIGH,0.7104664406306465,0.7843463450238363,0.8366054314786407,0.9107661325989549,0.5218964715710201,0.8090573780169322,1.0,0.49230117674781815,0.5529857133368432,12,7,7,0,0.7843463450238363,0.8366054314786407,0.5218964715710201,72.5
LOW,0.24496889259829194,0.16163860619351506,0.3695597215688432,0.1561703648293293,0.19720512076965144,0.14661825182129617,0.15017126511856346,0.1106948024217621,0.17188266132902838,5,10,2,8,0.16163860619351506,0.3695597215688432,0.19720512076965144,12.28
MEDIUM,0.5861435557499608,0.5013204762489027,0.5776608284019621,0.558037402043124,0.44531281828724617,0.4488880362330198,0.4772927130436691,0.3182978774369673,0.4942641645971244,7,5,2,3,0.5013204762489027,0.5776608284019621,0.44531281828724617,43.64
HIGH,0.6273271187523065,0.6304100339724479,0.5213539240374139,0.7306503052478936,0.44640797481884753,0.7897414049013057,0.9110212411518273,0.8158123242026751,0.39983097684837154,17,7,6,1,0.6304100339724479,0.5213539240374139,0.44640797481884753,68.78
LOW,0.11787376745441626,0.026593956013193518,0.09036469970077604,0.1596683387828598,0.15749966992671444,0.2922948185821108,0.4171292778122397,0.09773755560436181,0.11234870386947306,5,8,3,5,0.026593956013193518,0.09036469970077604,0.15749966992671444,14.32
HIGH,0.7918208251604363,0.8333698869881121,0.9126346508927412,0.7939613899315447,0.4931178076825474,0.7282532016773049,0.864156395832974,0.6288330306115519,0.4199637902760506,14,7,6,1,0.8333698869881121,0.9126346508927412,0.4931178076825474,84.47
LOW,0.023108497320763588,0.0,0.16912360499438447,0.07349089794552396,0.061609598429053995,0.117687257865799,0.12028960913203876,0.1287282554039233,0.09883920652895542,3,6,1,5,0.0,0.16912360499438447,0.061609598429053995,0.0
MEDIUM,0.29117192810437814,0.2752144254584857,0.22333208079373143,0.2670984771873602,0.04325506551074573,0.6399960126858207,0.6701989010616348,0.7660958883040729,0.42328747194012617,16,10,7,3,0.2752144254584857,0.22333208079373143,0.04325506551074573,51.76
LOW,0.10854733870511271,0.16375179958731806,0.15900401463686853,0.07150657180257203,0.12858354538467526,0.10983251659237045,0.11672656396596601,0.03697446313715445,0.16200842792679981,2,9,1,8,0.16375179958731806,0.15900401463686853,0.12858354538467526,0.0
MEDIUM,0.2297519341522145,0.16913038072440933,0.12854320511094824,0.2307001795650292,0.26968819997277277,0.4655260417779912,0.6215738079216947,0.24770040637866958,0.21520837874620227,12,6,4,2,0.16913038072440933,0.12854320511094824,0.26968819997277277,37.29
HIGH,0.488887037409195,0.3944119506577,0.48535288685958533,0.4490340718437655,0.35552673420840264,0.7649123962941973,0.9095903096812173,0.7700904494040737,0.3257006030232609,16,6,5,1,0.3944119506577,0.48535288685958533,0.35552673420840264,68.13
MEDIUM,0.4630832905612034,0.40348864758908487,0.4784649003686695,0.5066020530687851,0.33066621020264036,0.44080066127341355,0.6581091668974272,0.0,0.22967580567478638,8,10,7,3,0.40348864758908487,0.4784649003686695,0.33066621020264036,39.02
LOW,0.19826809692234149,0.1554923425565477,0.34575400368143405,0.22118735722657284,0.04849937973413393,0.04964173542928049,0.027259107448066935,0.14055765420024682,0.02587370060195481,2,12,0,12,0.1554923425565477,0.34575400368143405,0.04849937973413393,5.47
MEDIUM,0.5845883323088158,0.3929604367536162,0.4883267295902694,0.6673193728700532,0.5592698237999709,0.2828451405323767,0.36470769607328213,0.0,0.3201026144420371,6,9,3,6,0.3929604367536162,0.4883267295902694,0.5592698237999709,30.31
LOW,0.16249898609158747,0.14442690361245447,0.11863976997053172,0.008999911940092559,0.17222294359658988,0.2034664617303625,0.3038914977905614,0.020535543930551983,0.08512227134957645,3,7,2,5,0.14442690361245447,0.11863976997053172,0.17222294359658988,11.64
HIGH,0.8074771237937542,0.8917914453955754,0.7937326363360337,1.0,0.7202291824385048,0.70581371460934,0.847348805079301,0.6753197573184421,0.3117024004903548,20,8,7,1,0.8917914453955754,0.7937326363360337,0.7202291824385048,94.37
MEDIUM,0.49018588620396075,0.5386108485159111,0.6485621719258332,0.41154793916415716,0.6086814252147084,0.3770911037399413,0.5024392169848372,0.11596921221589286,0.2621686555293023,8,6,3,3,0.5386108485159111,0.6485621719258332,0.6086814252147084,32.78
MEDIUM,0.5296762727223732,0.648302992123138,0.5841247597319431,0.6433782310422405,0.31020662363483836,0.42274141204951127,0.6091285384366216,0.0,0.2863214449376917,9,9,5,4,0.648302992123138,0.5841247597319431,0.31020662363483836,27.14
MEDIUM,0.4199087398971019,0.3855827321911542,0.477909207628266,0.40256254512923306,0.3038688139878287,0.48586883421096455,0.4765570601096766,0.562964888368017,0.43670810235777613,15,7,3,4,0.3855827321911542,0.477909207628266,0.3038688139878287,31.6
LOW,0.10489993254126308,0.16674187240229438,0.16050025201857743,0.02396088315311816,0.06036965632832784,0.2846210645271715,0.4241287335637439,0.01856984297518818,0.1321492789694377,5,9,4,5,0.16674187240229438,0.16050025201857743,0.06036965632832784,0.12
LOW,0.20116162818684197,0.289469282003059,0.21970227660306732,0.2063191667145961,0.17806724299452642,0.11405327642088939,0.0814963022667798,0.2558106227268679,0.0699668525772396,5,7,1,6,0.289469282003059,0.21970227660306732,0.17806724299452642,7.58
HIGH,0.7413820093553303,0.7914607356454595,0.7319148392158324,0.815168416156511,0.3919119695826531,0.8395007397597103,0.9209447831243937,0.8100539368312718,0.624615412594098,15,4,4,0,0.7914607356454595,0.7319148392158324,0.3919119695826531,78.58
MEDIUM,0.4031191317604055,0.49709543996358946,0.30575562442019666,0.434370554485622,0.28297745243775346,0.7826165633894334,0.964610389008347,0.5855855375256306,0.4336661123964957,20,12,12,0,0.49709543996358946,0.30575562442019666,0.28297745243775346,67.26
LOW,0.2327816657671155,0.011171856311853495,0.23296776238378608,0.2509249887379109,0.14736211829819476,0.02677792650846615,0.0162910970456696,0.08501634140532194,0.0,2,12,0,12,0.011171856311853495,0.23296776238378608,0.14736211829819476,0.0
HIGH,0.7895398386487265,0.8036260845699099,0.716431352661944,0.7352799838613723,0.5239931625800719,0.7068911638541588,0.8648269257598005,0.39808677170942874,0.5418882702819638,14,5,4,1,0.8036260845699099,0.716431352661944,0.5239931625800719,85.91
LOW,0.12833560869115643,0.09449559788045639,0.12581418514603168,0.1488834281657253,0.13614019766794822,0.22370311013283461,0.2527666233761058,0.25538655528373383,0.10482912525212182,3,5,1,4,0.09449559788045639,0.12581418514603168,0.13614019766794822,18.79
HIGH,0.7206452331464297,0.7565661488405265,0.7334667471369937,0.7553003453958388,0.4671928213467886,0.7879759356792368,0.9844157271709963,0.5450269510821254,0.44160554580106987,14,5,5,0,0.7565661488405265,0.7334667471369937,0.4671928213467886,89.87
HIGH,0.5621452125016217,0.5849314596192144,0.510059788799705,0.6860065801997924,0.5009614252924603,0.6939147481916621,0.7983284164100375,0.6152210529562213,0.4593674387719767,15,6,5,1,0.5849314596192144,0.510059788799705,0.5009614252924603,69.67
MEDIUM,0.3880618498023484,0.21156292850706115,0.33479662422428075,0.4322062307181456,0.13744920169778704,0.5567344718186662,0.7423843176883759,0.23327302763065158,0.3232463783975516,7,7,5,2,0.21156292850706115,0.33479662422428075,0.13744920169778704,51.2
HIGH,0.6166968835961786,0.42660494178145036,0.720911825460434,0.6171887834608969,0.5423447572728326,0.8404870566955502,0.9496153925596791,0.8712864836350516,0.48230262216366293,18,5,5,0,0.42660494178145036,0.720911825460434,0.5423447572728326,82.25
HIGH,0.7742713407741989,0.7989217883788221,0.825386418704971,0.6924797863098564,0.6397515847415612,0.8464106141040992,0.8996295459201441,0.8669740343041729,0.6661903984558912,19,9,8,1,0.7989217883788221,0.825386418704971,0.6397515847415612,91.92
LOW,0.26067328653834715,0.2768810741989124,0.3176211940833738,0.21861692690470969,0.33387025556044825,0.03419272771876791,0.0,0.1034402720811447,0.06752336651269483,2,7,0,7,0.2768810741989124,0.3176211940833738,0.33387025556044825,0.0
MEDIUM,0.2877473474014685,0.21164590554130083,0.2040926563910791,0.3036271967155753,0.30287755378751074,0.5463799600864601,0.6289010358161771,0.6444688584347974,0.20072783454897136,12,9,6,3,0.21164590554130083,0.2040926563910791,0.30287755378751074,47.0
MEDIUM,0.2469275618081569,0.4062082468883432,0.23530804195869556,0.1183973612319506,0.10356454177426608,0.39233499817585893,0.5653457848099087,0.21138479051047096,0.05425284593909751,8,8,5,3,0.4062082468883432,0.23530804195869556,0.10356454177426608,38.25
MEDIUM,0.4491761487505866,0.3637051599079184,0.6300985128723097,0.49026647504917326,0.3341027484681841,0.4341541129319504,0.6434685124794653,0.0,0.24036502722135578,10,12,8,4,0.3637051599079184,0.6300985128723097,0.3341027484681841,33.56
MEDIUM,0.6257409675155219,0.6061702235235856,0.5255941434165171,0.8320461773196406,0.3005163332608891,0.4007255812833768,0.5353929655806259,0.18164113934701617,0.21580787032799048,6,6,3,3,0.6061702235235856,0.5255941434165171,0.3005163332608891,56.6
MEDIUM,0.6012969099065331,0.6883687552427712,0.6420216493471854,0.6113905481121555,0.4485717561169267,0.5357306819017837,0.763511864541521,0.0008430531041307116,0.38727476278022555,10,7,5,2,0.6883687552427712,0.6420216493471854,0.4485717561169267,52.05
LOW,0.045151466493900144,0.0,0.03610643926161399,0.15999386859453013,0.08523446866275541,0.20894849493641518,0.2634937355265901,0.18601938135090226,0.0682418867514033,3,9,2,7,0.0,0.03610643926161399,0.08523446866275541,2.5
HIGH,0.6454472290432626,0.6401631854380906,0.6250825811047779,0.5888340305225643,0.4377528893635464,0.7534771544871578,0.9124212870316261,0.43002714209133314,0.6000947692495776,15,7,6,1,0.6401631854380906,0.6250825811047779,0.4377528893635464,71.44
HIGH,0.862583492142126,0.9466231244089538,0.9390727489836503,0.7786323903594257,0.6563083614896338,0.7812179468897501,1.0,0.46036425757172134,0.4457254768770289,15,9,9,0,0.9466231244089538,0.9390727489836503,0.6563083614896338,83.29
MEDIUM,0.5396981153748973,0.48430373467231713,0.5169298429887578,0.47983217627730335,0.49264003083331476,0.2916281548495819,0.42109195621989065,0.0684799888701385,0.1263849167180991,9,9,4,5,0.48430373467231713,0.5169298429887578,0.49264003083331476,38.18
MEDIUM,0.4222545427090561,0.616438495320215,0.3980692135099372,0.37718185207407706,0.2934772078486325,0.5134785491225863,0.6294926160323382,0.4526466442005422,0.22626825331537465,9,7,4,3,0.616438495320215,0.3980692135099372,0.2934772078486325,44.57
HIGH,0.8807951518633476,0.8482411827252919,0.8527756980332151,0.8552682235607378,0.6085056062700808,0.8096052814961296,0.9347807815621825,0.5569616392683203,0.6867224235257805,17,9,8,1,0.8482411827252919,0.8527756980332151,0.6085056062700808,85.14
LOW,0.18379578122586437,0.08437568119754357,0.2654809430894309,0.12568950535280732,0.2155071244414325,0.05118624738696143,0.0,0.06313374887592337,0.19279748805888378,2,8,0,8,0.08437568119754357,0.2654809430894309,0.2155071244414325,0.0
MEDIUM,0.45045027203887283,0.4699169972443672,0.6135926643714077,0.554817442979351,0.3945145249402385,0.4847399901292564,0.6706928711357503,0.16816882760597526,0.24345250963305579,4,5,3,2,0.4699169972443672,0.6135926643714077,0.3945145249402385,42.17
LOW,0.0774991302687203,0.07436551534175885,0.06517676961860605,0.0,0.20680807764114853,0.06698064575707649,0.04105691580294243,0.2117324813765552,0.0,1,8,0,8,0.07436551534175885,0.06517676961860605,0.20680807764114853,0.0
LOW,0.1653032387936647,0.07693933502817743,0.2043141081827252,0.13684348551095832,0.13078358390804737,0.06425205047337214,0.09026545323939132,0.013478356793728052,0.03698553585495866,2,10,1,9,0.07693933502817743,0.2043141081827252,0.13078358390804737,0.0
MEDIUM,0.45953754248024287,0.505425766323549,0.42099344383011295,0.4533318216130356,0.3638441431485061,0.4050017893250548,0.3985970462761576,0.527244572412173,0.3019732353846281,6,6,2,4,0.505425766323549,0.42099344383011295,0.3638441431485061,33.45
MEDIUM,0.5405527946350897,0.5176126416339799,0.5647965197456585,0.47266310532192934,0.376087358634057,0.559201963485863,0.7473303918390377,0.3203743415835819,0.23364430032861977,9,6,4,2,0.5176126416339799,0.5647965197456585,0.376087358634057,64.91
MEDIUM,0.4440098776435143,0.3069001251956901,0.4111761008162005,0.46503142676053216,0.15276940634116506,0.4347352333775829,0.48327856798008473,0.4081038919866882,0.315736570960972,7,9,4,5,0.3069001251956901,0.4111761008162005,0.15276940634116506,36.34
LOW,0.2714029348654834,0.08655082769155986,0.24823418459411314,0.27931310245208024,0.3249252594621647,0.17602294547761724,0.21041564464715065,0.11882857516800481,0.13003921827862933,4,11,2,9,0.08655082769155986,0.24823418459411314,0.3249252594621647,3.59
LOW,0.26641952602101027,0.28427608556066064,0.24591212849245336,0.2195319690944781,0.20457693871846894,0.16695799759891958,0.2251667872081286,0.1479829808050141,0.011306645565197972,2,4,1,3,0.28427608556066064,0.24591212849245336,0.20457693871846894,14.04
LOW,0.35697363493845957,0.17561347706172784,0.3945500117228707,0.4295334920985928,0.3486280078658971,0.23489329485603833,0.23326784207704154,0.23199096957537235,0.24267197847369462,4,7,2,5,0.17561347706172784,0.3945500117228707,0.3486280078658971,26.58
LOW,0.17550920932890776,0.12544348350656362,0.21238744743191165,0.023661269062135143,0.26651914447665487,0.1902321760632492,0.26405558772208176,0.15899411715000056,0.0,5,6,2,4,0.12544348350656362,0.21238744743191165,0.26651914447665487,8.46
MEDIUM,0.47659465894532194,0.5309273072562734,0.5191140493537851,0.4645622417768303,0.4471726206180634,0.42166290600803735,0.4446982021194989,0.45801780646576556,0.31620211721592467,9,8,4,4,0.5309273072562734,0.5191140493537851,0.4471726206180634,33.4
MEDIUM,0.41487350419723407,0.47351909714741913,0.3719946788977177,0.5403367839844182,0.23234460108858884,0.5853166369059154,0.6880121171565414,0.5426433732192393,0.3199034598407135,11,8,6,2,0.47351909714741913,0.3719946788977177,0.23234460108858884,49.39
LOW,0.19548644013322575,0.2901331742124836,0.15911925663333334,0.16396128325721487,0.0,0.23303169296229764,0.27722334364587914,0.15532188219439344,0.17816655167945739,6,10,3,7,0.2901331742124836,0.15911925663333334,0.0,16.71
HIGH,0.7764093316018142,0.6290523946303057,0.6884260746612624,0.6753538096314767,0.6705038332165502,0.7176632283896383,0.8373632354086227,0.5254275637315395,0.5507988719907834,15,6,5,1,0.6290523946303057,0.6884260746612624,0.6705038332165502,62.1
LOW,0.2198816188020387,0.12055072018066917,0.3238106670930012,0.22358397389273008,0.2671241464175904,0.16958640898330682,0.24294999810237147,0.0988070230057655,0.02027502760365411,4,10,2,8,0.12055072018066917,0.3238106670930012,0.2671241464175904,22.49
MEDIUM,0.40231164284573784,0.42546536867382306,0.4360826810343532,0.49534830654449774,0.4138051460279673,0.35230925315971734,0.5257037052609377,0.10689578430515591,0.07753936571061766,6,6,3,3,0.42546536867382306,0.4360826810343532,0.4138051460279673,47.52
MEDIUM,0.5652192064985914,0.6636511164035495,0.5086277876479637,0.4439939447344643,0.29500058991287254,0.22016539141412844,0.24477721486093013,0.12720894965290178,0.23928636283495003,6,8,2,6,0.6636511164035495,0.5086277876479637,0.29500058991287254,22.97
MEDIUM,0.3695472378714578,0.3703508139227036,0.2807486585024082,0.4566406228350084,0.26076652905360626,0.4766326960614369,0.651823752395109,0.1067613225760475,0.32093090054581,7,9,6,3,0.3703508139227036,0.2807486585024082,0.26076652905360626,49.66
LOW,0.22109002154568308,0.36410625499207877,0.29748226253253757,0.10189498798534231,0.13695950482391775,0.22671336629443342,0.34801157080792583,0.01832249841733228,0.07120962063105736,4,7,2,5,0.36410625499207877,0.29748226253253757,0.13695950482391775,3.54
LOW,0.1377200821093806,0.13681312173218887,0.1197303791421111,0.1857014293739396,0.09430004206069659,0.2707746979300269,0.37285213307475357,0.1989429062214415,0.03637418420443213,6,11,4,7,0.13681312173218887,0.1197303791421111,0.09430004206069659,13.43
HIGH,0.5958851384945328,0.48553007673411847,0.5978804558422544,0.5473809915308365,0.6244914541035049,0.7495295461845257,0.8388541748628149,0.6580494695792867,0.5730357367548976,16,10,8,2,0.48553007673411847,0.5978804558422544,0.6244914541035049,59.24
HIGH,0.7080518884141339,0.7728312902248177,0.7765876673745076,0.7904525744753883,0.45784997505539077,0.6451231965969948,0.848085187490432,0.25074859281052564,0.43061182770315226,14,8,7,1,0.7728312902248177,0.7765876673745076,0.45784997505539077,60.61
MEDIUM,0.6111530452034067,0.6066717780701523,0.5205274779347601,0.712947022316508,0.35039538675634263,0.5850932337546295,0.7719057584347216,0.2973732805593147,0.3123756129096679,10,11,8,3,0.6066717780701523,0.5205274779347601,0.35039538675634263,54.24
LOW,0.18600320966547787,0.3973687921015502,0.11495830390584645,0.08166341009302178,0.03661875685233809,0.17524090112161347,0.22785596552168144,0.14920357635327086,0.04343303268975209,6,8,2,6,0.3973687921015502,0.11495830390584645,0.03661875685233809,9.01
LOW,0.3888988213623617,0.33305676417445435,0.3278261238761812,0.3513242533345621,0.21943812319284633,0.046230943695940996,0.0,0.11379941429960422,0.11735530418010073,2,8,0,8,0.33305676417445435,0.3278261238761812,0.21943812319284633,11.34
LOW,0.228863994711673,0.27354496101021186,0.1010958775356266,0.3459132765011765,0.036625166007685506,0.09064114238734135,0.0634114258293311,0.12019553118604939,0.14277590326266407,4,10,1,9,0.27354496101021186,0.1010958775356266,0.036625166007685506,1.92
HIGH,0.6683329626653588,0.682273685619331,0.6738094954338404,0.6279402738992705,0.4331112822494553,0.7314407733396123,0.7518236539757718,0.816026003932116,0.5857069008386302,15,3,2,1,0.682273685619331,0.6738094954338404,0.4331112822494553,71.24
MEDIUM,0.32694897847616344,0.27189120497635144,0.25242695175790714,0.26317393844118186,0.39892770656895993,0.580259478984266,0.605668899157404,0.7572020635746943,0.3270886338744241,11,9,5,4,0.27189120497635144,0.25242695175790714,0.39892770656895993,37.9
MEDIUM,0.5244110934431699,0.520452406982995,0.5525172927817389,0.5496533236078949,0.33680199815819634,0.42270336735069386,0.48914634033633725,0.21620137306101195,0.4298764426834459,8,7,3,4,0.520452406982995,0.5525172927817389,0.33680199815819634,35.17
HIGH,0.5011912339977681,0.5254288216455085,0.40079839402114,0.5324473539552089,0.336179208663017,0.7279246219376936,0.7817311113220401,0.7175279573633397,0.5769018183590078,16,8,6,2,0.5254288216455085,0.40079839402114,0.336179208663017,64.53
MEDIUM,0.4122807757760717,0.493323332287794,0.409284754129257,0.5159395457375167,0.2650823761972037,0.3553121886328813,0.45005136752870767,0.13046469908417377,0.29594214149410975,10,6,3,3,0.493323332287794,0.409284754129257,0.2650823761972037,32.51
HIGH,0.7581083109023715,0.8529716670630726,0.8165919407550997,0.8428030850181358,0.5226542076379441,0.8873924424867287,0.8947099889229064,1.0,0.7528322456649246,22,9,8,1,0.8529716670630726,0.8165919407550997,0.5226542076379441,94.35
HIGH,0.6960347890037979,0.8157767321249749,0.7536619232700865,0.6909476161583875,0.6381001323257401,0.8369384318107331,0.9295441526342979,0.801115927658129,0.5949437734926425,20,9,8,1,0.8157767321249749,0.7536619232700865,0.6381001323257401,91.65
MEDIUM,0.3958690657181239,0.4243099525939982,0.49754977920191307,0.38534431355709525,0.14621872938152486,0.33364220500703945,0.41370277108028813,0.18208419223614866,0.24501851955818443,9,7,3,4,0.4243099525939982,0.49754977920191307,0.14621872938152486,24.59
LOW,0.08697066514270302,0.058704842935626694,0.09531285345242625,0.15182359316635058,0.1752421421205034,0.12110952515055864,0.1354019249706441,0.19934185084086092,0.0,2,10,1,9,0.058704842935626694,0.09531285345242625,0.1752421421205034,4.32
MEDIUM,0.556467640729048,0.4253334078851163,0.5206890477677575,0.613822290427934,0.45835683992357,0.44358697995236385,0.5913896788117823,0.0,0.4437658633264725,10,11,7,4,0.4253334078851163,0.5206890477677575,0.45835683992357,39.33
HIGH,0.8460442803424746,0.8660886150334021,0.830750308717487,0.876565889421105,0.591120008442041,0.7219255582944499,0.900019958055679,0.2968281257833586,0.6127397915218543,19,10,9,1,0.8660886150334021,0.830750308717487,0.591120008442041,87.79
MEDIUM,0.46748114318112033,0.5627933589556462,0.5368694866340626,0.5863896434428988,0.259965155668674,0.36295844681419587,0.4481566058873283,0.28348633502576304,0.18683608138323163,8,5,2,3,0.5627933589556462,0.5368694866340626,0.259965155668674,44.31
MEDIUM,0.49244942915806006,0.37535249352239286,0.454045230344337,0.4689719536471373,0.3495652047110845,0.2810341981626449,0.33103554730945006,0.16444176313518666,0.24762258574968776,8,10,3,7,0.37535249352239286,0.454045230344337,0.3495652047110845,33.58
HIGH,0.700098889337504,0.7400249627340745,0.685922023976564,0.6501208506495524,0.3410906802046194,0.8150036453074002,0.8521666260290336,0.8172374513264757,0.7012808971234247,13,6,5,1,0.7400249627340745,0.685922023976564,0.3410906802046194,87.65
HIGH,0.5652953178544521,0.31643216454047685,0.48822246657091295,0.5282596484925289,0.28054163061110127,0.7810064392322474,0.9553525093140088,0.4874864348409493,0.5514882333782615,21,13,12,1,0.31643216454047685,0.48822246657091295,0.28054163061110127,73.25
MEDIUM,0.5302817367405581,0.5738885401208916,0.44999737851118676,0.49738950260174464,0.304464321189087,0.5224456980075294,0.5076035290711541,0.7153242002806747,0.3740937025435098,13,8,4,4,0.5738885401208916,0.44999737851118676,0.304464321189087,45.36
MEDIUM,0.5058598780671207,0.3748158489450736,0.6389770539159983,0.4933479628991246,0.1284992402519185,0.3231394683494077,0.31005606814936765,0.5755370842498269,0.1099920530491089,9,11,3,8,0.3748158489450736,0.6389770539159983,0.1284992402519185,37.08
LOW,0.25233648559222965,0.2776618618143587,0.24925407408817363,0.16710138701369773,0.21248837748551846,0.06178194704265891,0.0,0.19315013216956833,0.11575960304372622,1,9,0,9,0.2776618618143587,0.24925407408817363,0.21248837748551846,0.0
MEDIUM,0.530841388491671,0.4554165135420857,0.7346816888357269,0.5097763784102526,0.2699894214475712,0.37672141755234145,0.521972519361167,0.15981050798534915,0.15787902169285709,10,10,5,5,0.4554165135420857,0.7346816888357269,0.2699894214475712,38.44
LOW,0.24866719889876862,0.1632746332910508,0.30535868561557067,0.15853770103164333,0.12626317099871454,0.13376469160635784,0.19451382623856656,0.08528197931608962,0.0,3,6,1,5,0.1632746332910508,0.30535868561557067,0.12626317099871454,5.61
LOW,0.32974857664461676,0.24011769802029456,0.3345289564110176,0.456365975404741,0.21740221312959798,0.14351466821108094,0.1511624629616338,0.18602209602802175,0.0780638561424816,3,11,2,9,0.24011769802029456,0.3345289564110176,0.21740221312959798,10.46
LOW,0.2100543723481979,0.21872685691776303,0.057307854141198517,0.18178130614367966,0.23344180625941024,0.12187407975086546,0.10595480214391742,0.17006680656398068,0.12143918575859441,4,8,1,7,0.21872685691776303,0.057307854141198517,0.23344180625941024,4.28
HIGH,0.6788863615650578,0.6853283542049323,0.7402429670622399,0.5610819460205746,0.5620249799226696,0.8628345004400657,0.9054478454163063,0.7608069159602671,0.8370220499911429,15,7,6,1,0.6853283542049323,0.7402429670622399,0.5620249799226696,84.0
MEDIUM,0.554593119527071,0.511522980008493,0.48818456984286535,0.4319554512772883,0.25146583078115836,0.4674632226399202,0.4876056668052678,0.32668301281617657,0.5478160999676209,8,5,2,3,0.511522980008493,0.48818456984286535,0.25146583078115836,45.31
MEDIUM,0.38361169521881106,0.4664424621824703,0.46594692676325783,0.37456361232363045,0.4124393813718641,0.5830768457645081,0.6640163005577892,0.6285117927077292,0.294823534441444,12,10,7,3,0.4664424621824703,0.46594692676325783,0.4124393813718641,46.19
MEDIUM,0.3196953733939719,0.2848069227787404,0.1678548270807339,0.2520263236778485,0.12436320496187378,0.4246540368075945,0.44945639409569943,0.4099767558787224,0.36492424587215183,6,6,3,3,0.2848069227787404,0.1678548270807339,0.12436320496187378,44.59
LOW,0.3255916858580378,0.19388519630490486,0.4207442572492391,0.4738867943791848,0.05831925135976135,0.2372245690400971,0.3299240668204524,0.12252166150695458,0.07382898323217366,5,8,3,5,0.19388519630490486,0.4207442572492391,0.05831925135976135,25.35
HIGH,0.5493072681096823,0.4974134879357078,0.5567925097823396,0.67508476706364,0.11176593548397051,0.656699212163448,0.8511331675020963,0.3444218652825789,0.3856746930283724,16,10,9,1,0.4974134879357078,0.5567925097823396,0.11176593548397051,52.6
HIGH,0.9035859488460692,0.7590506531001651,0.9462209388837869,1.0,0.6275678962245115,0.8483101281602543,1.0,0.5180378362077037,0.7235128045935679,19,10,10,0,0.7590506531001651,0.9462209388837869,0.6275678962245115,83.13
HIGH,0.46558129122828146,0.5131132853493229,0.5035253319623122,0.47191868738457904,0.3136355192036837,0.8386004429448078,1.0,0.7095596335885869,0.4834425811354527,22,8,8,0,0.5131132853493229,0.5035253319623122,0.3136355192036837,77.74
MEDIUM,0.44466330678352134,0.481733605513576,0.4109764238851598,0.4038997440003982,0.31013211770146,0.6185284782178684,0.7778635172772924,0.5081953026327732,0.25085653662469104,14,10,8,2,0.481733605513576,0.4109764238851598,0.31013211770146,58.18
HIGH,0.48897430245289925,0.24517942287334468,0.5071040161175733,0.42074540102594044,0.17835575273959225,0.7861170701675142,0.8342392542266032,0.8349285057389189,0.5929390824188431,20,10,8,2,0.24517942287334468,0.5071040161175733,0.17835575273959225,61.18
HIGH,0.7585739665321714,0.749175301417477,0.7632811816184615,0.8219712350669331,0.4560568450013576,0.8548763304260091,0.987030637198566,0.7630187929296753,0.5502709476046719,19,11,11,0,0.749175301417477,0.7632811816184615,0.4560568450013576,85.12
MEDIUM,0.49297092556891975,0.5875639707769873,0.4143291704467652,0.7574107709479325,0.2788040182293981,0.49367672097230797,0.6041025209112426,0.35053726050185063,0.3055387816259613,11,6,4,2,0.5875639707769873,0.4143291704467652,0.2788040182293981,44.99
LOW,0.08780025677725507,0.20342550632144868,0.18783787180205047,0.0,0.14283313957613628,0.020131418016317452,0.0,0.0972772148519874,0.0033798752295998505,3,10,0,10,0.20342550632144868,0.18783787180205047,0.14283313957613628,1.3
LOW,0.18086710603581263,0.06092744291760448,0.09842833812409045,0.25674978082381195,0.16333347060549358,0.17275439485966343,0.2125201994272678,0.22621137601651387,0.0,3,9,2,7,0.06092744291760448,0.09842833812409045,0.16333347060549358,17.84
HIGH,0.79645013606985,0.7403183949677675,0.9710179940915475,0.9563347673553337,0.6005529972995959,0.7938935409719876,0.994020937047548,0.5896226415884273,0.3977822521288668,18,10,10,0,0.7403183949677675,0.9710179940915475,0.6005529972995959,94.33
LOW,0.22352226505378192,0.237865935670051,0.30266534373775167,0.2454873869014884,0.11601941280772535,0.07599649846682277,0.018259133120808634,0.19588997294172603,0.1293151200299619,2,14,0,14,0.237865935670051,0.30266534373775167,0.11601941280772535,6.09
MEDIUM,0.5280907629618005,0.45074044885022735,0.5219135427395355,0.594303516472072,0.33638719123131783,0.5446305312810285,0.6685283115679338,0.36934319359474926,0.3482245281065913,12,10,7,3,0.45074044885022735,0.5219135427395355,0.33638719123131783,45.73
LOW,0.11744448189123924,0.0,0.10890995171743355,0.13336693461519733,0.18428727160473224,0.09778962895281254,0.06328274524928139,0.10885260245218455,0.19024730656403402,3,7,0,7,0.0,0.10890995171743355,0.18428727160473224,9.67
LOW,0.22726543210314165,0.32029662234545525,0.19920840486176156,0.33820622980084464,0.22250798095175783,0.32868363162273584,0.4123228598135428,0.15824648248852188,0.24820309618452926,5,9,4,5,0.32029662234545525,0.19920840486176156,0.22250798095175783,14.49
LOW,0.29986896373046634,0.2750208477535243,0.4442130289352195,0.2715515526994719,0.2561059737976885,0.1695005232441353,0.2521139900166423,0.0,0.09116064617074966,3,13,3,10,0.2750208477535243,0.4442130289352195,0.2561059737976885,16.52
MEDIUM,0.33807729898335326,0.22493428001488686,0.41336297688974966,0.26836629029302556,0.36340352385485725,0.4271742986357504,0.47030198058399025,0.3755998521905146,0.3493656992362666,7,5,2,3,0.22493428001488686,0.41336297688974966,0.36340352385485725,41.15
MEDIUM,0.33485959327201936,0.269497845474701,0.38762343026801604,0.44785095128933294,0.1751514646910002,0.3118427934906593,0.3647194516220626,0.28665437350302725,0.1784012390840813,6,9,3,6,0.269497845474701,0.38762343026801604,0.1751514646910002,28.86
MEDIUM,0.5704919929931265,0.3766273035133028,0.4298399361556237,0.6739058029515838,0.32739229699066763,0.3257339139989443,0.3300425872165148,0.30946031868949064,0.32908148965568657,9,8,3,5,0.3766273035133028,0.4298399361556237,0.32739229699066763,35.51
HIGH,0.8348370988177849,0.833702672688787,0.8313506786158146,0.8990620179752481,0.6396519399430948,0.7434957528321494,0.8277713405920966,0.6315772505829141,0.6025874918015434,15,7,6,1,0.833702672688787,0.8313506786158146,0.6396519399430948,70.68
HIGH,0.6625921358284933,0.6727749996528046,0.5749590008577067,0.7728219074245811,0.3591444776403076,0.8927803176944052,0.9730024445828872,0.7337340076764783,0.8111602470468863,16,9,9,0,0.6727749996528046,0.5749590008577067,0.3591444776403076,90.26
MEDIUM,0.23733452767094745,0.2884648402935395,0.3061597155174301,0.22030827326717697,0.0,0.44683564198627135,0.505606316426736,0.23378615708352105,0.4835731035676276,7,8,4,4,0.2884648402935395,0.3061597155174301,0.0,20.78
MEDIUM,0.45682418309977585,0.3936285889022043,0.4779458330482255,0.41224378842118364,0.06055094979932579,0.5478431643752771,0.6502034354948931,0.46463682025043973,0.32396869514126675,11,7,5,2,0.3936285889022043,0.4779458330482255,0.06055094979932579,56.82
MEDIUM,0.5531574977578767,0.43516968643685533,0.5666105060736479,0.5552180937609466,0.4874787472075558,0.3114360816765377,0.41216058558986096,0.1880379703802988,0.13266068123280683,8,7,3,4,0.43516968643685533,0.5666105060736479,0.4874787472075558,22.01
HIGH,0.7610790352966872,0.7528486840414816,0.767095477621125,0.640591100803914,0.5227507656943279,0.7784949485609386,0.9022948428613512,0.6172539989505418,0.568336215270097,15,7,6,1,0.7528486840414816,0.767095477621125,0.5227507656943279,76.69
LOW,0.0773341653920837,0.08996992541427673,0.2223899313658121,0.1654489676793075,0.10507038954383592,0.16100441861937514,0.22996905986793428,0.0872228751743835,0.0278920383186894,5,7,2,5,0.08996992541427673,0.2223899313658121,0.10507038954383592,5.32
HIGH,0.8219671865044563,0.8092906126741956,0.8373153053310295,0.6700414774542727,0.8009968080566663,0.7762542996568494,0.8668920871843419,0.7803385054024145,0.5002567313288069,17,7,6,1,0.8092906126741956,0.8373153053310295,0.8009968080566663,79.07
MEDIUM,0.5891628083531618,0.6328190129131915,0.515894419695938,0.6253156447944112,0.4948073655461109,0.4382653716737967,0.44604695759154117,0.432369591323914,0.4208163942704459,9,5,2,3,0.6328190129131915,0.515894419695938,0.4948073655461109,52.9
MEDIUM,0.516844230449159,0.48397375449449914,0.4932291113009907,0.6787157250522445,0.3263059104726142,0.5291682183224782,0.6379219202280525,0.3023238897737182,0.42975144115451513,11,10,6,4,0.48397375449449914,0.4932291113009907,0.3263059104726142,39.83
MEDIUM,0.24272877825107056,0.25077349284778855,0.24916047871184474,0.17743822255797195,0.0,0.501342100707026,0.5809428243969754,0.41652460154274246,0.3473574288014614,9,6,3,3,0.25077349284778855,0.24916047871184474,0.0,38.17
HIGH,0.6025179023109319,0.6945341592782385,0.7233168128807869,0.6118041983522848,0.46212993261983254,0.7649284090035899,0.9627114058039278,0.44485958954110505,0.4916482380650618,21,8,8,0,0.6945341592782385,0.7233168128807869,0.46212993261983254,67.76
HIGH,0.6806773617400501,0.6779224032309195,0.7781209099146427,0.8423933202793681,0.5187587323821103,0.7863883104808835,0.9931797589106208,0.46593847106690217,0.4864638046056528,13,5,5,0,0.6779224032309195,0.7781209099146427,0.5187587323821103,83.2
MEDIUM,0.6572523247473652,0.8216292075938453,0.6463319715213117,0.6028775719376831,0.5760802172627861,0.6083635183412796,0.7396335459637917,0.43824962635718273,0.38466732745784,11,9,7,2,0.8216292075938453,0.6463319715213117,0.5760802172627861,56.65
LOW,0.17990845547873527,0.20206396002639576,0.16941046929105189,0.04364727940826421,0.0,0.19612519012623209,0.28849164996428295,0.03372095316465675,0.08143004757365489,2,7,2,5,0.20206396002639576,0.16941046929105189,0.0,3.47
LOW,0.17608496814878474,0.22686611182339594,0.2376117606008485,0.2014100998293659,0.20346382531178364,0.2014812316540037,0.20171710239434598,0.23638153884891355,0.16587331223806692,3,10,2,8,0.22686611182339594,0.2376117606008485,0.20346382531178364,10.94
LOW,0.34010229398831554,0.29023614894538874,0.30132613423895493,0.2307132488471582,0.23444444034243353,0.19088756023524478,0.16780973452841222,0.28226976663368303,0.16873883095730424,3,7,1,6,0.29023614894538874,0.30132613423895493,0.23444444034243353,2.55
HIGH,0.5668783452379313,0.5947674187513464,0.5552825831610692,0.5682644473218326,0.30192265081835845,0.7283620978969177,0.9121625915792263,0.3659187038319437,0.5394040109149663,16,10,9,1,0.5947674187513464,0.5552825831610692,0.30192265081835845,73.28
MEDIUM,0.2031498243704433,0.22933052321815658,0.2869113478314049,0.1840911064907532,0.356725719285267,0.30625702744857974,0.333490298388181,0.21400323831224768,0.31681100376610805,6,9,3,6,0.22933052321815658,0.2869113478314049,0.356725719285267,9.25
MEDIUM,0.4659888787165258,0.4384191969398678,0.5058940433870293,0.45508105072546684,0.31221799678191525,0.3891199224888784,0.5235134603272463,0.1857884493002566,0.18927078216239643,8,7,4,3,0.4384191969398678,0.5058940433870293,0.31221799678191525,31.8
MEDIUM,0.45221295089733543,0.3670057851969993,0.5815405646681646,0.45555633721428807,0.18303418273608008,0.6338388645578062,0.7857581370780192,0.6209736326238077,0.190946278931166,12,7,6,1,0.3670057851969993,0.5815405646681646,0.18303418273608008,46.78
MEDIUM,0.5514174486498417,0.6039685536982319,0.5540377526670079,0.6267901734728504,0.272457629919892,0.5768978754267419,0.8227422387869525,0.19558357867366333,0.22067908209918885,9,7,6,1,0.6039685536982319,0.5540377526670079,0.272457629919892,56.49
LOW,0.2129639984635915,0.14746822731629225,0.2262923469452047,0.12572981495257007,0.22232227092310014,0.2013341538042368,0.2864084099244458,0.0994213089560636,0.04802423029178305,4,9,3,6,0.14746822731629225,0.2262923469452047,0.22232227092310014,11.55
MEDIUM,0.7655890120397115,0.6674248107609304,0.5522042155014932,0.7145825765912521,0.36435914651343904,0.3209852811082067,0.44099577085766,0.09047917247216632,0.19145992049588734,9,6,3,3,0.6674248107609304,0.5522042155014932,0.36435914651343904,51.91
HIGH,0.7040481484170396,0.778335342254177,0.6798765401420575,0.8316123108604256,0.5399305217702007,0.7679849317717568,0.8376143103226765,0.7738299203817334,0.5532518075090207,18,8,7,1,0.778335342254177,0.6798765401420575,0.5399305217702007,79.88
MEDIUM,0.4078871462727296,0.4625008034405347,0.42774532747457383,0.3177766671206266,0.04874476534002248,0.641937306246549,0.8051390000193731,0.31258359012474113,0.4816859410498849,11,10,8,2,0.4625008034405347,0.42774532747457383,0.04874476534002248,38.62
LOW,0.19627576334977814,0.23232856507598637,0.10740547481810811,0.21051628999399327,0.15515722510282684,0.23193663803943723,0.3183143799513954,0.06931929864023521,0.13542075170276469,5,9,3,6,0.23232856507598637,0.10740547481810811,0.15515722510282684,6.77
LOW,0.17631369894770565,0.15783640221836437,0.0837121898371356,0.055668842176680625,0.06594949374755141,0.1336373966167233,0.1862147314506104,0.10954278873178529,0.0,4,4,1,3,0.15783640221836437,0.0837121898371356,0.06594949374755141,14.96
MEDIUM,0.2900092044401518,0.28965691102687013,0.2599555259607731,0.24052663235111482,0.05682302607455994,0.45232956290816134,0.41972693030023805,0.744403493604455,0.2580635300356374,11,10,4,6,0.28965691102687013,0.2599555259607731,0.05682302607455994,28.32
LOW,0.3345631994269975,0.36440895112548616,0.2713944710094263,0.3030343981127804,0.34178494072680204,0.05481166801214005,0.0,0.1310502220215464,0.14300811803915384,2,7,0,7,0.36440895112548616,0.2713944710094263,0.34178494072680204,10.75
LOW,0.2841935203091279,0.3079807299124459,0.27195562639583926,0.2925877913909045,0.2696547045045231,0.35192863311902106,0.47793397540765975,0.16099464026719515,0.16484659910493085,8,8,4,4,0.3079807299124459,0.27195562639583926,0.2696547045045231,13.96
MEDIUM,0.4683639275583109,0.5211753023468685,0.2623946794373552,0.4680890773301168,0.3098057734269871,0.500726334101912,0.6616237282764984,0.4357471082641055,0.0830133774159595,8,6,4,2,0.5211753023468685,0.2623946794373552,0.3098057734269871,55.62
MEDIUM,0.3755130381574088,0.38707681703487234,0.2908725123360805,0.5394841342065304,0.32029486677589025,0.6102182058924981,0.667926546466414,0.6253622068770802,0.421949183186168,12,8,5,3,0.38707681703487234,0.2908725123360805,0.32029486677589025,59.5
MEDIUM,0.36011786585875843,0.5174484639309287,0.28524363509985334,0.22134145985448964,0.35136014199481236,0.4552047522772248,0.4403130414035983,0.4370193368326682,0.5180653003426606,8,5,2,3,0.5174484639309287,0.28524363509985334,0.35136014199481236,49.66
HIGH,0.682017912655402,0.8731682761480104,0.6743925172685732,0.7137678749376846,0.6423479884497961,0.8583612875118658,0.9784690857109285,0.9143439200444954,0.44205526038204845,21,10,10,0,0.8731682761480104,0.6743925172685732,0.6423479884497961,81.39
LOW,0.21902462881568993,0.36847170901754644,0.2495282852659461,0.15656024526496087,0.05217447898426335,0.12514168879925797,0.19431230590504606,0.0,0.042771526281151766,3,8,2,6,0.36847170901754644,0.2495282852659461,0.05217447898426335,11.23
MEDIUM,0.15360225064356597,0.018740417897043588,0.15217679980347065,0.10665798904302543,0.0,0.6680083726300585,0.8437676993634039,0.5157500242772709,0.29298874078280945,12,8,7,1,0.018740417897043588,0.15217679980347065,0.0,38.12
LOW,0.2851330081108932,0.12694630546513228,0.30324760828015357,0.3120795861570982,0.16741998279203096,0.3447378702626915,0.451671840635772,0.2988744666259444,0.0697993627801971,7,8,4,4,0.12694630546513228,0.30324760828015357,0.16741998279203096,19.8
LOW,0.25068571116919247,0.40760102610723736,0.37469226236081754,0.31381987076175016,0.0,0.08719324129676592,0.0,0.206416330649524,0.22954987583430564,2,9,0,9,0.40760102610723736,0.37469226236081754,0.0,13.64
HIGH,0.8137445280733361,0.6652189994924113,0.8412117210358734,0.9557102198440048,0.6223660126979718,0.8295164664731367,0.9758595785298128,0.6572745821010659,0.5627290146751789,20,11,11,0,0.6652189994924113,0.8412117210358734,0.6223660126979718,83.84
HIGH,0.7023446402469612,0.5735375273401819,0.7608293546773351,0.6892048893611857,0.5770101741839637,0.7446710432409631,0.7304744058778166,0.8215046052969898,0.7104273932743755,18,9,7,2,0.5735375273401819,0.7608293546773351,0.5770101741839637,78.24
MEDIUM,0.5127511881412099,0.5605624826195558,0.6453065380745133,0.5736437469929522,0.27889991842679696,0.5698477117845695,0.7399962852861388,0.32525574203209756,0.3039939610323337,13,8,6,2,0.5605624826195558,0.6453065380745133,0.27889991842679696,65.87
LOW,0.37312621101124854,0.38629327603289476,0.4852996465090865,0.38900085673397816,0.21194598206213663,0.2761564916528973,0.4306518881320104,0.04121152012196049,0.04761527374649498,4,5,2,3,0.38629327603289476,0.4852996465090865,0.21194598206213663,41.74
LOW,0.10161268639619639,0.10107038353740246,0.07740313831554801,0.01917519862947635,0.022239724158728567,0.1889773324801336,0.2606882781556444,0.03948311728164762,0.1233387106520872,4,4,1,3,0.10107038353740246,0.07740313831554801,0.022239724158728567,12.56
LOW,0.2188685021436643,0.2510683515479445,0.12830975066552297,0.15802378340872747,0.07942261009638286,0.19528020372296498,0.20304169112489306,0.2326155580504362,0.13466038718970952,3,6,1,5,0.2510683515479445,0.12830975066552297,0.07942261009638286,10.63
MEDIUM,0.4481500169016351,0.5092469706088014,0.39055590342304014,0.4204787366083544,0.4119170921204259,0.58783151536898,0.6203444160034,0.6058223627231032,0.4723019661115969,11,5,3,2,0.5092469706088014,0.39055590342304014,0.4119170921204259,50.28
LOW,0.12108066159011736,0.09701919365229088,0.09751900677650044,0.07252956653163507,0.08339232360123501,0.3343533569251672,0.49359754374671716,0.0,0.19097415338568463,5,8,4,4,0.09701919365229088,0.09751900677650044,0.08339232360123501,1.57
LOW,0.055903250267402,0.12213476262110365,0.19520971978690238,0.0,0.15596833368292154,0.122554564582633,0.20305272376965613,0.0,0.0036146516041966094,3,8,2,6,0.12213476262110365,0.19520971978690238,0.15596833368292154,0.0
HIGH,0.7823555960348122,0.8622416375883566,0.7493287186535503,0.8174330983193382,0.654892455870798,0.8592995343908711,0.9681964783374937,0.8282874430658246,0.5636207938760504,20,8,8,0,0.8622416375883566,0.7493287186535503,0.654892455870798,84.75
HIGH,0.5469595443231909,0.5066147193696653,0.5440601189878032,0.5845339042381126,0.4486245325264535,0.8258784241562841,1.0,0.6655504227609755,0.46384169802044495,17,8,8,0,0.5066147193696653,0.5440601189878032,0.4486245325264535,80.04
MEDIUM,0.4289484334650838,0.5587613949470853,0.4433366039398576,0.3447138098044912,0.2662854417212871,0.29622145435103786,0.21505250836963552,0.33822798333345117,0.4977217633128316,3,6,1,5,0.5587613949470853,0.4433366039398576,0.2662854417212871,20.47
LOW,0.37046375841968643,0.40632073046871764,0.2675909807308369,0.3686857686095496,0.43826717910282015,0.1442735532317633,0.16269191577378267,0.11404725051754364,0.11924476831992492,4,5,1,4,0.40632073046871764,0.2675909807308369,0.43826717910282015,19.79
LOW,0.06693483816311017,0.0,0.12680277786382016,0.00684587254931944,0.08698949663973705,0.15627060226892345,0.1781870005599147,0.10711717529831408,0.13967483436655903,4,9,2,7,0.0,0.12680277786382016,0.08698949663973705,3.52
HIGH,0.6790333028705205,0.6445344704620183,0.8294687283128109,0.6436169115215117,0.6120228114454016,0.822330979078396,0.8451896682665387,0.812034902994927,0.7640509875974373,16,7,6,1,0.6445344704620183,0.8294687283128109,0.6120228114454016,73.56
HIGH,0.7321871338425294,0.7289873586720989,0.6985883690744172,0.8885504824673272,0.49248711114452126,0.803770039788372,0.8503918898288383,0.816102233516111,0.6515722959392343,24,11,9,2,0.7289873586720989,0.6985883690744172,0.49248711114452126,85.29
MEDIUM,0.2217315519552985,0.14670343848745415,0.23841649342193025,0.12725620422976605,0.0,0.4910794062073226,0.5598741842427309,0.5053518438151227,0.2704226344932976,13,10,6,4,0.14670343848745415,0.23841649342193025,0.0,35.4
LOW,0.46140266406690955,0.5199363533872596,0.42461464887420797,0.46634953498863496,0.4803073233595635,0.121922240193102,0.09281300536489169,0.244766109664263,0.08640607520657195,2,8,1,7,0.5199363533872596,0.42461464887420797,0.4803073233595635,10.17
MEDIUM,0.6063614033202657,0.5502045584974609,0.7353630961219099,0.5605315328190517,0.31763026668607336,0.5145043238805522,0.588045557287161,0.4858143975588172,0.32257054998246104,14,8,5,3,0.5502045584974609,0.7353630961219099,0.31763026668607336,57.34
LOW,0.04503602965554137,0.0,0.1469268848099684,0.010981787808007126,0.0,0.2808395836818437,0.3262255286083408,0.30541477947773127,0.12010655310646488,6,8,3,5,0.0,0.1469268848099684,0.0,5.89
LOW,0.16495107693036348,0.23780932317070985,0.15789742952497204,0.2736960699391108,0.10383803785181,0.15947620152828484,0.1559565018868879,0.22778750041065374,0.10172400157010675,3,8,1,7,0.23780932317070985,0.15789742952497204,0.10383803785181,15.61
HIGH,0.8249483988923516,0.8061784467196359,0.9121007114706461,0.8439631858061876,0.6657214454226953,0.7904612207522594,0.9773316989343971,0.4616760941920183,0.5586349127660876,21,10,10,0,0.8061784467196359,0.9121007114706461,0.6657214454226953,93.57
MEDIUM,0.6348251449355329,0.5822486193662887,0.515243931360251,0.6126162734273507,0.5639618298895186,0.262154818374563,0.3870689243312373,0.05602839742444919,0.09353892145465388,3,9,3,6,0.5822486193662887,0.515243931360251,0.5639618298895186,36.72
LOW,0.12294018163521253,0.0430423956012954,0.13944344888936816,0.06260755649541049,0.08556084617524883,0.21610361111985776,0.24816876641278576,0.16126612341642418,0.17474563294450732,3,8,2,6,0.0430423956012954,0.13944344888936816,0.08556084617524883,10.31
MEDIUM,0.4282128923325506,0.4051806420593878,0.6262270831616725,0.3247687988682722,0.3491164618270741,0.5364478184799487,0.7069047169574725,0.2817469517554255,0.2797779897719007,10,7,5,2,0.4051806420593878,0.6262270831616725,0.3491164618270741,55.03
LOW,0.5110592139063038,0.47484020650287884,0.6212604271595565,0.5545732028961214,0.3685887618487501,0.25269765412921236,0.37649133132291174,0.0,0.13401427667732677,4,7,3,4,0.47484020650287884,0.6212604271595565,0.3685887618487501,23.95
HIGH,0.5347419816976653,0.5658447205396944,0.5294723910246458,0.5106946765803168,0.45023685599634217,0.8642415816439386,0.9361547857560423,0.5966327090842782,0.9161108418672878,24,10,9,1,0.5658447205396944,0.5294723910246458,0.45023685599634217,72.87
LOW,0.07617307378293353,0.04973480860169682,0.029456331812289543,0.31581349351548044,0.0,0.13168913907393545,0.17191594198298932,0.0,0.1426978694207093,3,6,1,5,0.04973480860169682,0.029456331812289543,0.0,0.0
HIGH,0.5154200099579482,0.4761789734178096,0.4924429819032451,0.4674974928120664,0.3107723803915007,0.9047594497665823,0.9776934615485883,1.0,0.5907168641871465,18,6,6,0,0.4761789734178096,0.4924429819032451,0.3107723803915007,78.24
HIGH,0.7287861226839758,0.6025625268350203,0.816620961701927,0.806133365848048,0.6596531562355703,0.7388151476336912,0.8586847279335346,0.7101947553830226,0.40782679898482976,18,8,7,1,0.6025625268350203,0.816620961701927,0.6596531562355703,76.73
MEDIUM,0.47016001129581997,0.4341730947597988,0.5819577237815186,0.45140458976774395,0.34239688037487626,0.33730090144879193,0.3299645126151806,0.453838214407561,0.24277275499085685,6,10,3,7,0.4341730947597988,0.5819577237815186,0.34239688037487626,33.31
LOW,0.2615868098380665,0.2476025985763295,0.29353509056986554,0.2135738082675955,0.08818085701440992,0.14178114623761928,0.14785962623723617,0.11920119922352124,0.1461256532528666,2,9,1,8,0.2476025985763295,0.29353509056986554,0.08818085701440992,20.49
LOW,0.1377635491425398,0.17170116555585851,0.15824253146295353,0.1237368902515056,0.0671556194466328,0.24546768109852402,0.3181845474487806,0.27278476314627836,0.0,6,10,3,7,0.17170116555585851,0.15824253146295353,0.0671556194466328,12.85
MEDIUM,0.13142293293299037,0.19660608567334031,0.234022697871744,0.07633359368097842,0.0,0.5476411885453454,0.7959893224270493,0.0,0.35023797544557866,12,10,8,2,0.19660608567334031,0.234022697871744,0.0,38.91
HIGH,0.746272069188242,0.6895945815199501,0.6999565129006744,0.7491157303219996,0.36840606191666414,0.7171759616403399,0.9461632090609483,0.15385232517406147,0.5935378558447937,14,9,9,0,0.6895945815199501,0.6999565129006744,0.36840606191666414,69.57
MEDIUM,0.526761272249828,0.5544172014810426,0.4378386235386275,0.5352157597680645,0.39492856939597015,0.44403452006367616,0.5829355120245309,0.15268173661609302,0.31868432762869553,11,10,6,4,0.5544172014810426,0.4378386235386275,0.39492856939597015,40.46
MEDIUM,0.4701349354846539,0.40278220980900376,0.40303558784762217,0.48421710964004555,0.18534011778482265,0.4786859675859544,0.5033525690905424,0.44283473032597703,0.44053740033216776,9,5,3,2,0.40278220980900376,0.40303558784762217,0.18534011778482265,47.21
HIGH,0.7141565505586168,0.7116231907898828,0.8255332666011818,0.8136762878729193,0.714238504248074,0.7398386678512382,0.899154224045502,0.5678621081024396,0.4338685590172454,16,7,6,1,0.7116231907898828,0.8255332666011818,0.714238504248074,84.51
LOW,0.13355323177875153,0.08082723918232362,0.29007035530759406,0.06699379302338498,0.23513972890760954,0.15552572772892903,0.24854912578703092,0.026740106089619187,0.005241155193933323,3,7,2,5,0.08082723918232362,0.29007035530759406,0.23513972890760954,0.0
MEDIUM,0.4250567437679067,0.48109246044072884,0.4746336310989563,0.5548088062184608,0.2537426857561123,0.41596718155548434,0.5659123400918138,0.06972110129520047,0.3123777862067801,9,10,6,4,0.48109246044072884,0.4746336310989563,0.2537426857561123,45.42
HIGH,0.6459587596648677,0.6824199395053614,0.528887175451876,0.5820402844096381,0.3304702112368215,0.8072750271520505,0.9012888711326099,0.637895364330064,0.6946131580323589,15,8,7,1,0.6824199395053614,0.528887175451876,0.3304702112368215,88.01
LOW,0.20384655589128575,0.2212551552110089,0.2030235528377573,0.24385390632250015,0.15376161091196983,0.16393113192173153,0.25995919639531945,0.03977807042269942,0.0,2,8,2,6,0.2212551552110089,0.2030235528377573,0.15376161091196983,4.5
LOW,0.35579977955147607,0.44721626812990756,0.4323903052079817,0.3605958714870365,0.35060424307344296,0.209864754764737,0.24267427414859483,0.29474904481245395,0.02655190656544654,4,9,2,7,0.44721626812990756,0.4323903052079817,0.35060424307344296,23.13
LOW,0.07864571634918104,0.0,0.09881627643380525,0.10700772892808308,0.30009990091788086,0.17145179803123212,0.18904513826509386,0.17725397054754485,0.11286960481333422,4,9,2,7,0.0,0.09881627643380525,0.30009990091788086,9.98
LOW,0.0,0.03339224976632012,0.0,0.10493906638388953,0.0,0.13896215154018776,0.07541158366924183,0.37005200786264336,0.09852399883056978,5,8,1,7,0.03339224976632012,0.0,0.0,3.58
MEDIUM,0.2900431799948795,0.33293172253381814,0.26658829644227794,0.2163609017905147,0.20784151079662758,0.32692921885498044,0.2783136694312278,0.5345861974058467,0.26511888857537214,8,7,2,5,0.33293172253381814,0.26658829644227794,0.20784151079662758,21.13
LOW,0.0904286777202721,0.05985218242552251,0.0731041441212583,0.005215955823079238,0.07923141906771757,0.09630076130424343,0.11313520466528738,0.0,0.14209819252535505,2,11,1,10,0.05985218242552251,0.0731041441212583,0.07923141906771757,0.0
MEDIUM,0.3880858948730317,0.4816936885759021,0.3956098755409333,0.2137946370875252,0.39155552187311615,0.5099091820690438,0.6930752374053768,0.47032019812908826,0.0,14,8,6,2,0.4816936885759021,0.3956098755409333,0.39155552187311615,51.05
MEDIUM,0.5574615220866457,0.5686061856488254,0.6537514728680958,0.570402064615881,0.3984414730957285,0.4980399430697511,0.683862053287302,0.27028261374062096,0.16833094174622873,11,8,5,3,0.5686061856488254,0.6537514728680958,0.3984414730957285,59.47
MEDIUM,0.44176221906469043,0.4280526146293005,0.39439294350511905,0.4617523033831207,0.14512115271996717,0.5399428367820996,0.5534138854698609,0.919936136987566,0.11953639051334941,14,8,4,4,0.4280526146293005,0.39439294350511905,0.14512115271996717,46.68
LOW,0.251558671106927,0.20879814644189099,0.13735199424095978,0.32771525577331534,0.2425525507130006,0.07025135493947715,0.08401250528495158,0.04562025228584489,0.05359900655668617,2,5,0,5,0.20879814644189099,0.13735199424095978,0.2425525507130006,10.01
HIGH,0.6971874438402805,0.7063632815381333,0.7167387925288758,0.5893851078853277,0.5368756706105365,0.7252735359203492,0.805959419116128,0.7862750426895796,0.4222143795637823,15,5,4,1,0.7063632815381333,0.7167387925288758,0.5368756706105365,73.18
HIGH,0.610726426750152,0.6269518442883886,0.6344857611733856,0.7039834911867613,0.4460117709087978,0.6606204264970725,0.8520486276408307,0.38058755882381795,0.3663686907390526,18,9,8,1,0.6269518442883886,0.6344857611733856,0.4460117709087978,64.5
MEDIUM,0.4290937583361731,0.4865551611811423,0.4983799112775237,0.24779674687215594,0.4035791006516414,0.4493603793582649,0.5878295444682834,0.2437288038718871,0.23958445951458696,8,8,5,3,0.4865551611811423,0.4983799112775237,0.4035791006516414,39.12
LOW,0.09598380496803177,0.20370928069282235,0.10045619018966778,0.2762112523240323,0.1042963005134569,0.17891005131546928,0.2706689904929533,0.0,0.08254328509848648,2,8,2,6,0.20370928069282235,0.10045619018966778,0.1042963005134569,1.42
MEDIUM,0.5027711757910671,0.3958155537468893,0.525470447906527,0.547012390386717,0.2929121390395678,0.3553865235388334,0.44621292989376893,0.4382938280128602,0.0,13,8,4,4,0.3958155537468893,0.525470447906527,0.2929121390395678,19.24
LOW,0.25444224477682886,0.1393941784401621,0.29608135338668196,0.33455583646463666,0.0604478514242876,0.12524471217039623,0.11513307935599278,0.10261071106410123,0.1782136117199017,3,7,1,6,0.1393941784401621,0.29608135338668196,0.0604478514242876,3.92
HIGH,0.804667821447767,0.8131395684373199,0.7760710858805334,0.8020472857062844,0.48320491913264396,0.8197109323910247,0.8204486343363319,0.8906836058668408,0.7465251530792872,15,4,3,1,0.8131395684373199,0.7760710858805334,0.48320491913264396,87.17
LOW,0.15282448555580955,0.10666078488469954,0.3049002263890348,0.2850205028664204,0.01485945859212738,0.0790968355622389,0.024890226674715396,0.1772976961765939,0.14351580161045435,1,10,0,10,0.10666078488469954,0.3049002263890348,0.01485945859212738,5.47
HIGH,0.7623163497006694,0.7593468030068371,0.9143657899381794,0.798107845340674,0.5022220134502203,0.7548935931816229,0.9110346725888794,0.629896308621717,0.41146763951975923,24,12,11,1,0.7593468030068371,0.9143657899381794,0.5022220134502203,81.64
LOW,0.4051429341641959,0.5040946397149744,0.38055162154441874,0.3981063565883192,0.11184660919087855,0.26063577605172444,0.2929726211853862,0.22428452340726032,0.19997649329520342,5,9,3,6,0.5040946397149744,0.38055162154441874,0.11184660919087855,16.86
LOW,0.13683380078328825,0.17884815498226492,0.07572450535478795,0.17833908310008162,0.2280960018734829,0.20833252448878817,0.24525819888834594,0.13284587403256437,0.1730421517463386,5,12,3,9,0.17884815498226492,0.07572450535478795,0.2280960018734829,10.73
LOW,0.2669288856399362,0.10673870314643388,0.20967940195462317,0.32701225367597114,0.1468329543848037,0.29142009431325594,0.37284256116297837,0.2857924013640533,0.05278038671329146,5,6,2,4,0.10673870314643388,0.20967940195462317,0.1468329543848037,17.1
LOW,0.09646655817191332,0.15586097459390136,0.20749359339968843,0.16200419256787368,0.11117211782520076,0.1813762365879369,0.18053465747441058,0.28489766318616166,0.08037954733029094,5,10,2,8,0.15586097459390136,0.20749359339968843,0.11117211782520076,0.0
HIGH,0.6843716170357773,0.6729000050696797,0.631546810474514,0.734433245186202,0.5527690801593489,0.7275355533084135,0.8755344872388005,0.5871568963401723,0.4239174084854935,21,9,8,1,0.6729000050696797,0.631546810474514,0.5527690801593489,85.64
MEDIUM,0.6889430120432519,0.6599692999720064,0.6076678361656764,0.5799953071938131,0.3746333311118411,0.4645707295399546,0.6000624724683516,0.29850717504646934,0.22415905524824878,7,6,4,2,0.6599692999720064,0.6076678361656764,0.3746333311118411,52.26
HIGH,0.8803336515473208,1.0,0.9353006058028702,0.8409515688920688,0.549452207388245,0.8163263807170081,0.9604911861748083,0.6007283595484574,0.5994299855121583,22,12,12,0,1.0,0.9353006058028702,0.549452207388245,100.0
MEDIUM,0.5036906888442921,0.5287896104890957,0.42496418713861167,0.5678231324896675,0.5056644816427909,0.6290893141112687,0.8804004725846639,0.43225797144405353,0.07198718135829799,15,9,8,1,0.5287896104890957,0.42496418713861167,0.5056644816427909,63.91
LOW,0.15165736754511078,0.14096171891388412,0.2330563263701207,0.2627792667612417,0.0,0.13259797646203658,0.13864131386824216,0.0,0.24706594070545648,1,10,1,9,0.14096171891388412,0.2330563263701207,0.0,2.53
MEDIUM,0.3592873266962989,0.4421895120592107,0.4403582740941978,0.3808434554708347,0.18733588453543049,0.39379347481648896,0.4550127956100064,0.35878535014038004,0.2451436371120455,10,8,4,4,0.4421895120592107,0.4403582740941978,0.18733588453543049,19.5
LOW,0.19663070391812704,0.3218582956960214,0.26425738791870723,0.19634398187141686,0.17787236345418161,0.181176247423804,0.18781953587417302,0.20772237738493304,0.1347002521115678,3,11,2,9,0.3218582956960214,0.26425738791870723,0.17787236345418161,4.37
MEDIUM,0.5092213426402618,0.7012484186406651,0.36460161178549516,0.5065753224511564,0.3486627409317097,0.5717665147134999,0.5856757918630605,0.6966521242577018,0.40515307372061615,13,5,3,2,0.7012484186406651,0.36460161178549516,0.3486627409317097,64.92
HIGH,0.5382234752121833,0.5260939571598924,0.5757217142449877,0.6179475562845143,0.19971165352363893,0.8230459998658682,0.8384716361865867,0.8696032822882748,0.7302118084813064,21,9,8,1,0.5260939571598924,0.5757217142449877,0.19971165352363893,72.99
MEDIUM,0.46741467301589523,0.5058105564733526,0.3696723855452456,0.525185654293701,0.20195498632260345,0.516211843754121,0.6581524098970881,0.2622033926036723,0.3443985964756683,8,6,4,2,0.5058105564733526,0.3696723855452456,0.20195498632260345,51.93
LOW,0.30937911771589666,0.21737322460870465,0.18928849214085047,0.2313546111633791,0.11000456013160477,0.28366997707353747,0.3880194714414678,0.23402080969802713,0.020270661345256794,7,11,4,7,0.21737322460870465,0.18928849214085047,0.11000456013160477,11.34
HIGH,0.5340740147706612,0.5271474831383641,0.535466984695213,0.535317202538672,0.17117907100507146,0.7368320658620995,0.7858208852691503,0.7020309751650307,0.6246666983380159,10,4,3,1,0.5271474831383641,0.535466984695213,0.17117907100507146,71.33
LOW,0.19853008341960976,0.0929666129338379,0.26504863972840875,0.037171478583333556,0.10852515781493674,0.23247683699861832,0.3128367713814028,0.16100286049755275,0.06287101035133043,4,7,2,5,0.0929666129338379,0.26504863972840875,0.10852515781493674,4.88
HIGH,0.6917124035290078,0.6582764630139377,0.7717402126864407,0.6060737136213936,0.313759940744622,0.7571830976045445,0.8579744501473201,0.6747995283903384,0.5371926091904237,15,8,7,1,0.6582764630139377,0.7717402126864407,0.313759940744622,73.07
HIGH,0.6432802673996945,0.7311271126386806,0.6643935356783581,0.6006751879929477,0.5597974929434102,0.6693194804942237,0.9357022870851868,0.3784912793609641,0.16099926185459493,14,5,5,0,0.7311271126386806,0.6643935356783581,0.5597974929434102,78.53
MEDIUM,0.5290373058924657,0.5786964934252907,0.6406406471340239,0.6050688375731706,0.505514360924967,0.5140549775427796,0.6232548867417113,0.44098437796008166,0.2595258495286826,9,10,6,4,0.5786964934252907,0.6406406471340239,0.505514360924967,42.7
HIGH,0.8408214861262555,0.8025864319272484,0.9181479703132142,0.8250471983104563,0.6872809339224353,0.7682858552750081,0.8358918315410596,0.7951943142686219,0.5385594674832399,16,6,5,1,0.8025864319272484,0.9181479703132142,0.6872809339224353,89.64
HIGH,0.5515682562122797,0.5834676580735142,0.4173444080300087,0.676636653084091,0.5399138158383763,0.8693400562084471,0.9830624262173163,0.647753602255314,0.7497594001349723,20,11,11,0,0.5834676580735142,0.4173444080300087,0.5399138158383763,86.33
HIGH,0.6802967067202293,0.5368195895932152,0.6919706078786687,0.6567360269920856,0.43098770051240926,0.7498669699882822,0.8867476675499647,0.5340909502189304,0.5550008970725863,17,11,10,1,0.5368195895932152,0.6919706078786687,0.43098770051240926,82.61
HIGH,0.737412643327866,0.7349559343154923,0.6800206347663726,0.7730017391211064,0.5680727800718581,0.6900842806214953,0.8359624525429631,0.38229709025749886,0.5602369552210886,18,10,8,2,0.7349559343154923,0.6800206347663726,0.5680727800718581,78.2
MEDIUM,0.4184144784205736,0.4182421191032236,0.3189603364209235,0.3638028423855858,0.2875655713089264,0.4066867756815808,0.5100041629102011,0.36840185867698066,0.13501953100031985,10,6,3,3,0.4182421191032236,0.3189603364209235,0.2875655713089264,37.88
LOW,0.2095035726633396,0.1350085957438027,0.2980099668698004,0.10895716254142114,0.1468048997728597,0.10126619793020633,0.11016979640060544,0.11561874954713706,0.060202850902078296,4,8,1,7,0.1350085957438027,0.2980099668698004,0.1468048997728597,1.19
HIGH,0.6684099108944022,0.786331461357096,0.6612304962710096,0.7671461196460813,0.4501957953679148,0.8667078339678975,0.9951709618629674,0.7314783110656736,0.6165479731849118,12,5,5,0,0.786331461357096,0.6612304962710096,0.4501957953679148,90.39
MEDIUM,0.7405746285520716,0.6216983876339752,0.7794385820592815,0.6586689508172695,0.44434212730327965,0.4141554208138598,0.47466307488528275,0.4264710081842865,0.22031687122916424,12,8,4,4,0.6216983876339752,0.7794385820592815,0.44434212730327965,54.21
LOW,0.24518680815458846,0.2338561138076312,0.19967225671898234,0.2883077306345083,0.06653986007246424,0.14791681702895676,0.21429544669337647,0.0,0.09669774506465442,2,6,1,5,0.2338561138076312,0.19967225671898234,0.06653986007246424,4.96
LOW,0.19126429819222612,0.0,0.0470659944644001,0.2555613093115554,0.14863288798545424,0.11716883181210713,0.11319600678321207,0.1973903363073251,0.048865802403574354,2,7,1,6,0.0,0.0470659944644001,0.14863288798545424,17.21
MEDIUM,0.4734853049018619,0.5107973837515489,0.3252685456126937,0.4259646274414333,0.3769383995855596,0.535002386647923,0.5493837273943066,0.7910837400642475,0.2357770109924478,15,10,5,5,0.5107973837515489,0.3252685456126937,0.3769383995855596,44.44
LOW,0.1709799600723219,0.013126488410513115,0.19891464821444846,0.2052542304521376,0.1782505324689166,0.17009511733631832,0.20757155957202844,0.19704010784256348,0.030720800122942794,3,11,2,9,0.013126488410513115,0.19891464821444846,0.1782505324689166,7.42
LOW,0.14850469052181856,0.20842509888779956,0.12108185527627185,0.15795533265971523,0.08584042786761531,0.15005479460959764,0.13078208896455187,0.32510751430834084,0.03282019184599169,2,3,0,3,0.20842509888779956,0.12108185527627185,0.08584042786761531,17.09
HIGH,0.8018575658528366,0.8804322698668421,0.7763862765058492,0.667279332827686,0.43298539267154723,0.7070469860597913,0.8974238095459951,0.33709808371487937,0.505865417946092,19,11,10,1,0.8804322698668421,0.7763862765058492,0.43298539267154723,80.35
LOW,0.2181737659287719,0.19749183527466857,0.23726470422075152,0.2763415921489029,0.2425340019889119,0.17132689205649063,0.21546687337463916,0.15119229289718694,0.0590415472613488,3,10,2,8,0.19749183527466857,0.23726470422075152,0.2425340019889119,8.68
MEDIUM,0.3922005091631083,0.2849376557649902,0.35934048926673645,0.5035392514601132,0.04746673034647558,0.4398320265777226,0.5653589768552314,0.2231992945199868,0.27988390780293176,10,7,4,3,0.2849376557649902,0.35934048926673645,0.04746673034647558,42.51
MEDIUM,0.604095776561438,0.6064875370087479,0.5753359491774764,0.6342704884551673,0.47988573888143143,0.3595609528924365,0.37700638594132707,0.39721276168884234,0.2695728449493589,7,7,3,4,0.6064875370087479,0.5753359491774764,0.47988573888143143,33.93
MEDIUM,0.40632089645155006,0.49782157713709524,0.41680302297449723,0.31570372664636276,0.3035014341496434,0.3723865045002455,0.37181206605852496,0.47142912655873037,0.2750671977669223,13,10,4,6,0.49782157713709524,0.41680302297449723,0.3035014341496434,19.33
HIGH,0.5790539998660347,0.7517148972505339,0.5438290083388586,0.47384501957699154,0.6293716629545656,0.6524724953763534,0.8419141728016328,0.3256278670282295,0.4109920914486401,15,8,7,1,0.7517148972505339,0.5438290083388586,0.6293716629545656,57.45
MEDIUM,0.45636972307410334,0.562282740567558,0.48303203831182295,0.41131645481330037,0.2966162971221339,0.5699659626086235,0.6654564896555831,0.6860133773769068,0.16744696669946185,13,10,7,3,0.562282740567558,0.48303203831182295,0.2966162971221339,45.21
LOW,0.3334174626298203,0.44968604996629624,0.2878908612457811,0.3164458907113322,0.05515632839459961,0.19429933842153557,0.29144491348601353,0.09716195164963733,0.0,3,8,2,6,0.44968604996629624,0.2878908612457811,0.05515632839459961,20.01
MEDIUM,0.4904483002077423,0.4382057023047736,0.30119236478496225,0.5701412046825399,0.44840724905643103,0.4345327696444361,0.4717324949880371,0.4048850090804562,0.35258135417761305,12,9,4,5,0.4382057023047736,0.30119236478496225,0.44840724905643103,38.92
LOW,0.24279161636397303,0.2083957757740739,0.1575472964505969,0.3403708435847471,0.22337018023229224,0.03844894639771975,0.0,0.031633453141499505,0.16061127884709925,0,5,0,5,0.2083957757740739,0.1575472964505969,0.22337018023229224,18.17
MEDIUM,0.5799232545698831,0.6999606144303713,0.5072434602146756,0.6012324775936392,0.6118283203760506,0.5806925751029095,0.6189287104711875,0.8231037381182557,0.22357300598272944,15,12,7,5,0.6999606144303713,0.5072434602146756,0.6118283203760506,49.26
MEDIUM,0.4366249844694291,0.4298594829998638,0.4754403939996442,0.29200626100491245,0.22577187058635328,0.5732725573090338,0.6583964590739977,0.548306084315177,0.342867325007999,13,9,6,3,0.4298594829998638,0.4754403939996442,0.22577187058635328,58.38
HIGH,0.6490526009953167,0.6430982743930169,0.6647157766514463,0.4802815008873954,0.3285974637662619,0.8096689671741456,0.8986671619127518,0.8526281436800345,0.4997152064524383,18,7,6,1,0.6430982743930169,0.6647157766514463,0.3285974637662619,78.98
LOW,0.1778674246375141,0.08865015588642473,0.29151512661535,0.276848299260469,0.028959249485964872,0.19186229757907725,0.24748443183699934,0.06733306224435087,0.1495251301400373,3,6,1,5,0.08865015588642473,0.29151512661535,0.028959249485964872,15.59
MEDIUM,0.4581240176061571,0.5554012179835346,0.3780150097536165,0.404617888700709,0.38686061296056085,0.3748417169095647,0.5258966304910879,0.03494504596561923,0.2615736471089406,13,11,6,5,0.5554012179835346,0.3780150097536165,0.38686061296056085,27.03
LOW,0.15419880431328317,0.29835083801198353,0.22156630051069476,0.2713256149206183,0.20780733870911705,0.03489005183157752,0.04167629789299457,0.00511521703780804,0.044306148441095865,0,7,0,7,0.29835083801198353,0.22156630051069476,0.20780733870911705,0.0
HIGH,0.7135796348587053,0.8111618811123389,0.7337267000712602,0.6594775183698379,0.5183519395495739,0.6304207014032039,0.779095162949107,0.1876325585723621,0.6271854595963369,15,10,8,2,0.8111618811123389,0.7337267000712602,0.5183519395495739,62.98
HIGH,0.8166925030104651,0.8560949135164626,0.8399863869022222,0.8163066002988446,0.5247276802291698,0.723745989453549,0.8109373686950859,0.7005408306696909,0.485377010512796,19,7,6,1,0.8560949135164626,0.8399863869022222,0.5247276802291698,77.78
LOW,0.1681674251196248,0.1253307496466645,0.08805128527318365,0.15702984907598433,0.0,0.17768874565626505,0.25203579527514913,0.07039334728671652,0.061942995169161484,3,8,2,6,0.1253307496466645,0.08805128527318365,0.0,6.95
LOW,0.19796857833964246,0.22542266406993744,0.21540620209873815,0.2881189446233938,0.08390904748537592,0.22541184786659174,0.2285751072879644,0.34461020762965766,0.09672370983940783,4,8,2,6,0.22542266406993744,0.21540620209873815,0.08390904748537592,8.28
HIGH,0.7533453635145418,0.8052784197278786,0.7794472814152676,0.8176732046253028,0.4274074588116227,0.8069996125254085,0.9391133308334167,0.6526706065408174,0.5649874635859748,15,7,7,0,0.8052784197278786,0.7794472814152676,0.4274074588116227,77.09
HIGH,0.7497851673469087,0.7394195452586153,0.7486000853984345,0.6921683091019764,0.5751557923166623,0.7890714764209498,0.9048500469865158,0.5768772334914765,0.6539300076537253,14,9,8,1,0.7394195452586153,0.7486000853984345,0.5751557923166623,82.63
LOW,0.21395216050322133,0.0,0.22972368647295324,0.2709108661705127,0.13868736971862908,0.13376304254214097,0.06023377933782109,0.29563703208549613,0.19247684261174544,3,7,0,7,0.0,0.22972368647295324,0.13868736971862908,0.0
MEDIUM,0.2856913565624651,0.33900059144342753,0.36776671045652115,0.28007026000692986,0.09353857290734315,0.574735693482789,0.7373525101587663,0.35043389134671193,0.3111870455909337,9,6,4,2,0.33900059144342753,0.36776671045652115,0.09353857290734315,44.26
LOW,0.10703710099910468,0.21423648379531057,0.2477671094244346,0.18849328722871533,0.16180928930172897,0.25013544496468876,0.4118124992708634,0.0,0.01523972701085365,4,7,3,4,0.21423648379531057,0.2477671094244346,0.16180928930172897,7.55
MEDIUM,0.45067876058530015,0.44312838084841394,0.5179846722547565,0.4542419772121835,0.12501901791636352,0.558657799069538,0.6078202133271112,0.6663570800724258,0.30347127529393103,12,10,6,4,0.44312838084841394,0.5179846722547565,0.12501901791636352,46.46
LOW,0.17535009763132797,0.1562598883917189,0.2134853053372861,0.10941755269594844,0.0,0.20429836964091666,0.2564134616753915,0.14325254075428226,0.10899892242412662,5,10,3,7,0.1562598883917189,0.2134853053372861,0.0,11.25
LOW,0.17413883647068118,0.2013561501577845,0.35546759878381523,0.2335226448903408,0.1767581104969525,0.2007944827289758,0.2928127288481768,0.0,0.12553422710034873,4,10,3,7,0.2013561501577845,0.35546759878381523,0.1767581104969525,8.45
HIGH,0.6566589607484239,0.5899793244658301,0.7366195083735536,0.7767923838321552,0.6531678795708455,0.6944710874736811,0.8320004497141835,0.5163175079128159,0.46003658031303946,12,6,5,1,0.5899793244658301,0.7366195083735536,0.6531678795708455,65.62
MEDIUM,0.363859770180478,0.4481061877615658,0.4732571982306698,0.38666748945198826,0.3776149243182038,0.319705107727821,0.3458109557006217,0.2383626857501393,0.3227299857871006,10,8,3,5,0.4481061877615658,0.4732571982306698,0.3776149243182038,17.67
HIGH,0.6915016929269286,0.6500121573180965,0.6080915900041257,0.6533776573236247,0.459498538770051,0.8187551529070158,1.0,0.44595361825209506,0.6478221462829838,19,11,11,0,0.6500121573180965,0.6080915900041257,0.459498538770051,82.61
MEDIUM,0.499320555140685,0.5058920128440406,0.44501448186966996,0.5523170824714096,0.3120785995643966,0.4901550577348941,0.5542976400637968,0.38516366143014175,0.4027187070529383,11,12,7,5,0.5058920128440406,0.44501448186966996,0.3120785995643966,39.98
LOW,0.3481441923890553,0.35165214805849765,0.3241699900069503,0.35232227716863185,0.25397728587182333,0.14138279876015694,0.11217926448095371,0.21879702204550555,0.15157917831241807,2,10,1,9,0.35165214805849765,0.3241699900069503,0.25397728587182333,9.23
HIGH,0.7436493900470987,0.8076460212306249,0.783785054244925,0.6814346187725175,0.5873306797031089,0.7106587928462473,0.822230326093869,0.5176761830335853,0.568926802916044,12,6,5,1,0.8076460212306249,0.783785054244925,0.5873306797031089,82.16
LOW,0.4289715881283293,0.4650174204585212,0.4805527366290471,0.416574977307365,0.2652358618543382,0.26260391577921344,0.3046298617333864,0.2361977139808244,0.16293227971508345,4,6,2,4,0.4650174204585212,0.4805527366290471,0.2652358618543382,19.7
HIGH,0.863622664733281,0.7676561919041508,1.0,0.9075854127835835,0.5579245887239285,0.7427498606950309,0.9054572897155232,0.5130071163036143,0.48437031802497116,15,8,7,1,0.7676561919041508,1.0,0.5579245887239285,80.07
LOW,0.06853852220308938,0.0,0.0,0.2022444902766471,0.08853936591835435,0.21122744126748216,0.27150284629020516,0.10112609674788813,0.14050257071890726,5,10,3,7,0.0,0.0,0.08853936591835435,14.65
HIGH,0.7598912558641965,0.8162123064920757,0.6853276439821326,0.7633105330729603,0.3477817485313611,0.7544665520138591,0.8896100296549831,0.5941764861958876,0.509326184908459,17,7,6,1,0.8162123064920757,0.6853276439821326,0.3477817485313611,76.48
HIGH,0.7567481163844705,0.6925108705558195,0.8085254056284026,0.8363363539359191,0.5666354307085639,0.8170686816359188,0.819535492772489,1.0,0.6267369298621266,17,6,5,1,0.6925108705558195,0.8085254056284026,0.5666354307085639,79.55
HIGH,0.49481432724768376,0.3993170082973857,0.4991604472252639,0.4283141063063589,0.31141608435313095,0.7725618831957284,0.9309955189838577,0.5546734726667585,0.5151493863603104,16,10,9,1,0.3993170082973857,0.4991604472252639,0.31141608435313095,66.86
LOW,0.11771365752373363,0.12804359588214623,0.16887076700420772,0.0532202852819106,0.1433807883244259,0.1503684669179184,0.21262583506224536,0.0,0.11396482940285586,2,10,2,8,0.12804359588214623,0.16887076700420772,0.1433807883244259,15.34
HIGH,0.5350894382073152,0.5461633236454373,0.601576400989386,0.5126547638888481,0.4057225336048255,0.9198058580057106,1.0,0.6911307798636099,0.9078985101649428,21,11,11,0,0.5461633236454373,0.601576400989386,0.4057225336048255,80.73
MEDIUM,0.4799493547049589,0.5248739810671048,0.4476173591188837,0.3695516488424808,0.46809241641726085,0.4950336355570491,0.6960223440506585,0.06658221640226386,0.320518929231006,12,10,7,3,0.5248739810671048,0.4476173591188837,0.46809241641726085,44.4
HIGH,0.70150972618861,0.7326038981006184,0.6279503754023152,0.3609489831287704,0.41332395691488066,0.8131429905325427,0.9429261681087842,0.6089135416563355,0.6280229066800255,18,10,9,1,0.7326038981006184,0.6279503754023152,0.41332395691488066,79.27
MEDIUM,0.26427915973142524,0.15708479388163293,0.30881029559335815,0.238636723167239,0.13157196035880675,0.3926167091892215,0.4526881429911268,0.1942038012401515,0.41081531573257546,10,8,4,4,0.15708479388163293,0.30881029559335815,0.13157196035880675,9.54
MEDIUM,0.39194485330974826,0.36942702201802075,0.5001709495025157,0.36075686591848743,0.32355104572099275,0.3316393953816347,0.3973081849269944,0.3572220312443421,0.10905039088284835,9,8,3,5,0.36942702201802075,0.5001709495025157,0.32355104572099275,34.09
HIGH,0.6471035941140835,0.5955738679530249,0.6267827767504314,0.5699910946732747,0.23725067790242754,0.724436912922855,0.8165830190631653,0.6402075968725863,0.5322279105521923,19,9,7,2,0.5955738679530249,0.6267827767504314,0.23725067790242754,67.27
LOW,0.2403219310532258,0.2395372037209347,0.21964650217798812,0.3379559345554882,0.21328014843757437,0.18572173406928327,0.2147479197047347,0.11638841903756143,0.16797649219465086,3,7,2,5,0.2395372037209347,0.21964650217798812,0.21328014843757437,9.51
LOW,0.19545810378344314,0.2032142034777605,0.18995396217126106,0.16654468905720396,0.30212171454094777,0.22727325238798474,0.31287933684111907,0.09028601622339023,0.10744223519317624,4,11,3,8,0.2032142034777605,0.18995396217126106,0.30212171454094777,5.84
MEDIUM,0.49966868381609775,0.5387491292603589,0.565890871425545,0.44106249585270707,0.2089231104041479,0.4085370679522836,0.4623148962944565,0.46636825253436587,0.18937239834368266,8,4,2,2,0.5387491292603589,0.565890871425545,0.2089231104041479,43.21
LOW,0.20744513341565898,0.1765433165215573,0.3415237511335308,0.2145526273435716,0.20382005488066435,0.13900703735624453,0.19793242519619633,0.04024699502275769,0.06099091616987599,4,10,2,8,0.1765433165215573,0.3415237511335308,0.20382005488066435,0.0
LOW,0.08069241074541236,0.16550039028725277,0.0,0.1436114434796814,0.09632042448221226,0.1801285307615393,0.2176175704081413,0.052700586978824855,0.19508935560444776,2,8,2,6,0.16550039028725277,0.0,0.09632042448221226,0.0
LOW,0.32003341995299794,0.4339738245635642,0.4069355410286699,0.30858276186907624,0.0813855217377561,0.06360263324007975,0.07351864249672704,0.0011126798255933323,0.09634455888462432,3,11,1,10,0.4339738245635642,0.4069355410286699,0.0813855217377561,4.54
LOW,0.08330094124236401,0.17838901328799073,0.10183123826061209,0.05484924425977833,0.015774098034700514,0.11909174455901894,0.10989788322599858,0.0,0.26576507311709896,1,11,1,10,0.17838901328799073,0.10183123826061209,0.015774098034700514,0.0
MEDIUM,0.43230382488547775,0.48255520976814653,0.5006723765656031,0.338701774365575,0.4306344760298471,0.44625663538607996,0.497025689742631,0.47158197202399715,0.2686241356785095,8,10,5,5,0.48255520976814653,0.5006723765656031,0.4306344760298471,39.7
LOW,0.20734642993647792,0.3069226666388567,0.1430944318684979,0.13054541885131282,0.10794465005824627,0.11037527890785305,0.14779154972829825,0.0,0.1085017453543705,2,8,1,7,0.3069226666388567,0.1430944318684979,0.10794465005824627,0.13
LOW,0.1881403260340157,0.1685366859361823,0.17007320805651668,0.1315619562146083,0.1647022216679445,0.08479606948828353,0.08690243555938026,0.08778251503820209,0.07549052572507475,4,8,1,7,0.1685366859361823,0.17007320805651668,0.1647022216679445,0.0
MEDIUM,0.37869702598993665,0.2865925424797052,0.13769842498765558,0.5184050794616832,0.3210589417262506,0.5187250401524283,0.6500735591120778,0.2929064350945283,0.3504980883313797,12,7,5,2,0.2865925424797052,0.13769842498765558,0.3210589417262506,47.07
MEDIUM,0.45467137142230635,0.5719073336273047,0.4680578470418602,0.37230263512516004,0.35188905213809707,0.49697479384551335,0.6233560986244547,0.3210580290694032,0.29374764428479955,9,6,4,2,0.5719073336273047,0.4680578470418602,0.35188905213809707,41.28
LOW,0.13306772249213084,0.21170021956164223,0.25706317856026795,0.041521776464230734,0.09268536387715905,0.1484827603055582,0.1627568758649378,0.14644384118365159,0.10769933274932597,3,7,1,6,0.21170021956164223,0.25706317856026795,0.09268536387715905,3.13
LOW,0.1206354637362923,0.1412344002608629,0.16140614149799523,0.15571364127762768,0.054655871778802725,0.22101274293652567,0.3641928721268502,0.0,0.012485098302077806,3,9,3,6,0.1412344002608629,0.16140614149799523,0.054655871778802725,2.61
HIGH,0.6214356674042102,0.6724027882503923,0.6937880501478388,0.6285008938397617,0.5404676042856482,0.7488375359552335,0.7890852399840965,0.6651775415223845,0.7117544183014937,21,10,8,2,0.6724027882503923,0.6937880501478388,0.5404676042856482,65.58
HIGH,0.6573223862198349,0.7049346185297668,0.7621925319784011,0.5937969765725603,0.27454931229243484,0.8569551793494076,1.0,0.7476254437744689,0.537150452972569,14,8,8,0,0.7049346185297668,0.7621925319784011,0.27454931229243484,84.73
MEDIUM,0.45629698188687473,0.45872041313767126,0.18607627666056215,0.4954941864672601,0.3383048369773386,0.48293167233850387,0.5984905008678012,0.31331605449128913,0.30587080459782684,11,8,5,3,0.45872041313767126,0.18607627666056215,0.3383048369773386,50.56
LOW,0.3849728827898956,0.3268916844841768,0.35497651438208044,0.5204093972501235,0.25402075828639753,0.22614303386136955,0.311796543013923,0.1135504871762534,0.08177505308882538,6,10,3,7,0.3268916844841768,0.35497651438208044,0.25402075828639753,11.14
MEDIUM,0.3305925990751486,0.432284807175392,0.47087980239627825,0.4805103750744254,0.26716617190240616,0.4087758566007819,0.4807648527468365,0.41435166916508953,0.18723305559831058,13,13,6,7,0.432284807175392,0.47087980239627825,0.26716617190240616,30.68
HIGH,0.6508275875138637,0.5621909402176674,0.47376731625998936,0.6574721284258345,0.43476386888472207,0.8168220397800781,0.9415431424874525,0.6526145400889904,0.6068662313490426,16,10,9,1,0.5621909402176674,0.47376731625998936,0.43476386888472207,85.28
LOW,0.25175788540590543,0.3335360313921341,0.3340854246875829,0.2620901107121093,0.194078102451515,0.18899241582656093,0.30702946784285506,0.0,0.023873675604239506,2,7,2,5,0.3335360313921341,0.3340854246875829,0.194078102451515,10.56
MEDIUM,0.4604527903873407,0.45590211605878267,0.5460006727399356,0.5062931659467896,0.3152138257273722,0.4273873986071653,0.50001064672232,0.3404883780179037,0.29641667485096285,9,13,7,6,0.45590211605878267,0.5460006727399356,0.3152138257273722,29.25
LOW,0.22692716838269303,0.24530103611326923,0.18108142490317414,0.2986165817523685,0.19581470431251016,0.23161230971459543,0.31257203776062853,0.22034543529109166,0.0,4,9,3,6,0.24530103611326923,0.18108142490317414,0.19581470431251016,15.95
LOW,0.19697862486219553,0.10060891816761663,0.2794175477731368,0.0937390266733282,0.21293839854079655,0.08541703137067899,0.028173153359453567,0.09821439504926138,0.24435130172577288,1,13,0,13,0.10060891816761663,0.2794175477731368,0.21293839854079655,0.0
LOW,0.4255053583520935,0.4200392277773298,0.5114784852500246,0.4494819290853592,0.17793250054645338,0.06480813655792739,0.0,0.03869082504802987,0.2853498577416071,2,9,0,9,0.4200392277773298,0.5114784852500246,0.17793250054645338,2.65
LOW,0.27788439236332546,0.19059103568436558,0.2727670010566993,0.20750310300908406,0.27716251304638484,0.21629810024465973,0.24782198549526793,0.16833854187344677,0.16968600286404822,5,8,2,6,0.19059103568436558,0.2727670010566993,0.27716251304638484,11.01
MEDIUM,0.2134856063884638,0.1537771112453269,0.39874986267499396,0.26236464132690285,0.2105746131248883,0.33573630398998544,0.4264156102850964,0.13115790880333,0.2682767802913084,11,8,3,5,0.1537771112453269,0.39874986267499396,0.2105746131248883,23.95
LOW,0.20657128039365943,0.2672225412541236,0.10106761115298914,0.052863287582955026,0.21893870436427587,0.125184911797569,0.208641519662615,0.0,0.0,2,10,2,8,0.2672225412541236,0.10106761115298914,0.21893870436427587,9.0
MEDIUM,0.44589132322712394,0.3985112653245147,0.4397705212774697,0.49205718213852717,0.2845510742477643,0.47052771276072275,0.5000764658841989,0.4715075782953318,0.3809015878556853,9,6,3,3,0.3985112653245147,0.4397705212774697,0.2845510742477643,43.4
LOW,0.34339668882029506,0.3721140733813413,0.5165362815368088,0.36096425119910486,0.22373183128948376,0.1666010822858789,0.1976381040727429,0.1142629849748258,0.12582811423633988,3,6,1,5,0.3721140733813413,0.5165362815368088,0.22373183128948376,10.37
MEDIUM,0.2189197650220186,0.23147200647169552,0.0974661820250217,0.25349880544009085,0.1133533451009302,0.2741777112859861,0.27748081506024336,0.5384461112492003,0.0,9,8,2,6,0.23147200647169552,0.0974661820250217,0.1133533451009302,25.9
HIGH,0.6483976145905496,0.735089856801833,0.7404968708272859,0.7508570962586435,0.7100364666311103,0.762177270122665,0.8593045695415561,0.7244763820207774,0.5084962599678792,13,4,3,1,0.735089856801833,0.7404968708272859,0.7100364666311103,65.7
LOW,0.053184188197373895,0.08829275897802838,0.0,0.0,0.12379479805809768,0.09224373196702468,0.12754981738847757,0.05678978875663387,0.02177941891305687,2,10,1,9,0.08829275897802838,0.0,0.12379479805809768,0.0
MEDIUM,0.751276104275655,0.9096254976027208,0.86672426543588,0.6950223687929491,0.47579855216803063,0.4365601594440276,0.610099809873626,0.17122927346050745,0.1812720941387523,11,11,7,4,0.9096254976027208,0.86672426543588,0.47579855216803063,41.92
MEDIUM,0.38113220172137835,0.2227838373691225,0.29034720185045565,0.3398127272934732,0.28878848050151684,0.5188784048478058,0.5757606427907154,0.5955540416917497,0.27155605417513284,13,7,4,3,0.2227838373691225,0.29034720185045565,0.28878848050151684,53.47
LOW,0.22920295809811464,0.19117717851921004,0.1362300091360979,0.40498184897024436,0.1062532303299399,0.1730227012143493,0.2353991256351229,0.0,0.15891612916637776,4,6,1,5,0.19117717851921004,0.1362300091360979,0.1062532303299399,20.13
HIGH,0.7114881545407313,0.6964949449270098,0.7076846340759874,0.744226964498574,0.5070162152934539,0.8270638838274125,0.9785363853851683,0.4663403748523502,0.7333698881292072,15,7,7,0,0.6964949449270098,0.7076846340759874,0.5070162152934539,84.1
MEDIUM,0.24159958879083784,0.20311080583699093,0.06783559085343921,0.18754302184079436,0.10585538489315793,0.4420345122803944,0.5946191477584769,0.1924408487538525,0.23387426937268885,15,11,7,4,0.20311080583699093,0.06783559085343921,0.10585538489315793,20.21
LOW,0.2387807292776588,0.09967763065104582,0.1754871087311318,0.0,0.19950313895326452,0.12628481764601937,0.07078508026107153,0.11339269370939703,0.30567615373748525,2,11,1,10,0.09967763065104582,0.1754871087311318,0.19950313895326452,0.4
MEDIUM,0.32942382430621386,0.4087136456693408,0.5482930646735361,0.38345728253032013,0.3489980488426354,0.5408033394613662,0.7102044985235603,0.23858033455118463,0.33482286718496534,11,6,4,2,0.4087136456693408,0.5482930646735361,0.3489980488426354,38.42
LOW,0.31317180168575465,0.2738404115730738,0.2554921560330476,0.29959636619044056,0.12997710235762017,0.13940832842667383,0.2187677113434391,0.008302985756340864,0.03243552234671106,4,9,2,7,0.2738404115730738,0.2554921560330476,0.12997710235762017,10.28
LOW,0.3170860623433987,0.28121395305679053,0.4820712638430754,0.3064943126001005,0.23553798237992643,0.1894071580554068,0.1481898283214566,0.12434091690841578,0.37812538840424853,4,7,1,6,0.28121395305679053,0.4820712638430754,0.23553798237992643,13.76
LOW,0.006811315798508133,0.16240236162690408,0.034093351493653126,0.0,0.095098910928412,0.13036152739894313,0.2172692123315719,0.0,0.0,4,12,3,9,0.16240236162690408,0.034093351493653126,0.095098910928412,0.0
MEDIUM,0.6257363446510694,0.5865274289191629,0.6772855933184774,0.5989659353683032,0.3125345095414402,0.5689321738146145,0.6851927349688991,0.570600909899542,0.2184817542668327,11,8,5,3,0.5865274289191629,0.6772855933184774,0.3125345095414402,64.46
LOW,0.16761297047653403,0.14120942725211677,0.15358776209537708,0.09223579422007182,0.0,0.18021571970424383,0.2160515724527237,0.1527276845415764,0.10019619662147182,3,8,2,6,0.14120942725211677,0.15358776209537708,0.0,9.41
MEDIUM,0.5069870206504294,0.5328811005111721,0.538492327045447,0.6124895266632421,0.4121106180276446,0.45883834581646743,0.6220914612909578,0.0014977200220839954,0.4264196251873797,7,7,4,3,0.5328811005111721,0.538492327045447,0.4121106180276446,39.1
MEDIUM,0.15309411459654493,0.2721431106388467,0.1871069599228115,0.000670611258135112,0.31080561799232187,0.4260999343218421,0.6270648229796635,0.0,0.2493052026702202,12,9,6,3,0.2721431106388467,0.1871069599228115,0.31080561799232187,27.63
LOW,0.18310970857444583,0.2998313580287312,0.22296588127041167,0.004505394440864535,0.16244641046885946,0.1725659357832563,0.25382797702421367,0.06752836865972128,0.03381737918391924,3,7,2,5,0.2998313580287312,0.22296588127041167,0.16244641046885946,10.43
MEDIUM,0.19226022214955948,0.21273796765533182,0.23129594058078706,0.20579153260798547,0.094096583539931,0.6327699365441029,0.7629715585315752,0.6188805191583487,0.2560544879674397,15,8,6,2,0.21273796765533182,0.23129594058078706,0.094096583539931,53.61
HIGH,0.5953800900671425,0.6173130394876382,0.5054937449876399,0.4397802905965266,0.3347284690298459,0.8451579138382262,0.9333730893699399,0.9607220606588991,0.46494824042241245,19,8,7,1,0.6173130394876382,0.5054937449876399,0.3347284690298459,77.3
HIGH,0.7334984950656155,0.6377039662309458,0.6721053957141181,0.7172914646861915,0.5456950627535607,0.6710549525006213,0.7787802737707075,0.6238366291054324,0.3950973120855518,17,7,5,2,0.6377039662309458,0.6721053957141181,0.5456950627535607,71.15
LOW,0.1927802477588052,0.27022127358059145,0.25636222443422074,0.19172262550428243,0.003380907976638897,0.13263279545262982,0.1873848537594325,0.046722931703793096,0.05428648428105848,1,8,1,7,0.27022127358059145,0.25636222443422074,0.003380907976638897,0.96
LOW,0.1745775427232573,0.11312463727193617,0.1183832412302005,0.1854146158615106,0.07763579267262527,0.1270912960784637,0.20057675442583273,0.0,0.033726217114820385,2,12,2,10,0.11312463727193617,0.1183832412302005,0.07763579267262527,0.0
MEDIUM,0.36504371936131785,0.3845514713783809,0.35788091995141036,0.40903381856902665,0.2455683228268293,0.43229170128708627,0.5160171604947487,0.5795840855732957,0.03382293937788992,7,5,3,2,0.3845514713783809,0.35788091995141036,0.2455683228268293,33.19
LOW,0.14219201677567972,0.22016803051877423,0.13513025681260687,0.12515111321558858,0.06155055907068595,0.12143340801557473,0.07376049758963642,0.18907938946757755,0.1968061578413868,4,6,0,6,0.22016803051877423,0.13513025681260687,0.06155055907068595,0.0
HIGH,0.747279367170041,0.7922428983727958,0.7415782371557765,0.7195765877045843,0.6403308453153389,0.7879817716232599,0.8501360581714379,0.6362461872007213,0.7532544964012643,13,5,4,1,0.7922428983727958,0.7415782371557765,0.6403308453153389,87.84
HIGH,0.7894017589905634,0.683571014008856,0.8150909604714363,0.7665852237114532,0.7798229282602323,0.8248189541433584,0.9647502244868017,0.6455362776659913,0.5843078195903955,19,8,8,0,0.683571014008856,0.8150909604714363,0.7798229282602323,81.76
LOW,0.2865393315068327,0.18056114827079506,0.30294283755010826,0.22059694747758468,0.2048602779691769,0.20842569656762489,0.3185622492764676,0.0,0.0864417350087217,3,5,2,3,0.18056114827079506,0.30294283755010826,0.2048602779691769,15.82
MEDIUM,0.3988596120040726,0.4586294150269903,0.49714426088455216,0.3997114606796726,0.36856722694514676,0.5819768089960138,0.7573687965194987,0.16557938754597298,0.4721982678755997,8,8,6,2,0.4586294150269903,0.49714426088455216,0.36856722694514676,51.09
LOW,0.05929881941270585,0.0,0.19028396586070132,0.08158480793060677,0.1896885983040385,0.09397415358546507,0.15001122298939434,0.019837098959142308,0.0,3,10,2,8,0.0,0.19028396586070132,0.1896885983040385,0.0
HIGH,0.812686959403461,0.7985044689493425,0.7993645421654161,0.7646253037640712,0.528134922307859,0.7516859808609059,0.9440098267560451,0.3667119540761132,0.559688469960281,17,10,9,1,0.7985044689493425,0.7993645421654161,0.528134922307859,89.24
MEDIUM,0.5584298814236732,0.5154494198894686,0.5555948127854637,0.586091496269699,0.3439259433500959,0.45323337344213477,0.4745340883060655,0.23733733016685546,0.605227272125622,9,7,3,4,0.5154494198894686,0.5555948127854637,0.3439259433500959,33.11
LOW,0.1621432534604629,0.16638140603665663,0.015525431728255101,0.2514713318375157,0.2468222602158009,0.07801252943687662,0.05752740832549372,0.2174804222079019,0.0,3,9,1,8,0.16638140603665663,0.015525431728255101,0.2468222602158009,10.59
HIGH,0.7931468238409465,0.892167357400497,0.7698643024538459,0.7908345626534004,0.4440846015700993,0.8537376119565848,0.8759980540653026,1.0,0.6406938975870162,20,6,5,1,0.892167357400497,0.7698643024538459,0.4440846015700993,91.89
MEDIUM,0.5088634578275308,0.5424441322873867,0.3490463504291228,0.5974202082937894,0.13077087545797456,0.5754727462105698,0.702398233102755,0.36991331854168097,0.40025571320290276,13,8,6,2,0.5424441322873867,0.3490463504291228,0.13077087545797456,55.13
LOW,0.24047600971729574,0.39076739205634936,0.28849801585091434,0.13512778228867928,0.11193522954068164,0.216696390169641,0.2717604813971693,0.22597459436007497,0.04222591229662228,5,12,3,9,0.39076739205634936,0.28849801585091434,0.11193522954068164,16.46
MEDIUM,0.5838571898163538,0.5481944558629359,0.5241865633063759,0.5584817562792862,0.5469777840359747,0.45362434036086485,0.6198614085549286,0.17218295272518236,0.23635452341435634,11,11,7,4,0.5481944558629359,0.5241865633063759,0.5469777840359747,45.1
LOW,0.0,0.1011512758466484,0.0,0.0,0.15393193119485737,0.2856891993707777,0.3736309635501838,0.14927799035415457,0.15827511584918247,7,10,4,6,0.1011512758466484,0.0,0.15393193119485737,15.45
LOW,0.12626649419162572,0.10585427703933473,0.1364424994513463,0.12202110446516604,0.0,0.1728153801399403,0.25241530088613495,0.0,0.10683099804129663,3,8,2,6,0.10585427703933473,0.1364424994513463,0.0,10.16
LOW,0.4222678339488907,0.3808508912432149,0.4446144871049911,0.43948677578109824,0.3124061202333059,0.04903395863166556,0.048217491853452,0.0,0.10051731759797182,1,5,0,5,0.3808508912432149,0.4446144871049911,0.3124061202333059,7.31
LOW,0.3132326955600344,0.226965846513971,0.3828166276048276,0.26752968029932994,0.17458761401993145,0.1737568329410372,0.2558654787186433,0.0725851499877426,0.028602578561513447,2,7,2,5,0.226965846513971,0.3828166276048276,0.17458761401993145,16.57
HIGH,0.788801958300345,0.8380229143887662,0.916916741833309,0.9633681273981187,0.6457384667761614,0.7912301601618845,0.8498075973302521,1.0,0.40672800881866633,19,4,3,1,0.8380229143887662,0.916916741833309,0.6457384667761614,85.88
LOW,0.06446407980550255,0.10856688229357182,0.0,0.006372168133328679,0.24176709924585818,0.31519732856960475,0.45778329382764393,0.11467624038584318,0.08796052097924897,6,10,5,5,0.10856688229357182,0.0,0.24176709924585818,0.0
MEDIUM,0.4411681995149542,0.5117184867842364,0.44244819588188883,0.5059650609913262,0.3998010981278342,0.5988152496352601,0.7579061001561825,0.38725291015107355,0.3331050375566794,10,8,6,2,0.5117184867842364,0.44244819588188883,0.3998010981278342,44.42
HIGH,0.6616239762176962,0.6263401101866013,0.6182945406764165,0.5543929497431855,0.45458246274815983,0.8014793261212422,0.9413140001566744,0.5089424973277618,0.6745121328084259,13,7,7,0,0.6263401101866013,0.6182945406764165,0.45458246274815983,86.97
MEDIUM,0.5535939854765229,0.6245427577973475,0.4779052007443958,0.5118408838184377,0.490944397359252,0.6126484792581917,0.8252826272830786,0.36265729973592564,0.22473721470579716,13,11,9,2,0.6245427577973475,0.4779052007443958,0.490944397359252,62.33
HIGH,0.7269072772760274,0.651271108160361,0.6969343990361937,0.6767234983190833,0.5750589133219716,0.803224084795148,0.9130571560592085,0.8260401502304299,0.45090880556768453,19,8,7,1,0.651271108160361,0.6969343990361937,0.5750589133219716,89.47
MEDIUM,0.4881355208757194,0.42307550551536655,0.5608795977933764,0.6369759197203197,0.08050305005125291,0.411423234021915,0.4516077771160321,0.4027541491198364,0.2995386896416424,10,10,5,5,0.42307550551536655,0.5608795977933764,0.08050305005125291,32.13
HIGH,0.5811465826899188,0.5217265986773185,0.5359387438054184,0.611846773453208,0.39112991546036935,0.6915213547857937,0.8479284796719252,0.4481367394247488,0.4656845954884444,14,7,6,1,0.5217265986773185,0.5359387438054184,0.39112991546036935,68.92
HIGH,0.5823937369821397,0.6719340504830998,0.6378526760324493,0.5967832269115004,0.560342040300015,0.790872379535502,0.8863785418121322,0.7303794148062545,0.564846857434859,18,8,7,1,0.6719340504830998,0.6378526760324493,0.560342040300015,76.29
HIGH,0.6330179900573821,0.5819316019392993,0.5790692807427695,0.603834185964595,0.5444410484169251,0.7902833140505185,0.8630236148620931,0.7804921741104873,0.5818535515558261,20,7,6,1,0.5819316019392993,0.5790692807427695,0.5444410484169251,82.72
MEDIUM,0.440263369278262,0.44776149413058847,0.31790035775924463,0.3742664748530631,0.35443590886365506,0.2782106771683537,0.31256120397951864,0.20047509087747298,0.2528946830257395,9,14,4,10,0.44776149413058847,0.31790035775924463,0.35443590886365506,31.61
HIGH,0.736205592754096,0.5953916320736896,0.7097564178796039,0.7766348669877812,0.37358612713513906,0.8034533528609084,0.9314509551905634,0.7452142868111513,0.47769961192169974,15,6,6,0,0.5953916320736896,0.7097564178796039,0.37358612713513906,82.22
HIGH,0.7509608750261799,0.7082086726007424,0.8791309665832181,0.8785508169628371,0.5492927411967325,0.7497285177450669,0.8724292715963816,0.5433437402704392,0.5880110336657499,17,9,8,1,0.7082086726007424,0.8791309665832181,0.5492927411967325,78.06
MEDIUM,0.45828497955592856,0.4125151811136558,0.46732814136614675,0.40986343942534126,0.245633619761892,0.41897330981505726,0.5492534182341271,0.23506612909890826,0.2120401652739969,8,10,5,5,0.4125151811136558,0.46732814136614675,0.245633619761892,45.49
LOW,0.11792966101592062,0.21071042985559657,0.060600101018315644,0.27579746175623976,0.10517006966248361,0.2039380305270724,0.2651080883964403,0.10309528067812429,0.1212706067679169,3,8,2,6,0.21071042985559657,0.060600101018315644,0.10517006966248361,8.78
LOW,0.08093576593769224,0.20417367183176077,0.12902674123262606,0.04598311155082602,0.01117727254451599,0.33123500851908383,0.4236994925177767,0.19387247016836517,0.1912040948737238,6,7,3,4,0.20417367183176077,0.12902674123262606,0.01117727254451599,14.43
HIGH,0.7109257111770972,0.7997298051628299,0.8388930346423306,0.6908059739919089,0.3663423723821522,0.9158556164736904,1.0,0.9812315845826045,0.5980464977858476,25,12,12,0,0.7997298051628299,0.8388930346423306,0.3663423723821522,84.25
LOW,0.06783117466454094,0.06819572066018897,0.030531522556993818,0.021522725081465348,0.036791159724104655,0.19938747612637212,0.3029565615835106,0.04529917233923846,0.0427685235420904,4,7,2,5,0.06819572066018897,0.030531522556993818,0.036791159724104655,4.13
HIGH,0.8553023541831067,1.0,0.9065333474329028,0.8986108870354017,0.48025894366634414,0.8215825158962935,0.9294812435652625,0.6623990583722592,0.6570697904134205,17,7,7,0,1.0,0.9065333474329028,0.48025894366634414,92.87
MEDIUM,0.29932494012657207,0.42442668353550606,0.40061072865825853,0.35749448175364135,0.1663948047489439,0.4895485132008677,0.658980805317414,0.1955464142590934,0.27525373579300294,13,12,8,4,0.42442668353550606,0.40061072865825853,0.1663948047489439,32.21
MEDIUM,0.4387406555515927,0.2662751835730137,0.33758968366384556,0.48811972352469557,0.215063943836941,0.3839720158729277,0.5338621389071035,0.10451137560922154,0.2137622870341064,10,8,4,4,0.2662751835730137,0.33758968366384556,0.215063943836941,37.81
MEDIUM,0.486804388630691,0.37277009165689545,0.49131723657606896,0.5630698222897249,0.3340583327316616,0.617680412948516,0.7473530861445733,0.5173838605055022,0.32895894580335816,11,8,6,2,0.37277009165689545,0.49131723657606896,0.3340583327316616,48.72
LOW,0.2994934655609934,0.4205887300610918,0.2130105331576853,0.30494841954174123,0.052198084175574255,0.08656901737376906,0.08278597203489182,0.12598293358740412,0.058504237176765686,4,4,0,4,0.4205887300610918,0.2130105331576853,0.052198084175574255,8.26
MEDIUM,0.46536410491655755,0.4588947295215328,0.49911015147591997,0.438175720972081,0.35718072195091577,0.47556177473629974,0.6915453960140169,0.08636317207764117,0.21680951356180697,10,10,7,3,0.4588947295215328,0.49911015147591997,0.35718072195091577,47.03
MEDIUM,0.40103699697900635,0.3616021945060159,0.30034195407098035,0.4377727532320027,0.38695621691975324,0.4703083723845143,0.5235264029853743,0.5398925859920286,0.24107006697441963,11,7,4,3,0.3616021945060159,0.30034195407098035,0.38695621691975324,48.24
LOW,0.26765881103951594,0.16470066135564498,0.24334104627871736,0.34484423712715545,0.28357379280627804,0.23464798395893383,0.30032308272872626,0.2020739158140401,0.07019675579445017,4,5,2,3,0.16470066135564498,0.24334104627871736,0.28357379280627804,29.75
MEDIUM,0.38684742098750896,0.3094061593801431,0.31736667206615043,0.34335392241378043,0.08107924250287649,0.412122722466826,0.47092812891877095,0.3595753441179242,0.2882538814598932,7,7,3,4,0.3094061593801431,0.31736667206615043,0.08107924250287649,27.29
LOW,0.270548016485401,0.27047370166064116,0.5238952706195268,0.2439610682656545,0.2331709264320029,0.15598881123311104,0.16279594590786378,0.06656649301252544,0.22498972542943843,2,10,2,8,0.27047370166064116,0.5238952706195268,0.2331709264320029,3.86
MEDIUM,0.38794646917772185,0.2672802999407412,0.39721086792270677,0.2376964581542814,0.2842378045628054,0.5571437974732313,0.6594964995028704,0.5245471771922077,0.28268231166533747,14,11,7,4,0.2672802999407412,0.39721086792270677,0.2842378045628054,44.9
MEDIUM,0.632596175620354,0.6323595613394503,0.7587378617673721,0.7412484386032365,0.4685811237847396,0.46965398445541945,0.6108530396651939,0.3140127474141643,0.20169805586735118,11,9,5,4,0.6323595613394503,0.7587378617673721,0.4685811237847396,35.85
LOW,0.28680143614086107,0.4040604036902572,0.3448267566356178,0.16542009771128502,0.09531655756354344,0.15335122683785302,0.15848034861199142,0.23988119343501627,0.05143389491827459,3,10,2,8,0.4040604036902572,0.3448267566356178,0.09531655756354344,15.5
HIGH,0.6806186607969178,0.5900897390908779,0.7960666227394343,0.6250304746431464,0.32171841591510353,0.6875258374960451,0.7698946423066818,0.6329134383335019,0.4950318222266778,17,9,7,2,0.5900897390908779,0.7960666227394343,0.32171841591510353,76.54
LOW,0.30264819577047986,0.22644363505476717,0.18238153607519914,0.2367811243103085,0.09897946061209965,0.07471853958062127,0.051124269400305795,0.14136521786765502,0.07885467183453394,3,8,0,8,0.22644363505476717,0.18238153607519914,0.09897946061209965,0.0
MEDIUM,0.30537541961410936,0.2592298189375186,0.1540053725071015,0.3577418276187538,0.044856497001321494,0.30379671688025295,0.36998367510720437,0.12448375946723536,0.28454879961241625,9,8,3,5,0.2592298189375186,0.1540053725071015,0.044856497001321494,19.35
MEDIUM,0.4955189279844287,0.41988058343345147,0.4421433702486132,0.6163655987875537,0.46960631813093545,0.5835496564684094,0.6736117931822485,0.5410978415495405,0.35581506124576123,12,9,6,3,0.41988058343345147,0.4421433702486132,0.46960631813093545,65.96
MEDIUM,0.47883600304327245,0.3421743688545813,0.36437863185928693,0.6240489818673447,0.39686322854209977,0.4113951864212593,0.5180952234262518,0.36566491743040674,0.13702534439713415,6,7,4,3,0.3421743688545813,0.36437863185928693,0.39686322854209977,44.08
LOW,0.24533010330879063,0.3724596569256237,0.2689087741854539,0.047051509047018186,0.3667977741334882,0.10434139465692631,0.09911679641006942,0.11621032699428016,0.10814625706014311,3,8,1,7,0.3724596569256237,0.2689087741854539,0.3667977741334882,7.19
MEDIUM,0.760437930222523,0.8125528347319936,0.7645883885661255,0.9077872830065605,0.42511409086684726,0.5256044184459207,0.6802584454966286,0.23896681346089757,0.3482799422788198,7,9,6,3,0.8125528347319936,0.7645883885661255,0.42511409086684726,54.76
HIGH,0.6747834692969048,0.8349098836491241,0.7795935047104319,0.6571614859273143,0.44149699518196506,0.9031215626870244,1.0,1.0,0.5156078134351219,25,11,11,0,0.8349098836491241,0.7795935047104319,0.44149699518196506,95.16
HIGH,0.6327582068429034,0.5484082396707987,0.5284168956946507,0.7856293172870188,0.4440252221667279,0.7536549349193999,0.8084179512004711,0.8504854852113991,0.4925353357841878,21,7,6,1,0.5484082396707987,0.5284168956946507,0.4440252221667279,64.0
HIGH,0.6409079924476392,0.5808676488480855,0.5237996064647643,0.6456746750682817,0.36124549498139746,0.7990028553323403,0.9473102327298675,0.6405986194652917,0.5124849590068068,19,6,6,0,0.5808676488480855,0.5237996064647643,0.36124549498139746,83.58
MEDIUM,0.28689539459535807,0.1358562597612125,0.377883666100133,0.3596292293978334,0.3054838058368916,0.5060671962029787,0.5319567627391095,0.5112024052098652,0.42326328758769993,9,8,4,4,0.1358562597612125,0.377883666100133,0.3054838058368916,25.46
LOW,0.2559213833713153,0.2233986039186022,0.232822052606315,0.23853778346306656,0.2582690749464504,0.023676626718090867,0.035080918693577115,0.0,0.013140377509722988,1,8,0,8,0.2233986039186022,0.232822052606315,0.2582690749464504,0.0
MEDIUM,0.625517934260328,0.6586217438361105,0.7153411426831834,0.5523041699201522,0.3487265826132743,0.4833427655953566,0.6271935966396609,0.34231945687261667,0.19281358118518344,13,11,7,4,0.6586217438361105,0.7153411426831834,0.3487265826132743,50.41
MEDIUM,0.6515890147490437,0.6391146935137229,0.7331135561882552,0.604962790178663,0.47297709593377957,0.5794680768656898,0.6336754045327581,0.7490814227134426,0.24723274801673184,13,8,5,3,0.6391146935137229,0.7331135561882552,0.47297709593377957,55.48
HIGH,0.6004162674562099,0.6777906587686989,0.7377288200738182,0.5265774286412374,0.2986189367912599,0.8084599533901967,1.0,0.536914656230467,0.5053851107205165,23,11,11,0,0.6777906587686989,0.7377288200738182,0.2986189367912599,83.2
LOW,0.0741544762941059,0.1637951233356436,0.0995856914508298,0.011935698416702265,0.017452244322974077,0.2704475827891364,0.33331825185185643,0.252761021378965,0.09952213701114757,5,7,2,5,0.1637951233356436,0.0995856914508298,0.017452244322974077,17.35
MEDIUM,0.4733105676480378,0.4309514036054999,0.5599317551800747,0.603146131141994,0.1859666988388418,0.48708764450918174,0.5151352479244047,0.5811918009238417,0.30884067784885283,10,7,4,3,0.4309514036054999,0.5599317551800747,0.1859666988388418,51.82
HIGH,0.7090795102193006,0.7384661915282565,0.669811889508356,0.6467204550768215,0.4425668981610731,0.743813653839546,0.822326990900994,0.820124110298666,0.4319631861960819,17,8,7,1,0.7384661915282565,0.669811889508356,0.4425668981610731,70.91
HIGH,0.6869216521374171,0.6333696979960889,0.6257121561781046,0.7140468304376169,0.5635039425503494,0.8278282050102905,1.0,0.6164687484962332,0.5226722765552196,18,8,8,0,0.6333696979960889,0.6257121561781046,0.5635039425503494,78.14
LOW,0.20222217568387577,0.24500137639447978,0.23617854083764908,0.23453681398207568,0.04114584642290649,0.23054875055062649,0.19923194209137526,0.32807442904271406,0.22697349743629255,5,8,2,6,0.24500137639447978,0.23617854083764908,0.04114584642290649,0.0
MEDIUM,0.4405897070913095,0.41520439027321804,0.42077511343444146,0.4903842150799345,0.20837722252485782,0.45895301552475876,0.5908977574193482,0.3279482271065849,0.19412357825916432,12,11,6,5,0.41520439027321804,0.42077511343444146,0.20837722252485782,31.68
LOW,0.061053776883839755,0.007975442689195325,0.1672593604204544,0.0891749669052741,0.06985737545161058,0.23903043916933336,0.31843616968725647,0.1611278109909716,0.0787158757939258,4,10,3,7,0.007975442689195325,0.1672593604204544,0.06985737545161058,2.7
MEDIUM,0.5157274808716757,0.4897275410887311,0.37300262882156104,0.3617692166371267,0.35419996502029316,0.3547466017743474,0.4783336678013919,0.16800456001357084,0.17072744545399063,11,8,4,4,0.4897275410887311,0.37300262882156104,0.35419996502029316,34.13
LOW,0.16260083283070562,0.1980762173017196,0.2707639726844683,0.1499708669113361,0.11641781340059237,0.1593236492867776,0.15506195147443633,0.15925062392059014,0.1721817680899889,3,9,1,8,0.1980762173017196,0.2707639726844683,0.11641781340059237,0.0
MEDIUM,0.4269655465109495,0.4458452340218366,0.4363089251636575,0.5527581985652136,0.22923489368964045,0.25731795753296294,0.31371054213906163,0.12149291962433258,0.2239652416232972,4,10,3,7,0.4458452340218366,0.4363089251636575,0.22923489368964045,16.15
MEDIUM,0.5519167310629122,0.4279776319153293,0.41015235282733764,0.48899380310281737,0.45207792502440647,0.46063777805412803,0.571484006936233,0.20000522647751312,0.38873164298442775,9,8,5,3,0.4279776319153293,0.41015235282733764,0.45207792502440647,40.1
LOW,0.3956927560346975,0.3687893059902327,0.3191492668064195,0.36511264645889,0.28889338719880675,0.2251969248945097,0.30600126704040925,0.16210850400888197,0.045872319342438864,6,11,3,8,0.3687893059902327,0.3191492668064195,0.28889338719880675,18.51
HIGH,0.7600669083162189,0.8460431876479951,0.6385734815082387,0.765702901230771,0.5289343719728288,0.7548825563323478,0.8543492832296754,0.5348397627834888,0.6765251691892236,21,9,8,1,0.8460431876479951,0.6385734815082387,0.5289343719728288,77.09
HIGH,0.7309700251375976,0.8026567508999661,0.8396430446801801,0.7384589532877519,0.4022014744525636,0.7785332319013354,0.843129739461336,0.6785455234560537,0.6847314176666153,12,5,4,1,0.8026567508999661,0.8396430446801801,0.4022014744525636,80.55
HIGH,0.5874977157363487,0.6784207119844368,0.5697919705995224,0.5636727572798584,0.5480777831742697,0.7175188394194062,0.8149618675765185,0.39720309242501134,0.7455055019424646,16,8,7,1,0.6784207119844368,0.5697919705995224,0.5480777831742697,62.78
HIGH,0.629623426665102,0.6550730294102856,0.6961332611829363,0.6453019794992536,0.5468270746012087,0.7663834444793229,0.9529916531196041,0.44031154427410185,0.5326307187637009,18,7,7,0,0.6550730294102856,0.6961332611829363,0.5468270746012087,78.73
HIGH,0.8013588765543239,0.6521044522760744,0.7531084586391439,0.7598959162638275,0.5861246524501367,0.7749235416898069,0.9442248159075891,0.6497384445138592,0.3922048162124082,18,9,8,1,0.6521044522760744,0.7531084586391439,0.5861246524501367,77.0
MEDIUM,0.4948829459050002,0.6271396517784007,0.40775727600341416,0.5580925810480668,0.23877068685605507,0.3117019205490021,0.35940872658057554,0.10768175029308949,0.37260167271019434,6,8,3,5,0.6271396517784007,0.40775727600341416,0.23877068685605507,31.07
MEDIUM,0.4632622715600107,0.43898017679521995,0.3810585066751915,0.5985668408560842,0.4643267517531798,0.5651754227601709,0.7885238055297251,0.2421370227178221,0.21816867449385707,12,7,6,1,0.43898017679521995,0.3810585066751915,0.4643267517531798,53.17
LOW,0.23638616780788257,0.17747025314688225,0.12795492407411035,0.24672496442257497,0.11386299625292473,0.12474033878765894,0.19835598851912342,0.0,0.028633728380924484,2,8,2,6,0.17747025314688225,0.12795492407411035,0.11386299625292473,0.0
HIGH,0.745147704141158,0.8012742573777702,0.6738104181111885,0.7241775715394493,0.497701125213928,0.7479733821901692,0.7750148630220495,0.8867772159096838,0.5280451059750136,18,8,6,2,0.8012742573777702,0.6738104181111885,0.497701125213928,67.24
HIGH,0.8050610770954795,0.8163036128411861,0.842037752921771,0.7789747172993915,0.6498721588479935,0.7398572846971057,0.8341648234299217,0.643520334873161,0.5532716183226021,19,8,7,1,0.8163036128411861,0.842037752921771,0.6498721588479935,90.97
MEDIUM,0.5064429160592582,0.4422487209761017,0.5889966344724414,0.4650441435538078,0.6690228527677217,0.4193205572299424,0.2993890300553975,0.7794890334175844,0.4189466625659349,15,6,2,4,0.4422487209761017,0.5889966344724414,0.6690228527677217,31.49
MEDIUM,0.29440889329559106,0.2826927408804817,0.2901931109151042,0.3608113485443695,0.44991759552584765,0.3593974980151035,0.47305590423050825,0.0,0.3778197773839927,10,7,3,4,0.2826927408804817,0.2901931109151042,0.44991759552584765,21.49
MEDIUM,0.3284437660965298,0.3782747036696728,0.30642483305431584,0.44586034634695,0.2088516863753906,0.4903835740502752,0.762193024029351,0.07397315878380631,0.09136563937951694,10,10,8,2,0.3782747036696728,0.30642483305431584,0.2088516863753906,41.44
MEDIUM,0.31973983410703766,0.3705932025771891,0.31823205052256626,0.23492374215514394,0.3028722718231003,0.5854657258651909,0.7262370208598794,0.3282335765853619,0.42038399016095424,10,6,4,2,0.3705932025771891,0.31823205052256626,0.3028722718231003,47.8
HIGH,0.9053058581320267,0.9239278574725538,0.8580402399478327,0.9068757820794713,0.5467446620595648,0.6973319544840736,0.8074497283891396,0.5601160788874551,0.5041945083654937,17,6,5,1,0.9239278574725538,0.8580402399478327,0.5467446620595648,75.33
LOW,0.08142797605879007,0.0,0.16362411082184336,0.1020813495382781,0.12603233769558533,0.25021500682923276,0.32220860973539533,0.0666700239899455,0.21777918095003224,2,7,2,5,0.0,0.16362411082184336,0.12603233769558533,9.27
MEDIUM,0.4671551706642845,0.5483808779991522,0.4756520478244648,0.4921993153854325,0.4629688773174705,0.4697465047487137,0.5900021463084484,0.44885180685187037,0.12987427796635312,12,15,9,6,0.5483808779991522,0.4756520478244648,0.4629688773174705,35.82
HIGH,0.910801551889915,0.8627536020277506,0.9461519069205149,0.8657802885690076,0.5335513802459572,0.7836005604854565,0.9456284282388485,0.5062067293756445,0.5749107883350923,22,9,9,0,0.8627536020277506,0.9461519069205149,0.5335513802459572,81.98
MEDIUM,0.43662367229148136,0.4366979198415022,0.6421277781247533,0.4227570672023726,0.053577610849561974,0.4316211348044903,0.5202353707114343,0.3263245574393685,0.27107500444877997,6,7,4,3,0.4366979198415022,0.6421277781247533,0.053577610849561974,57.06
LOW,0.18077597242341611,0.350986049751481,0.11128335763674455,0.22896864523875032,0.0016370421875534502,0.20158201823536837,0.2900910155631209,0.0,0.13763704448747913,4,12,3,9,0.350986049751481,0.11128335763674455,0.0016370421875534502,0.0
MEDIUM,0.5076542423735896,0.5797329608369953,0.625541561852234,0.6296198938062748,0.342263985858839,0.34295131517066874,0.4510842178346628,0.1262978918707952,0.23520603047856026,5,9,4,5,0.5797329608369953,0.625541561852234,0.342263985858839,26.14
LOW,0.13535128780286873,0.164950186491444,0.070206472138439,0.1583751520510696,0.01755820224303191,0.04798482556328798,0.0,0.19559568716241071,0.04432844065402918,1,8,0,8,0.164950186491444,0.070206472138439,0.01755820224303191,2.51
MEDIUM,0.5150512179603227,0.4710877751148465,0.5110729500184862,0.5484138016988882,0.5150562498254625,0.4538832818626733,0.5959796907608299,0.14933006896133372,0.33214726806954314,6,8,5,3,0.4710877751148465,0.5110729500184862,0.5150562498254625,36.87
HIGH,0.7017798932769638,0.678199914058251,0.7725144361764491,0.6269682317432803,0.35262641302068537,0.7145800494302278,0.8339446163422382,0.5280447875067521,0.5430216106176721,10,6,5,1,0.678199914058251,0.7725144361764491,0.35262641302068537,55.99
MEDIUM,0.31451741559347446,0.15408904268371248,0.3645127196477987,0.4381318984053586,0.21071633703847312,0.43972064425507734,0.5902660197127547,0.40538317941670154,0.02242198272042124,13,10,6,4,0.15408904268371248,0.3645127196477987,0.21071633703847312,42.03
HIGH,0.5864879485917672,0.6951725501967039,0.6264007799939474,0.6564610451885358,0.34583392817112446,0.7507732435291692,0.9217249933380647,0.43932001611643445,0.5493712215152174,20,7,6,1,0.6951725501967039,0.6264007799939474,0.34583392817112446,76.28
HIGH,0.699844457438138,0.729298136442925,0.661927633269552,0.6116237227633993,0.5559427278426035,0.7317701019927892,0.8230890071795092,0.7650887437554157,0.42449474467000325,19,7,6,1,0.729298136442925,0.661927633269552,0.5559427278426035,76.83
HIGH,0.697009614983903,0.7042538688302827,0.6336862785950073,0.575673834096318,0.5448240298120148,0.8702694551287117,1.0,0.770846585772065,0.5805006898714933,19,6,6,0,0.7042538688302827,0.6336862785950073,0.5448240298120148,88.72
LOW,0.3033891010651204,0.4302696584286128,0.21421135301344474,0.2002709463540084,0.2271877758027755,0.0931002238575806,0.08929781973389433,0.0,0.19760766008621997,2,6,1,5,0.4302696584286128,0.21421135301344474,0.2271877758027755,0.0
MEDIUM,0.5919381067515543,0.6889855680032055,0.6755374820624809,0.5856683492370283,0.5255071266168613,0.4903102967191751,0.6145121870851964,0.2622107399969413,0.3458041823433452,8,10,6,4,0.6889855680032055,0.6755374820624809,0.5255071266168613,37.44
MEDIUM,0.30338902501988674,0.20450667145496426,0.2697420592816568,0.382748147383194,0.3096874156279876,0.5462079375246751,0.5981620260931857,0.38605619793392476,0.5504974114098937,9,7,4,3,0.20450667145496426,0.2697420592816568,0.3096874156279876,39.6
HIGH,0.8184881064793476,0.7940716718567501,0.8740738640569423,0.7987977872935721,0.6976053909887127,0.8001500773202637,0.8202210665582821,0.8827825425675784,0.6573046443588935,13,4,3,1,0.7940716718567501,0.8740738640569423,0.6976053909887127,88.19
MEDIUM,0.5358595582367996,0.5041349111921251,0.45839240250870594,0.58119191658064,0.3324995866216072,0.43767538869640943,0.492465826511788,0.30516860950307706,0.4058108544436061,13,12,6,6,0.5041349111921251,0.45839240250870594,0.3324995866216072,38.01
MEDIUM,0.5301132736358983,0.6633487015195807,0.6103963392190572,0.5467317578399092,0.3221779329867712,0.5428239841417202,0.6017758440801927,0.5809153197815334,0.3278770686864898,10,8,5,3,0.6633487015195807,0.6103963392190572,0.3221779329867712,70.81
LOW,0.10166426277392088,0.1147920573185951,0.08551005127993494,0.1835279396098821,0.1768761951628884,0.04345279891108697,0.05428444763479296,0.02444359399897558,0.0299670576520804,2,10,1,9,0.1147920573185951,0.08551005127993494,0.1768761951628884,0.0
MEDIUM,0.3148486452305967,0.25544442282468344,0.21084700800906095,0.3264878169772809,0.23456348592100937,0.4136260568303851,0.40234487503991434,0.4342418231580149,0.4268538358741678,7,6,2,4,0.25544442282468344,0.21084700800906095,0.23456348592100937,29.98
MEDIUM,0.28535549043083364,0.250092395124471,0.247437138381491,0.2717220799759584,0.18696538871101384,0.5513664496118994,0.7849010040759296,0.308299116663814,0.0938301191678949,14,8,6,2,0.250092395124471,0.247437138381491,0.18696538871101384,44.4
LOW,0.16948760971187316,0.21621920200373235,0.14473758723133237,0.04823883169646709,0.05146363295489234,0.1567316204191981,0.19223707101625628,0.15356245784086986,0.053384431206351814,3,7,1,6,0.21621920200373235,0.14473758723133237,0.05146363295489234,2.26
HIGH,0.746721178330898,0.6518014551361437,0.7712376240094435,0.6594966071542033,0.41567573731466817,0.7616382234196718,0.8469763214016686,0.9230836681475338,0.3441784847458197,18,7,6,1,0.6518014551361437,0.7712376240094435,0.41567573731466817,85.82
LOW,0.15779749464167273,0.20094627361984807,0.15023341220619021,0.14971978176931386,0.13778520046441667,0.052101024213371844,0.009744277131559063,0.09521161853024437,0.13606067114193762,2,6,0,6,0.20094627361984807,0.15023341220619021,0.13778520046441667,0.0
MEDIUM,0.6110614721899783,0.5935742645539913,0.532807327916008,0.497050460110908,0.4667954699835265,0.5301491198785376,0.6892024614871342,0.3387811175918886,0.2443570973393971,8,4,3,1,0.5935742645539913,0.532807327916008,0.4667954699835265,53.79
MEDIUM,0.6439699124042261,0.49984121725386854,0.5105492994155133,0.662475970716056,0.41224783895434397,0.4303558067982304,0.4721798994466897,0.4045302497889085,0.3307090858621743,7,6,3,3,0.49984121725386854,0.5105492994155133,0.41224783895434397,53.52
HIGH,0.7483253688144753,0.7016722555082116,0.7760893050084222,0.8243531880486802,0.5285136852445285,0.7508252028565612,0.8917737236521046,0.6028913308744055,0.47591351245208713,14,6,5,1,0.7016722555082116,0.7760893050084222,0.5285136852445285,84.01
HIGH,0.6924599502739179,0.67714502126911,0.8346844151631014,0.7502821944708576,0.5553783950256284,0.8353765870415369,0.9736035858274329,0.5408611332612628,0.7152110444641234,17,8,8,0,0.67714502126911,0.8346844151631014,0.5553783950256284,74.64
HIGH,0.5234061106398404,0.5035513850606572,0.4773020446551566,0.49153800306974477,0.22778871552379468,0.8780289707460317,0.9562882792282277,0.7685065265362169,0.7527734895092587,22,11,11,0,0.5035513850606572,0.4773020446551566,0.22778871552379468,83.46
HIGH,0.6572646993265397,0.6350151010466999,0.7083783420374572,0.9842985449922437,0.5767726730111182,0.8225760560550721,0.9197125851593316,0.7467583116779135,0.606984213119452,19,8,7,1,0.6350151010466999,0.7083783420374572,0.5767726730111182,80.07
HIGH,0.7481661755831729,0.7973931468932632,0.7365017552014682,0.7729548170901396,0.6198052914388692,0.7426093673521038,0.895855193561005,0.5605991885050258,0.46488206757247846,18,7,6,1,0.7973931468932632,0.7365017552014682,0.6198052914388692,79.57
LOW,0.16755216262523143,0.13473368375904954,0.09720798782498213,0.17557407693779475,0.06557788048072251,0.2488413133824502,0.35283974930477896,0.08924977560010104,0.09643754339781302,5,8,3,5,0.13473368375904954,0.09720798782498213,0.06557788048072251,20.66
LOW,0.22778097404655914,0.1022785483128647,0.32563763351595904,0.21912995957243503,0.009955415186492178,0.06442213511117748,0.04690722328221307,0.18138900570924818,0.0,2,9,0,9,0.1022785483128647,0.32563763351595904,0.009955415186492178,3.44
HIGH,0.6047150052859507,0.565720074610818,0.6504726187530828,0.581308313363184,0.46542377420210623,0.8027808890951253,0.8806208131734754,0.7722489361216854,0.5997930698335151,15,7,6,1,0.565720074610818,0.6504726187530828,0.46542377420210623,83.35
MEDIUM,0.5100941969756969,0.5125816257481106,0.4730491886226541,0.5444515697991373,0.4938537517408613,0.5603831941671997,0.6438267851751345,0.3758579375352357,0.4945776777753594,6,5,3,2,0.5125816257481106,0.4730491886226541,0.4938537517408613,50.81
HIGH,0.794283774506647,0.656980882129439,0.7593737652233898,0.6883776461448523,0.5519535740597975,0.8687463181907998,0.9721465896829015,0.8451307596304526,0.5821610622748425,18,7,7,0,0.656980882129439,0.7593737652233898,0.5519535740597975,94.46
LOW,0.08149004850242923,0.2085979938743972,0.1010145398864907,0.14711030856627413,0.07555962949510185,0.25731538666299303,0.3685032432369955,0.13296814341550717,0.04809906018847136,6,9,3,6,0.2085979938743972,0.1010145398864907,0.07555962949510185,8.8
HIGH,0.6885066196246364,0.6963506441059105,0.6849123747288487,0.6488683991943441,0.6142563201463298,0.6724481997918804,0.7101625769394101,0.6687954612854835,0.5629578068556885,19,12,9,3,0.6963506441059105,0.6849123747288487,0.6142563201463298,71.36
MEDIUM,0.46133138686393804,0.6023681042096725,0.3723991037799958,0.4079550032706576,0.39834912086855656,0.47009309781233677,0.5885260549624426,0.2933542516076972,0.2915330725666588,12,10,6,4,0.6023681042096725,0.3723991037799958,0.39834912086855656,32.94
MEDIUM,0.44402369706107797,0.481657433416517,0.4183374644228848,0.34735906354738233,0.3780536899098511,0.5343981914535963,0.6322928766262998,0.6330598019436922,0.14205252544539013,12,8,5,3,0.481657433416517,0.4183374644228848,0.3780536899098511,49.94
LOW,0.09337153899853619,0.11501324291289425,0.05339158381467327,0.027258762053556332,0.208399663054791,0.30977931888416793,0.4848465318920031,0.09435699874483033,0.0,5,9,4,5,0.11501324291289425,0.05339158381467327,0.208399663054791,4.49
HIGH,0.5616265797950577,0.5379438714517707,0.442936378489012,0.5661273409578944,0.5054626550324621,0.7302263032475605,0.8509721049939473,0.6461167163135042,0.4520984849424563,14,7,6,1,0.5379438714517707,0.442936378489012,0.5054626550324621,76.73
HIGH,0.666814592962708,0.6995999430798097,0.7395984636077236,0.7020631830124285,0.4595068692451962,0.7688926000541103,0.854488883348776,0.8350632693653882,0.4459330808588349,19,6,5,1,0.6995999430798097,0.7395984636077236,0.4595068692451962,81.83
MEDIUM,0.5218259091794882,0.5142375124554064,0.40681046340930416,0.5419192360589644,0.36345470871453023,0.3380044978567526,0.42113911220041134,0.1321896137280132,0.2944155389545159,6,5,2,3,0.5142375124554064,0.40681046340930416,0.36345470871453023,40.09
MEDIUM,0.49831870850509635,0.5480750721223323,0.4413989489367759,0.5679020295884585,0.3268860241463264,0.5557083672428567,0.8129952078235826,0.2329158175419037,0.10664039520163231,13,10,8,2,0.5480750721223323,0.4413989489367759,0.3268860241463264,62.12
LOW,0.4340008908465405,0.41888985016619734,0.5177050401029899,0.3919643000076432,0.3529782762259786,0.23789009672630598,0.2813626928475269,0.18325627895749694,0.16210612613145228,3,3,1,2,0.41888985016619734,0.5177050401029899,0.3529782762259786,29.49
HIGH,0.6716590225229799,0.7498569425198982,0.6878653595604232,0.6310571615157747,0.3233348377319204,0.8109703253747399,1.0,0.5205364004428062,0.5343152264308932,20,12,12,0,0.7498569425198982,0.6878653595604232,0.3233348377319204,79.05
LOW,0.03940534983128905,0.0,0.0008762936762236953,0.003645100831504669,0.04100636641264768,0.07826401672276224,0.08264068012348169,0.14339804324336614,0.0,3,8,1,7,0.0,0.0008762936762236953,0.04100636641264768,0.0
MEDIUM,0.37075936907209306,0.3554097367379586,0.4694761081657461,0.3228019742161395,0.357342632118342,0.4898407230236881,0.7205866998847618,0.0028216347483983857,0.28462188071575684,4,6,4,2,0.3554097367379586,0.4694761081657461,0.357342632118342,48.12
HIGH,0.7263459406477758,0.6395061869049539,0.7431830816857078,0.6215088856130757,0.5161683526707932,0.7815617126975936,0.8470759328736378,0.8601581637664932,0.5064226011005611,18,8,7,1,0.6395061869049539,0.7431830816857078,0.5161683526707932,77.31
MEDIUM,0.4864536288041423,0.414742106589496,0.5186887760810512,0.5555627618559702,0.38025234450648393,0.4263701914215083,0.4968739883396026,0.3848803327656103,0.2563486593231234,7,8,4,4,0.414742106589496,0.5186887760810512,0.38025234450648393,44.62
LOW,0.12960691992794643,0.19250059517846257,0.24623637494538733,0.052996754401960444,0.0,0.26069120863348116,0.38201592032482085,0.09896753757809786,0.05844074461484558,5,8,3,5,0.19250059517846257,0.24623637494538733,0.0,28.74
HIGH,0.7327325412308464,0.8361122118832313,0.8357267169378575,0.8204115691438061,0.47034520298834226,0.683932788814129,0.8878321086049712,0.21510707062003886,0.5410605476356928,15,8,7,1,0.8361122118832313,0.8357267169378575,0.47034520298834226,85.75
MEDIUM,0.5784774185298709,0.5770801353755285,0.6812212236197728,0.5793680048348802,0.5189948128646039,0.5111364978685581,0.6706749414532772,0.4285451473992438,0.11511251758371527,14,10,7,3,0.5770801353755285,0.6812212236197728,0.5189948128646039,60.72
LOW,0.24859302517258677,0.3526453440481649,0.2106791420096237,0.28600411048304825,0.09627161573382874,0.19645121251746153,0.26920161614887034,0.12512871307242085,0.04952250106827574,3,8,2,6,0.3526453440481649,0.2106791420096237,0.09627161573382874,10.47
MEDIUM,0.48220786315462333,0.3285696016671017,0.5118469661222711,0.4579412164901713,0.29611471010264123,0.34418798353094565,0.38092676355663807,0.3409217397013219,0.23723788728349215,6,11,4,7,0.3285696016671017,0.5118469661222711,0.29611471010264123,25.55
HIGH,0.7258657741806533,0.8197160113389009,0.7661155171013877,0.6382940046347998,0.4651829382606193,0.7506790845951783,0.8352658623404751,0.751546264780149,0.49605157117431736,16,5,4,1,0.8197160113389009,0.7661155171013877,0.4651829382606193,83.23
MEDIUM,0.4644480454007656,0.34394394868798117,0.2997090333605372,0.3165213520750742,0.32064145183442977,0.44939084846947314,0.5038087005623769,0.45924652155595364,0.2762816191042814,13,10,5,5,0.34394394868798117,0.2997090333605372,0.32064145183442977,34.87
HIGH,0.5083838649592651,0.6230693892120337,0.4329817845668462,0.3886691502570676,0.3688544457801116,0.7056806072890488,0.7809966931463183,0.6757702581109627,0.5096426988953267,20,10,8,2,0.6230693892120337,0.4329817845668462,0.3688544457801116,69.52
MEDIUM,0.346999201231977,0.2640483341955121,0.3045434753745398,0.5065411891729188,0.21798063439641865,0.5413459393845113,0.574152324460014,0.6537191480766884,0.33055357546582614,12,7,4,3,0.2640483341955121,0.3045434753745398,0.21798063439641865,44.6
HIGH,0.7512156851743375,0.7116712692664907,0.7661254104631341,0.8792193813233098,0.4631975062487681,0.8596297794733749,1.0,0.5319006403748124,0.7662482569920623,14,6,6,0,0.7116712692664907,0.7661254104631341,0.4631975062487681,94.66
MEDIUM,0.5482111992122257,0.4616632390637084,0.5548039382499365,0.5483110914167841,0.2981665301816967,0.46067347570878175,0.6545255748178366,0.19466138058735083,0.1451292735030483,10,5,3,2,0.4616632390637084,0.5548039382499365,0.2981665301816967,48.16
HIGH,0.596933023453742,0.7063670018324968,0.48651300465358815,0.5006023207211692,0.3856703063413254,0.7890959179877377,0.8982746547609268,0.7817270500888118,0.46892857556709616,20,11,10,1,0.7063670018324968,0.48651300465358815,0.3856703063413254,71.32
LOW,0.12261087524132065,0.029127479265971173,0.1826832567879121,0.04254353637260534,0.07254472368321549,0.08357703155870194,0.07645407892433943,0.0,0.18852292102049137,3,11,1,10,0.029127479265971173,0.1826832567879121,0.07254472368321549,0.0
LOW,0.3978379075919161,0.3774912899885801,0.28785428540479224,0.4844168680195164,0.2852250395332337,0.17578339008467134,0.2683396466798871,0.0,0.0738980103836954,3,10,3,7,0.3774912899885801,0.28785428540479224,0.2852250395332337,25.07
MEDIUM,0.43649036801811103,0.5680840866573279,0.3444216470329674,0.4582085414931592,0.3640532340640566,0.43719278438451675,0.5637105768554379,0.29999039702198826,0.19484179433428175,10,8,5,3,0.5680840866573279,0.3444216470329674,0.3640532340640566,36.23
LOW,0.10899493493809773,0.0,0.06134038645656719,0.0375773747467819,0.050472361361184895,0.10159975880404837,0.05090586387795502,0.14479714042700625,0.21048406195937047,1,8,0,8,0.0,0.06134038645656719,0.050472361361184895,0.0
LOW,0.0033046323033308457,0.0,0.0,0.012538973074845895,0.21853117043931589,0.07651344743992296,0.04868145861502599,0.18163297078582913,0.05488989056870765,4,5,0,5,0.0,0.0,0.21853117043931589,7.81
HIGH,0.7362510638486471,0.7412327114619567,0.724391349459529,0.7634573620056103,0.5829875864655545,0.822147945552718,1.0,0.5454533416299207,0.5652863861336693,19,8,8,0,0.7412327114619567,0.724391349459529,0.5829875864655545,98.54
LOW,0.27982439105588897,0.3524543436000966,0.38121820665258016,0.47298017338213216,0.02733854889747042,0.19839249173137277,0.27195139280518243,0.0,0.17610828024131664,2,9,2,7,0.3524543436000966,0.38121820665258016,0.02733854889747042,0.0
HIGH,0.72228422527637,0.7172355978722448,0.6725699873523092,0.650541144481084,0.5004204163851619,0.7719930715135761,0.8358498747335987,0.8118600618398312,0.5405556715272529,15,5,4,1,0.7172355978722448,0.6725699873523092,0.5004204163851619,79.12
LOW,0.29281390644916255,0.2209186353331819,0.40688002335420687,0.18193133238634676,0.2077864285394112,0.27368922861957296,0.29048817190262116,0.2458695460438326,0.25111208134616864,5,11,3,8,0.2209186353331819,0.40688002335420687,0.2077864285394112,21.77
LOW,0.1290565116198407,0.11980649300892394,0.272882148911087,0.18074943884165076,0.29627631688771155,0.08107308739021535,0.07010017072896298,0.0618442450912797,0.13322067967290815,2,9,1,8,0.11980649300892394,0.272882148911087,0.29627631688771155,4.66
MEDIUM,0.283449251350776,0.3437245773499654,0.3693104015941421,0.30714165641553814,0.014418345309431813,0.4318254320849881,0.5084745563849851,0.43758804686203434,0.19611544440795078,12,10,5,5,0.3437245773499654,0.3693104015941421,0.014418345309431813,28.9
HIGH,0.7192886374343356,0.7189638772174932,0.6164496389755639,0.6848800843080765,0.5107496029569598,0.903017389209601,1.0,0.7884087895016318,0.7266781565463731,15,5,5,0,0.7189638772174932,0.6164496389755639,0.5107496029569598,100.0
HIGH,0.623707229508417,0.6019668560749757,0.7851561689962578,0.569985294692813,0.492343508596629,0.7213018263546809,0.9313627240220554,0.26430223549183346,0.5481187242154043,16,7,7,0,0.6019668560749757,0.7851561689962578,0.492343508596629,82.8
HIGH,0.6655409313339768,0.8669671902605616,0.6086176102824722,0.5581007993072229,0.6036358429027724,0.8424585139480787,0.8959493168703795,0.7066638878023107,0.8177807313269441,14,5,4,1,0.8669671902605616,0.6086176102824722,0.6036358429027724,73.58
LOW,0.14469963384484202,0.05086462681168956,0.20328183027027574,0.1455259631554475,0.0,0.05845002818938121,0.05715644037111059,0.1207808198335743,0.0,3,8,0,8,0.05086462681168956,0.20328183027027574,0.0,4.33
HIGH,0.727434027158758,0.6273079320235477,0.7383367354815994,0.7012860652119998,0.40526867807443556,0.7023799379328545,0.9498973362102254,0.2545052138083211,0.40770246722527564,13,6,6,0,0.6273079320235477,0.7383367354815994,0.40526867807443556,84.63
LOW,0.21053120628710137,0.21518433279199795,0.2095906512797049,0.3202772022837776,0.0,0.21343614055177804,0.2925869645945214,0.04918058351161289,0.1402392254637132,5,9,3,6,0.21518433279199795,0.2095906512797049,0.0,20.66
HIGH,0.800544470160873,0.7954360805425733,0.7636759933627526,0.9632454398438896,0.6305722530576824,0.7971612707165112,0.8666236350990489,0.8414624652892594,0.5444729829961495,16,7,6,1,0.7954360805425733,0.7636759933627526,0.6305722530576824,88.53
MEDIUM,0.46865146696601384,0.5396127371623365,0.47749235638767235,0.6267715516982244,0.3293766500203393,0.6570725188347148,0.7523557872036049,0.5452590834971803,0.4830361490655795,12,12,9,3,0.5396127371623365,0.47749235638767235,0.3293766500203393,59.61
HIGH,0.711143306296619,0.6793513106027683,0.6676667795884724,0.6231762821285186,0.5075386424333265,0.7972007447710181,0.974721234938024,0.5512609207400696,0.510579098300949,14,7,7,0,0.6793513106027683,0.6676667795884724,0.5075386424333265,80.52
LOW,0.3257346133770402,0.23036636062084084,0.3233038428723329,0.4199855444551499,0.11013043480123934,0.25382752274552084,0.35204197393056974,0.05610461546915209,0.1569070764667429,4,8,3,5,0.23036636062084084,0.3233038428723329,0.11013043480123934,28.26
LOW,0.299650006522905,0.3216209777819114,0.23676842883304755,0.28800302961850194,0.18894456218199387,0.0780580549893642,0.030582915172232886,0.1459038266767092,0.15263770275341315,3,10,0,10,0.3216209777819114,0.23676842883304755,0.18894456218199387,13.23
LOW,0.16097992670690192,0.22808056615123118,0.19215656440048345,0.1595538558782713,0.025213879198348,0.11344453171663156,0.13631390583714023,0.15828094107173715,0.0,3,3,0,3,0.22808056615123118,0.19215656440048345,0.025213879198348,11.19
LOW,0.3576672262879752,0.27662196248384235,0.22409977175704507,0.3355554143105981,0.18188704762720798,0.17416191144557905,0.1969569191562357,0.15380325776638046,0.12613554199280774,5,8,2,6,0.27662196248384235,0.22409977175704507,0.18188704762720798,19.95
LOW,0.26352486283047905,0.13987571593544268,0.3486247488179818,0.2653000645742072,0.06439945426152235,0.13847029472703024,0.1500033925335044,0.20375403928659436,0.03858725674804352,4,9,1,8,0.13987571593544268,0.3486247488179818,0.06439945426152235,10.5
HIGH,0.6936096863947051,0.5808582871925608,0.6545172408658118,0.6050313455429022,0.4808358376662635,0.7495986371404216,0.7984549827128368,0.6666838235149725,0.6859444140486255,16,10,8,2,0.5808582871925608,0.6545172408658118,0.4808358376662635,68.59
HIGH,0.7704043608786184,0.7211882571654281,0.7314867944252154,0.7769855413000497,0.35595379756102175,0.8392000424998041,0.9420264454212243,0.8666142821048255,0.5033065941305219,19,5,5,0,0.7211882571654281,0.7314867944252154,0.35595379756102175,89.47
MEDIUM,0.2914640865627909,0.18606556951047287,0.32459378317404036,0.3736692792457031,0.09110103587250298,0.37051142615113775,0.5347296666321478,0.032555429614672844,0.21581270124457236,8,7,4,3,0.18606556951047287,0.32459378317404036,0.09110103587250298,20.76
MEDIUM,0.42953411125708163,0.5330851046257523,0.48542990043238265,0.49771813693967915,0.5027035057968315,0.3712954264278384,0.4327578107128782,0.377088681163881,0.18111501883667652,9,8,3,5,0.5330851046257523,0.48542990043238265,0.5027035057968315,37.8
MEDIUM,0.3054256364859241,0.3112901178882884,0.23725219942523457,0.2591952036915157,0.2809712155719139,0.5289815136808771,0.6228444478352315,0.5168404649660414,0.25953375993264943,12,10,6,4,0.3112901178882884,0.23725219942523457,0.2809712155719139,32.89
HIGH,0.49100647221448174,0.3658922547855834,0.5082434517363472,0.41840487929001213,0.17917818784747708,0.7810228512749213,0.866449972299761,0.7059560073294933,0.5998083321458304,17,8,7,1,0.3658922547855834,0.5082434517363472,0.17917818784747708,67.78
MEDIUM,0.42878225058833985,0.42267566557270525,0.5118098710536383,0.4921342582454935,0.28166105094400723,0.3686609906621364,0.5009415161758258,0.28303238101483585,0.05744802376836878,9,10,5,5,0.42267566557270525,0.5118098710536383,0.28166105094400723,36.49
MEDIUM,0.6170000462727919,0.6593588435863537,0.6899698956250153,0.5696338248615042,0.30335910775789965,0.3920464700311935,0.5721289007690993,0.0,0.2438456478486694,4,6,3,3,0.6593588435863537,0.6899698956250153,0.30335910775789965,52.58
HIGH,0.6838039936294159,0.7094046777706853,0.6405488558530636,0.8779368937735503,0.508746543251915,0.8164436703895228,0.852774231679216,0.8250733251865837,0.6988223317233827,13,6,5,1,0.7094046777706853,0.6405488558530636,0.508746543251915,74.17
HIGH,0.694573133853347,0.5642427276709303,0.6611133809466224,0.6779381388653201,0.5186871856021569,0.8684394474873856,0.9489425820329417,0.7303086965986109,0.7650607947394915,19,10,9,1,0.5642427276709303,0.6611133809466224,0.5186871856021569,78.43
MEDIUM,0.27856013626587045,0.2908277206803564,0.3050691097119755,0.3499931606294575,0.22172392487480436,0.5731646477125403,0.7080983187777863,0.5648998057158608,0.17662847651348157,11,7,5,2,0.2908277206803564,0.3050691097119755,0.22172392487480436,42.44
HIGH,0.7301258579234736,0.7202797520050728,0.7301506031370437,0.6547147496098005,0.5617323109506445,0.739259088914684,0.9346609353781651,0.497499927705206,0.39481271073371854,21,10,9,1,0.7202797520050728,0.7301506031370437,0.5617323109506445,81.41
HIGH,0.8046278012717705,0.8422558042088211,0.7877712319347429,0.8820737632810602,0.48227614411356773,0.7641284217844855,0.8447355960062187,0.72272635135256,0.5637089695512113,20,9,8,1,0.8422558042088211,0.7877712319347429,0.48227614411356773,70.12
MEDIUM,0.6781296493724677,0.6304053541494637,0.6209498293477308,0.49885066355220553,0.4848655944223283,0.5105077021412677,0.6370912721533617,0.46571084465206536,0.1755538495941884,11,8,5,3,0.6304053541494637,0.6209498293477308,0.4848655944223283,60.99
LOW,0.20773075250806566,0.14256557270261716,0.057978152944788114,0.26223526941304687,0.15941511306304407,0.20195203795073052,0.2710274311973259,0.04655453763655192,0.1501233585251229,6,10,3,7,0.14256557270261716,0.057978152944788114,0.15941511306304407,15.17
LOW,0.06201162195229202,0.053489603613192195,0.0,0.0,0.23891396789997327,0.0793522463007149,0.07723597864982752,0.0,0.16505329555409193,3,7,1,6,0.053489603613192195,0.0,0.23891396789997327,0.0
HIGH,0.819588147761898,0.7138265289636329,0.806046869214361,0.8428924983882564,0.5017881936619453,0.8050695050635795,0.9193576166286522,0.6531295388407968,0.6141451365911444,26,12,11,1,0.7138265289636329,0.806046869214361,0.5017881936619453,89.71
MEDIUM,0.502910258751537,0.4843308791602736,0.3759196634536952,0.49918302089487326,0.460248886981216,0.27482231867633133,0.33028793045910926,0.15308202332719617,0.23016577867713287,12,9,3,6,0.4843308791602736,0.3759196634536952,0.460248886981216,22.78
HIGH,0.700577866525628,0.6764781945129045,0.6967616494522647,0.6633988870309623,0.7647022618753323,0.8261446105666561,0.9599740163539029,0.558771172550287,0.6920298312212853,18,9,9,0,0.6764781945129045,0.6967616494522647,0.7647022618753323,80.87
LOW,0.07800293187426476,0.0,0.107662116345938,0.06263635074670391,0.14234522728303206,0.08834590514191795,0.0932117344535448,0.0,0.16209432234895532,3,7,1,6,0.0,0.107662116345938,0.14234522728303206,0.0
HIGH,0.775574123749287,0.8083539442751971,0.8395682320645432,0.7537422888803039,0.3786104511247478,0.8123539319580041,0.9288742468328479,1.0,0.2751469192914764,17,9,8,1,0.8083539442751971,0.8395682320645432,0.3786104511247478,88.65
LOW,0.2746853705296397,0.2914984062008958,0.384566862920081,0.3679973996855629,0.17261234796210684,0.2247829506789737,0.3313271458076143,0.06872192140942723,0.06121139456259836,4,6,2,4,0.2914984062008958,0.384566862920081,0.17261234796210684,13.49
MEDIUM,0.5150479235552355,0.4803265779994945,0.4911588105067633,0.49632660300519316,0.3268783005537057,0.7887874692086572,0.9591651839295089,0.6825411439425442,0.38390065031221526,17,8,8,0,0.4803265779994945,0.4911588105067633,0.3268783005537057,75.37
LOW,0.25582218984452376,0.2660897865217588,0.3310471843237529,0.22220822946355387,0.18492086333945382,0.05220106667855002,0.08246751884685385,0.013602776852188548,0.0,3,9,1,8,0.2660897865217588,0.3310471843237529,0.18492086333945382,11.11
LOW,0.2439908922808428,0.24393402233349287,0.30299742106646765,0.1918772587688966,0.1371641431538733,0.03385917875142695,0.01358001666695758,0.028307985494413324,0.10024785826184868,0,8,0,8,0.24393402233349287,0.30299742106646765,0.1371641431538733,0.0
LOW,0.34080434109284785,0.2732033308723912,0.3800094624326644,0.2958791329815378,0.19398539747602192,0.06921818363162995,0.09469145159745472,0.0,0.06201656336578554,1,10,1,9,0.2732033308723912,0.3800094624326644,0.19398539747602192,3.5
HIGH,0.7005213346973518,0.6950618001689797,0.7208403484760668,0.6197551206530365,0.40047471344659213,0.835817398852163,0.9789000463428092,0.620813899771204,0.6215729554611831,22,10,10,0,0.6950618001689797,0.7208403484760668,0.40047471344659213,74.99
LOW,0.3040831479845777,0.34590279318834743,0.31879844745573727,0.17291913598344955,0.15120630139326668,0.1576897317381836,0.2083192674855819,0.0,0.1634908562341723,2,8,2,6,0.34590279318834743,0.31879844745573727,0.15120630139326668,8.39
HIGH,0.6870126295925632,0.8005823230911837,0.7332894585536316,0.5777761273555195,0.3319580105576755,0.7960584468248219,0.8786546799273627,0.675242055644887,0.6690861386971341,24,11,10,1,0.8005823230911837,0.7332894585536316,0.3319580105576755,77.49
LOW,0.24256286989235895,0.15529994733053804,0.09153128358755921,0.2540915226603287,0.02027710856363879,0.08849828494771535,0.09782486571126636,0.03151672101123646,0.11750010659354118,2,11,1,10,0.15529994733053804,0.09153128358755921,0.02027710856363879,2.17
LOW,0.24583735496660605,0.24812227599760797,0.20186240186582494,0.3391246961297797,0.053005754142469205,0.09679305896657123,0.11781424949692304,0.07549722051669822,0.05502532582538879,2,9,1,8,0.24812227599760797,0.20186240186582494,0.053005754142469205,12.9
MEDIUM,0.43615516421579825,0.4089697335170751,0.47257737667289035,0.4209306758785788,0.31003133845274344,0.5188200142821479,0.6264524932294543,0.3777111716091943,0.33703142011318205,12,6,4,2,0.4089697335170751,0.47257737667289035,0.31003133845274344,42.26
MEDIUM,0.39169911816386704,0.47828680166595017,0.4623983857630562,0.3915351331417919,0.4296614221763797,0.46097220565592456,0.5218901170541823,0.5263383778639955,0.21285229925308025,9,9,5,4,0.47828680166595017,0.4623983857630562,0.4296614221763797,34.97
HIGH,0.7878558804010963,0.7341958851669298,1.0,0.6772889395041239,0.5747940330948013,0.8029682849924018,0.9230232556191439,0.7576187742534567,0.48815288385112077,17,8,7,1,0.7341958851669298,1.0,0.5747940330948013,97.8
HIGH,0.6851979195608126,0.6321312261658742,0.621176733664276,0.5731109932410177,0.5468452123110397,0.6927026633174507,0.8461745433965724,0.49056997147935505,0.43441971491818154,17,9,8,1,0.6321312261658742,0.621176733664276,0.5468452123110397,70.14
LOW,0.2435232781334747,0.19053537989771568,0.24913777547246707,0.23234461702290493,0.001617816680008738,0.32045150052179033,0.44345408236667333,0.15747876865333632,0.11441648685559555,8,9,4,5,0.19053537989771568,0.24913777547246707,0.001617816680008738,26.23
LOW,0.129169148437969,0.08512584573471571,0.0,0.09970655615594436,0.15660224095410508,0.20969837527743074,0.2760354677927012,0.16161459956972798,0.05877087343932206,5,9,2,7,0.08512584573471571,0.0,0.15660224095410508,0.0
LOW,0.40810507631436244,0.38478791417844027,0.20635950504484663,0.3430923681564174,0.1042196243064078,0.10921977665361036,0.1238768158247945,0.0,0.17446843579366836,2,10,1,9,0.38478791417844027,0.20635950504484663,0.1042196243064078,20.93
MEDIUM,0.45882606518943886,0.6343790109890408,0.5056485640614071,0.5054497511027997,0.24442390804482161,0.4227319587325445,0.48751386661966883,0.1494086802094532,0.5017095135942627,8,5,2,3,0.6343790109890408,0.5056485640614071,0.24442390804482161,45.95
LOW,0.31424073125786117,0.29354481538574323,0.20856973288506464,0.343399319067318,0.13772014883163125,0.12106369816093474,0.17540772407302854,0.04942499298916541,0.029670325596422607,3,6,1,5,0.29354481538574323,0.20856973288506464,0.13772014883163125,13.12
HIGH,0.6635772797556544,0.6676810018580367,0.6046929807054655,0.6033131240221247,0.6355280158105838,0.7640920175722485,0.9707633901332307,0.5377095270943997,0.3704603903671509,13,5,5,0,0.6676810018580367,0.6046929807054655,0.6355280158105838,79.4
LOW,0.21483195709177672,0.24156972087298717,0.13176302460025086,0.3354520777274304,0.13064373189557607,0.17308842818285047,0.2353811276637271,0.03437961405171202,0.12491914387135893,3,12,3,9,0.24156972087298717,0.13176302460025086,0.13064373189557607,2.35
HIGH,0.6666845508993363,0.6249724687837946,0.5834316916313969,0.6627115657494742,0.622793271150849,0.7771817636743441,0.8880144952936317,0.6307121916607693,0.591153140830056,21,9,8,1,0.6249724687837946,0.5834316916313969,0.622793271150849,79.94
MEDIUM,0.3310160912351157,0.3902129947364972,0.26345477875170176,0.2609761600990998,0.2510246847465516,0.6268947435621073,0.7812287572914209,0.4952913983251456,0.29549604761112763,14,6,5,1,0.3902129947364972,0.26345477875170176,0.2510246847465516,50.81
MEDIUM,0.5166200335263841,0.48077597554725743,0.45637972826319717,0.4640525206953863,0.29565776307684877,0.3323087762218245,0.3808949393102896,0.10221548572177432,0.41664357745647923,5,9,3,6,0.48077597554725743,0.45637972826319717,0.29565776307684877,35.53
MEDIUM,0.4111447629347899,0.313078310029085,0.43846053072876345,0.5603752066603463,0.28925848801781945,0.5635340919292705,0.6997979464893561,0.3076564280607797,0.4106201921175046,8,8,6,2,0.313078310029085,0.43846053072876345,0.28925848801781945,45.33
HIGH,0.8082624419456781,0.7959824694149841,0.8106476702326068,0.7612809519765217,0.721876360634421,0.7765563711602563,1.0,0.5147511350917889,0.36803072070949266,14,4,4,0,0.7959824694149841,0.8106476702326068,0.721876360634421,86.74
LOW,0.2271841708505651,0.12875818069113457,0.2907780275871651,0.1965993804266462,0.0508830125742661,0.131386368129291,0.15595823606450762,0.05985246298069899,0.1292046694722332,4,10,2,8,0.12875818069113457,0.2907780275871651,0.0508830125742661,8.18
LOW,0.1431356432274085,0.00169405183005511,0.14159855151804773,0.07505472620253548,0.22202882287860376,0.15276961588012664,0.17591350428489005,0.17470859935275765,0.06139896719320545,4,7,1,6,0.00169405183005511,0.14159855151804773,0.22202882287860376,7.19
MEDIUM,0.4387464893582088,0.5018976963900423,0.4903283188835485,0.2646008780516066,0.28137720842841646,0.4699277704965531,0.7022111164101414,0.1460930017556434,0.09691250149669793,11,8,6,2,0.5018976963900423,0.4903283188835485,0.28137720842841646,44.23
HIGH,0.8843622051870856,0.7303560021178945,0.853642660168555,0.701814891431534,0.685154451967338,0.7558889094837131,0.8456115373308464,0.5548389027103175,0.6877710327157096,10,5,4,1,0.7303560021178945,0.853642660168555,0.685154451967338,67.49
HIGH,0.8038218957422217,0.7803108499132798,0.701802258352773,0.8705496801382718,0.8381428850074591,0.7503714642118651,0.8811449900719345,0.40941922137383674,0.699003129469685,12,6,5,1,0.7803108499132798,0.701802258352773,0.8381428850074591,65.82
MEDIUM,0.2966055334691757,0.39731216168316996,0.2185140422677918,0.3589903037231627,0.19712999662242153,0.4908887650745661,0.5688046689902759,0.45444421599696866,0.29358560240503406,8,7,4,3,0.39731216168316996,0.2185140422677918,0.19712999662242153,44.59
HIGH,0.867816438128334,0.8783621763533799,0.8408248453132279,0.8891032231065268,0.5480417287899766,0.7351868354389358,0.8857561483161459,0.42365542018905117,0.5950103120571903,16,8,7,1,0.8783621763533799,0.8408248453132279,0.5480417287899766,93.28
LOW,0.18711162496006092,0.054998379972534844,0.231114201144888,0.1857128536404596,0.13271277655576175,0.1770426478930128,0.18111666266149795,0.04218101569722815,0.299682235783342,2,8,1,7,0.054998379972534844,0.231114201144888,0.13271277655576175,0.05
MEDIUM,0.43518414554850837,0.47084922163863463,0.5073708599073113,0.42687151721105726,0.2369294919908042,0.21863871364146314,0.2008394836141496,0.27256394879436274,0.21811116857050425,9,6,1,5,0.47084922163863463,0.5073708599073113,0.2369294919908042,27.69
HIGH,0.7153710468111959,0.649991545988788,0.744714562398883,0.6513992920239862,0.4468600425698317,0.8952270532946812,0.9770431513102636,0.8138681887448624,0.7311376237977528,16,8,8,0,0.649991545988788,0.744714562398883,0.4468600425698317,92.78
MEDIUM,0.5253924523762368,0.4658923783030088,0.439728270195595,0.5682695940104415,0.27915941833421926,0.5996375761590919,0.503804009958562,0.9313020139877016,0.5554738369320715,13,10,5,5,0.4658923783030088,0.439728270195595,0.27915941833421926,43.69
HIGH,0.8496990497024719,0.8087682269389738,0.8131549866403127,0.8567159715293035,0.45589272490109445,0.6808624054964592,0.791328781244054,0.41479870498282473,0.6155269787673089,17,9,7,2,0.8087682269389738,0.8131549866403127,0.45589272490109445,64.81
MEDIUM,0.5046865821239767,0.4349241958033383,0.44073209281530873,0.5857066998169937,0.2979858621822083,0.40621802209892344,0.4846128914050648,0.2999818919340249,0.2772695443453978,7,9,4,5,0.4349241958033383,0.44073209281530873,0.2979858621822083,34.43
MEDIUM,0.7059302008549851,0.597399105784289,0.732410700705523,0.6907212714795783,0.48427172570817884,0.4360776773348738,0.43156273606720114,0.5011608874430276,0.38453929102973783,9,13,6,7,0.597399105784289,0.732410700705523,0.48427172570817884,35.82
MEDIUM,0.36053500798927546,0.35638364958750796,0.3239911763518007,0.37559431849393,0.11288926172563965,0.5163876313400574,0.606379032383236,0.33394760602663814,0.4288534535239407,13,10,6,4,0.35638364958750796,0.3239911763518007,0.11288926172563965,35.75
HIGH,0.7576253071577008,0.7149756517951125,0.692887352005818,0.7019027928532003,0.5892207221090499,0.7022975220980799,0.7934704263387267,0.6810211918569188,0.4500551396173009,12,5,4,1,0.7149756517951125,0.692887352005818,0.5892207221090499,74.19
HIGH,0.6324063585451605,0.46632818928375763,0.8847530744340588,0.721830098085678,0.5359123736659354,0.8404547666297734,1.0,0.6684739693194017,0.533799863829465,24,11,11,0,0.46632818928375763,0.8847530744340588,0.5359123736659354,84.85
LOW,0.07612277696366382,0.055525208277590055,0.21242795957323235,0.1404703171034065,0.0,0.15986321211193744,0.1362676717972607,0.25409567313601045,0.13641737203189466,4,8,1,7,0.055525208277590055,0.21242795957323235,0.0,2.19
LOW,0.11664112219639827,0.19746708798981838,0.13564475363826667,0.17320537019496496,0.1363176834069428,0.2836981893864669,0.36904597583363663,0.14546425121303433,0.16588876821839038,4,8,3,5,0.19746708798981838,0.13564475363826667,0.1363176834069428,9.82
MEDIUM,0.5313207281356739,0.647402965194485,0.4945270968944805,0.5494005867024042,0.35900901763415466,0.6307403335618869,0.79364688128781,0.42528971838340757,0.34747130556259676,12,8,6,2,0.647402965194485,0.4945270968944805,0.35900901763415466,51.11
LOW,0.21788444618839156,0.22221637863321836,0.23263831987835398,0.29319558641677196,0.16181302317559812,0.13462456330882994,0.15820263127822495,0.07900237827549268,0.11951254443398208,3,7,1,6,0.22221637863321836,0.23263831987835398,0.16181302317559812,7.06
LOW,0.11834330681350841,0.20353338384337188,0.2334605608034449,0.009291536374176651,0.12292922287772365,0.165144618154414,0.18705067163732764,0.12840358354590264,0.13616749231418457,4,4,1,3,0.20353338384337188,0.2334605608034449,0.12292922287772365,21.15
HIGH,0.6055377859543029,0.603059965758686,0.5624245204151908,0.4523181259154786,0.36182272856861586,0.7021891128802575,0.8132713488295387,0.7169052665575898,0.35422625135508184,14,6,5,1,0.603059965758686,0.5624245204151908,0.36182272856861586,72.86
MEDIUM,0.48637079458034643,0.4038019300880726,0.4320428103699846,0.5390154410408861,0.20585910849448913,0.5666394069842983,0.7145078951960295,0.4046819309254201,0.2849914184079828,11,5,4,1,0.4038019300880726,0.4320428103699846,0.20585910849448913,49.82
LOW,0.18428397440368852,0.05757997484661856,0.16582912975674569,0.08746125633503367,0.06379684842621355,0.20491737017005535,0.25193353384197115,0.17024599808320132,0.09854025124116193,3,6,2,4,0.05757997484661856,0.16582912975674569,0.06379684842621355,6.17
HIGH,0.7073260178353658,0.5740400004787677,0.7134216745614042,0.5905711967683412,0.37450277021675427,0.7678401094860277,0.9534892504486417,0.6549138786372272,0.323818917446986,18,7,7,0,0.5740400004787677,0.7134216745614042,0.37450277021675427,77.93
LOW,0.22440724535239662,0.22798350385193195,0.14502674191640808,0.2261914287078603,0.12835062417832332,0.28423443089970535,0.40689420619709665,0.08969172174985046,0.11079781415738643,6,9,4,5,0.22798350385193195,0.14502674191640808,0.12835062417832332,11.92
MEDIUM,0.506153489152662,0.6727596107678637,0.5655467212054986,0.5668958330701618,0.42608098224339125,0.32346580554822785,0.4464516371660218,0.09840523305709886,0.17956888318597491,11,9,4,5,0.6727596107678637,0.5655467212054986,0.42608098224339125,35.18
HIGH,0.8676674527468553,0.8321750983231609,0.7758151905329996,0.8879068065066856,0.7365532676682214,0.6722107490278021,0.8324959897506208,0.30904124203894284,0.5545245338482053,10,10,8,2,0.8321750983231609,0.7758151905329996,0.7365532676682214,81.45
HIGH,0.7724829761847964,0.6127468949191739,0.6544948266320443,0.8219804495357752,0.6623150354446525,0.8250189162477214,0.8992686964903585,1.0,0.42728849176753164,16,6,5,1,0.6127468949191739,0.6544948266320443,0.6623150354446525,86.27
MEDIUM,0.36085737010827845,0.40625821420041985,0.4043460918468468,0.4899278584930512,0.20355579262461937,0.514387560198253,0.6005456388814288,0.4711684163964127,0.2991324679505663,8,8,5,3,0.40625821420041985,0.4043460918468468,0.20355579262461937,46.32
LOW,0.19421840366571588,0.13163639718946457,0.059881196402557124,0.23046303832487613,0.13926591036938218,0.23255155027274146,0.3667941464323314,0.0,0.062375312066713214,4,5,2,3,0.13163639718946457,0.059881196402557124,0.13926591036938218,29.32
LOW,0.2521424617062817,0.31528399913747973,0.2870291622956951,0.29799092350260015,0.18140737878156854,0.250854343265452,0.27425935322881523,0.3139993050827792,0.11749435155803498,5,8,2,6,0.31528399913747973,0.2870291622956951,0.18140737878156854,15.35
HIGH,0.6817002077795643,0.7732188282024283,0.7652250054426668,0.8549750029038843,0.4748361464299053,0.8085237389822416,0.9230909734555209,0.6993946182367811,0.573951156307864,16,10,9,1,0.7732188282024283,0.7652250054426668,0.4748361464299053,84.11
MEDIUM,0.6135535275806203,0.7134388708273567,0.6809184076657915,0.5658910146105776,0.35450319132744584,0.3703977438949652,0.4386955486658325,0.12230904359703426,0.4135930298802945,10,11,5,6,0.7134388708273567,0.6809184076657915,0.35450319132744584,41.7
HIGH,0.75687594216993,0.587511957630212,0.7820500929930019,0.7228327544223487,0.5257971447553693,0.7363980357829953,0.918061177000486,0.5068798339903298,0.4209268139231895,12,7,6,1,0.587511957630212,0.7820500929930019,0.5257971447553693,73.97
HIGH,0.5564916544750216,0.5987936914156723,0.48445192639116,0.4074376698651959,0.3494188539940326,0.7881185671284081,0.8109421927228125,0.9418165307951848,0.5659497266784188,17,5,4,1,0.5987936914156723,0.48445192639116,0.3494188539940326,70.89
MEDIUM,0.6389543121229092,0.5609126421224429,0.7217660046111836,0.6061925679619696,0.4454323721571331,0.354607705525802,0.43752606894122065,0.2127850629932894,0.24767525781205874,7,4,2,2,0.5609126421224429,0.7217660046111836,0.4454323721571331,49.19
LOW,0.2659953018688041,0.3825603829575547,0.21283378974983275,0.20321369622000968,0.297537980921736,0.19934862504210019,0.2483901757335263,0.08640762684852103,0.16516497116140097,5,9,2,7,0.3825603829575547,0.21283378974983275,0.297537980921736,12.68
LOW,0.30980614757459357,0.11397983351298291,0.4005459935314115,0.2693976841559846,0.26685905327956233,0.2664108676697397,0.39969523154384123,0.06941010171276417,0.0635585420044107,3,8,3,5,0.11397983351298291,0.4005459935314115,0.26685905327956233,32.48
HIGH,0.8645590466932424,0.8379024472760817,0.867279493739826,0.9401001797571497,0.4949698725061342,0.8062368683933547,0.8917959825306648,0.8313604687573589,0.5244359256174205,19,7,6,1,0.8379024472760817,0.867279493739826,0.4949698725061342,98.62
MEDIUM,0.3690010428014292,0.32265576277512664,0.33127464354295805,0.42648268962656816,0.13862094907079558,0.3062788676161451,0.3789495543167376,0.20713237959670577,0.18741329553380662,10,10,4,6,0.32265576277512664,0.33127464354295805,0.13862094907079558,21.02
MEDIUM,0.14523201946836672,0.10863780563275463,0.24474830023342642,0.10428642305445349,0.0,0.5763864952028048,0.7564337628519117,0.12710396175232536,0.48552722570596424,15,14,11,3,0.10863780563275463,0.24474830023342642,0.0,44.81
MEDIUM,0.24444702939290522,0.18070883168590168,0.31024062101479394,0.24458655395893683,0.1524727421943797,0.3232841031415068,0.35637463985777534,0.32453001463511216,0.22276658149909592,5,6,2,4,0.18070883168590168,0.31024062101479394,0.1524727421943797,20.61
HIGH,0.6993482585529917,0.557827154784738,0.7395993418259882,0.7186053257831059,0.46640685535466614,0.7903481046260011,0.9129213566828214,0.83683365617147,0.3761427969100718,15,8,7,1,0.557827154784738,0.7395993418259882,0.46640685535466614,83.38
HIGH,0.6975088379932576,0.7653818803688544,0.7629896242875497,0.7844455637116681,0.44861840599676445,0.8251087041106763,0.9562536565176086,0.7513276565082422,0.5054548944923132,19,8,8,0,0.7653818803688544,0.7629896242875497,0.44861840599676445,92.02
LOW,0.16641345492903514,0.13397803196145136,0.2430226756239327,0.27361100074526024,0.1480429257471994,0.2306832613933756,0.27902867234615486,0.23031314848049186,0.0860171414479216,4,8,2,6,0.13397803196145136,0.2430226756239327,0.1480429257471994,8.57
LOW,0.15619973552949604,0.161102640132205,0.30950982287629114,0.007257680314496723,0.13093566183030514,0.09314855159709265,0.12073207500601504,0.10001693163775247,0.0035296013296656206,3,7,1,6,0.161102640132205,0.30950982287629114,0.13093566183030514,4.2
MEDIUM,0.1711392567858681,0.16106970453978872,0.15716390165557353,0.16599699142023058,0.123025038245441,0.32862005441291536,0.4254822909943481,0.040600666411004974,0.3260527326705276,7,6,3,3,0.16106970453978872,0.15716390165557353,0.123025038245441,19.21
MEDIUM,0.4434653104556634,0.44466194726041536,0.42375772255025546,0.4109302008709567,0.2871273834259712,0.48941834624475483,0.7272475484569721,0.04312544642568486,0.22222363942717296,12,10,7,3,0.44466194726041536,0.42375772255025546,0.2871273834259712,55.23
MEDIUM,0.29180506370969556,0.20317772073862145,0.2679081724208869,0.35266079880410833,0.1787956923713517,0.4466913782696581,0.5002477711762363,0.4293870019285437,0.303326575891038,8,7,4,3,0.20317772073862145,0.2679081724208869,0.1787956923713517,44.28
HIGH,0.5942313132071269,0.5620225389177235,0.6475891373913725,0.5032183439189123,0.45247966512144766,0.7583143084747387,0.8738806411141136,0.4066485486461503,0.7632810703852027,15,7,6,1,0.5620225389177235,0.6475891373913725,0.45247966512144766,65.52
MEDIUM,0.683686365119525,0.5635120416626866,0.6705215342404726,0.7899174914934267,0.43173723683189175,0.4107038211432299,0.6113948374701856,0.013930884973958649,0.20540370833163393,8,9,6,3,0.5635120416626866,0.6705215342404726,0.43173723683189175,51.24
HIGH,0.765406634611245,0.6582403736615047,0.8886621036012876,0.7107912965936073,0.6158549556869171,0.7604845079747345,0.9561763522652115,0.4529843432939544,0.4809091397840837,15,7,7,0,0.6582403736615047,0.8886621036012876,0.6158549556869171,74.32
MEDIUM,0.36735026924804653,0.35821634505048977,0.4478585488072036,0.41309403704224157,0.19501460312722751,0.5633652177574318,0.706139834783933,0.48310795461141753,0.21529862982394246,13,7,5,2,0.35821634505048977,0.4478585488072036,0.19501460312722751,54.24
LOW,0.09944073717356952,0.15507107000148995,0.0054907730870197985,0.16383576419083762,0.26318722200270117,0.1712411759551789,0.2447947520922885,0.007701165062169335,0.1141204584368597,3,10,2,8,0.15507107000148995,0.0054907730870197985,0.26318722200270117,6.63
MEDIUM,0.3631595832624244,0.43564414056866074,0.306194604565233,0.1562633345539582,0.22357845085633749,0.5701166821696774,0.5971294058540562,0.5617021202362613,0.4974930730499571,12,8,5,3,0.43564414056866074,0.306194604565233,0.22357845085633749,48.88
LOW,0.18131404938842094,0.21222936744160953,0.1229202231683614,0.33972088964915537,0.0,0.2134353130991067,0.2685063961411934,0.13195483507534714,0.12970254199660608,3,6,2,4,0.21222936744160953,0.1229202231683614,0.0,13.82
HIGH,0.7220229162363614,0.7864444970314813,0.6853713489701693,0.7485488143087604,0.6279820321780966,0.7731487112654867,0.874916202761699,0.8871436203706006,0.3538513276717359,18,7,6,1,0.7864444970314813,0.6853713489701693,0.6279820321780966,94.61
MEDIUM,0.32592989424181984,0.47633620222014716,0.3158385598720035,0.3791122041503643,0.19470844703736498,0.5045035910112435,0.5713413851841836,0.2375765727118459,0.5709172267918207,14,10,6,4,0.47633620222014716,0.3158385598720035,0.19470844703736498,26.35
MEDIUM,0.41484548128424253,0.6161632417434674,0.3890956323114806,0.49898852724496845,0.18790742882164552,0.4328303385295849,0.4256489543816593,0.33404154634783423,0.5531632831551123,6,10,4,6,0.6161632417434674,0.3890956323114806,0.18790742882164552,35.34
MEDIUM,0.36821261575656394,0.4090438481774863,0.48008747259851053,0.47615386441203805,0.2909054944653306,0.5071409960457856,0.6018426177495999,0.6192424130342937,0.1109347139458342,13,12,7,5,0.4090438481774863,0.48008747259851053,0.2909054944653306,39.04
MEDIUM,0.31127888412847793,0.3482061222914644,0.33020173964219757,0.3028474409898608,0.20262866248157155,0.715117020548003,0.7788920587033784,0.7885606180305672,0.4503483085993124,12,9,7,2,0.3482061222914644,0.33020173964219757,0.20262866248157155,59.11
HIGH,0.7771332929405115,0.6858548175379258,0.8451384102049572,0.9020601883599507,0.4457310751467405,0.777890012499098,0.9547725838143026,0.48764467204312595,0.5374876390094557,14,6,6,0,0.6858548175379258,0.8451384102049572,0.4457310751467405,81.33
LOW,0.28903583309026865,0.38633004225495493,0.23687855050976153,0.3178253140975313,0.09250864328364082,0.13812468867780942,0.18671743553633574,0.10427408531575352,0.026197051464286365,4,9,2,7,0.38633004225495493,0.23687855050976153,0.09250864328364082,12.16
MEDIUM,0.39867879686463126,0.46669465871825744,0.5141090525496583,0.5092070770071548,0.26026163817979603,0.3059827568185612,0.40410067322868565,0.20801366839803873,0.1095980960087104,9,9,4,5,0.46669465871825744,0.5141090525496583,0.26026163817979603,26.46
LOW,0.16347156841850896,0.27389230069811094,0.21224468710625435,0.2261154241430838,0.44523603041176796,0.14600377676017726,0.2393689599788586,0.0,0.011912003864310584,3,9,2,7,0.27389230069811094,0.21224468710625435,0.44523603041176796,4.76
LOW,0.12155646279019842,0.1514616138463567,0.23310532359062233,0.260143554944404,0.25548787333373657,0.08574545223635252,0.08528399951845506,0.0979824688307111,0.07489279379568635,3,9,1,8,0.1514616138463567,0.23310532359062233,0.25548787333373657,0.0
LOW,0.20983784233642247,0.21977253230023047,0.24289689667896752,0.2639333438867886,0.21508207677166913,0.2569452863499362,0.3862564810758563,0.0,0.12595698852211218,4,8,3,5,0.21977253230023047,0.24289689667896752,0.21508207677166913,18.14
MEDIUM,0.3789888773098757,0.5139438776666416,0.26445706530293783,0.4262097923893466,0.1762236336514268,0.39507195414237417,0.4537342069059414,0.3620159005937835,0.2521412494002634,7,3,1,2,0.5139438776666416,0.26445706530293783,0.1762236336514268,44.3
HIGH,0.67603614478387,0.6462049373080038,0.5391189232169326,0.5306530841902913,0.5535884724948003,0.864080902679359,0.9851760562340561,0.7693659029914962,0.5955104417031305,22,10,10,0,0.6462049373080038,0.5391189232169326,0.5535884724948003,79.71
